Port Number,Service Name,Transport Protocol,Description,Source,System Type
0,,"tcp, udp",Reserved,IANA,IT
1,tcpmux,"tcp, udp",TCP Port Service Multiplexer,IANA,IT
4,,"tcp, udp",Unassigned,IANA,IT
5,rje,"tcp, udp",Remote Job Entry,IANA,IT
7,echo,"tcp, udp",Echo,IANA,IT
9,discard,"sctp, tcp, dccp, udp",Discard,IANA,IT
11,systat,"tcp, udp",Active Users,IANA,IT
13,daytime,"tcp, udp",Daytime,IANA,IT
15,,"tcp, udp",Unassigned [was netstat],IANA,IT
17,qotd,"tcp, udp",Quote of the Day,IANA,IT
18,msp,"tcp, udp",Message Send Protocol (historic),IANA,IT
19,chargen,"tcp, udp",Character Generator,IANA,IT
20,ftp-data,"sctp, tcp, udp","File Transfer [Default Data], FTP",IANA,IT
21,ftp,"sctp, tcp, udp","FTP, File Transfer Protocol [Control]",IANA,IT
22,ssh,"sctp, tcp, udp","SSH, The Secure Shell (SSH) Protocol",IANA,IT
23,telnet,"tcp, udp",Telnet,IANA,IT
24,,"tcp, udp",any private mail system,IANA,IT
25,smtp,"tcp, udp",Simple Mail Transfer,IANA,IT
27,nsw-fe,"tcp, udp",NSW User System FE,IANA,IT
29,msg-icp,"tcp, udp",MSG ICP,IANA,IT
31,msg-auth,"tcp, udp",MSG Authentication,IANA,IT
33,dsp,"tcp, udp",Display Support Protocol,IANA,IT
35,,"tcp, udp",any private printer server,IANA,IT
37,time,"tcp, udp",Time,IANA,IT
38,rap,"tcp, udp",Route Access Protocol,IANA,IT
39,rlp,"tcp, udp",Resource Location Protocol,IANA,IT
41,graphics,"tcp, udp",Graphics,IANA,IT
42,"nameserver, name","tcp, udp",Host Name Server,IANA,IT
43,nicname,"tcp, udp",Who Is,IANA,IT
44,mpm-flags,"tcp, udp",MPM FLAGS Protocol,IANA,IT
45,mpm,"tcp, udp",Message Processing Module [recv],IANA,IT
46,mpm-snd,"tcp, udp",MPM [default send],IANA,IT
48,auditd,"tcp, udp",Digital Audit Daemon,IANA,IT
49,tacacs,"tcp, udp",Login Host Protocol (TACACS),IANA,IT
50,re-mail-ck,"tcp, udp",Remote Mail Checking Protocol,IANA,IT
51,,,Reserved,IANA,IT
52,xns-time,"tcp, udp",XNS Time Protocol,IANA,IT
53,domain,"tcp, udp",Domain Name Server,IANA,IT
54,xns-ch,"tcp, udp",XNS Clearinghouse,IANA,IT
55,isi-gl,"tcp, udp",ISI Graphics Language,IANA,IT
56,xns-auth,"tcp, udp",XNS Authentication,IANA,IT
57,,"tcp, udp",any private terminal access,IANA,IT
58,xns-mail,"tcp, udp",XNS Mail,IANA,IT
59,,"tcp, udp",any private file service,IANA,IT
62,acas,"tcp, udp",ACA Services,IANA,IT
63,"whoispp, whois++","tcp, udp","whois++
IANA assigned this well-formed service name as a replacement for ""whois++""., whois++",IANA,IT
64,covia,"tcp, udp",Communications Integrator (CI),IANA,IT
65,tacacs-ds,"tcp, udp",TACACS-Database Service,IANA,IT
66,"sql-net, sql*net","tcp, udp","Oracle SQL*NET, Oracle SQL*NET
IANA assigned this well-formed service name as a replacement for ""sql*net"".",IANA,IT
67,bootps,"tcp, udp",Bootstrap Protocol Server,IANA,IT
68,bootpc,"tcp, udp",Bootstrap Protocol Client,IANA,IT
69,tftp,"tcp, udp",Trivial File Transfer,IANA,IT
70,gopher,"tcp, udp",Gopher,IANA,IT
71,netrjs-1,"tcp, udp",Remote Job Service,IANA,IT
72,netrjs-2,"tcp, udp",Remote Job Service,IANA,IT
73,netrjs-3,"tcp, udp",Remote Job Service,IANA,IT
74,netrjs-4,"tcp, udp",Remote Job Service,IANA,IT
75,,"tcp, udp",any private dial out service,IANA,IT
76,deos,"tcp, udp",Distributed External Object Store,IANA,IT
77,,"tcp, udp",any private RJE service,IANA,IT
78,vettcp,"tcp, udp",vettcp,IANA,IT
79,finger,"tcp, udp",Finger,IANA,IT
80,"www, www-http, http","sctp, tcp, udp","World Wide Web HTTP, HTTP",IANA,IT
81,,,Unassigned,IANA,IT
82,xfer,"tcp, udp",XFER Utility,IANA,IT
83,mit-ml-dev,"tcp, udp",MIT ML Device,IANA,IT
84,ctf,"tcp, udp",Common Trace Facility,IANA,IT
86,mfcobol,"tcp, udp",Micro Focus Cobol,IANA,IT
87,,"tcp, udp",any private terminal link,IANA,IT
88,kerberos,"tcp, udp",Kerberos,IANA,IT
89,su-mit-tg,"tcp, udp",SU/MIT Telnet Gateway,IANA,IT
90,dnsix,"tcp, udp",DNSIX Securit Attribute Token Map,IANA,IT
91,mit-dov,"tcp, udp",MIT Dover Spooler,IANA,IT
92,npp,"tcp, udp",Network Printing Protocol,IANA,IT
93,dcp,"tcp, udp",Device Control Protocol,IANA,IT
94,objcall,"tcp, udp",Tivoli Object Dispatcher,IANA,IT
95,supdup,"tcp, udp",SUPDUP,IANA,IT
96,dixie,"tcp, udp",DIXIE Protocol Specification,IANA,IT
97,swift-rvf,"tcp, udp",Swift Remote Virtural File Protocol,IANA,IT
98,tacnews,"tcp, udp",TAC News,IANA,IT
99,metagram,"tcp, udp",Metagram Relay,IANA,IT
101,hostname,"tcp, udp",NIC Host Name Server,IANA,IT
102,iso-tsap,"tcp, udp",ISO-TSAP Class 0,IANA,ICS
103,gppitnp,"tcp, udp",Genesis Point-to-Point Trans Net,IANA,IT
104,acr-nema,"tcp, udp",ACR-NEMA Digital Imag. & Comm. 300,IANA,IT
105,"csnet-ns, cso","tcp, udp","Mailbox Name Nameserver, CCSO name server protocol",IANA,IT
106,3com-tsmux,"tcp, udp",3COM-TSMUX,IANA,IT
107,rtelnet,"tcp, udp",Remote Telnet Service,IANA,IT
108,snagas,"tcp, udp",SNA Gateway Access Server,IANA,IT
109,pop2,"tcp, udp",Post Office Protocol - Version 2,IANA,IT
110,pop3,"tcp, udp",Post Office Protocol - Version 3,IANA,IT
111,sunrpc,"tcp, udp",SUN Remote Procedure Call,IANA,IT
112,mcidas,"tcp, udp",McIDAS Data Transmission Protocol,IANA,IT
113,"ident, auth","tcp, udp","nan, Authentication Service",IANA,IT
114,,,unassigned,IANA,IT
115,sftp,"tcp, udp",Simple File Transfer Protocol,IANA,IT
116,ansanotify,"tcp, udp",ANSA REX Notify,IANA,IT
117,uucp-path,"tcp, udp",UUCP Path Service,IANA,IT
118,sqlserv,"tcp, udp",SQL Services,IANA,IT
119,nntp,"tcp, udp",Network News Transfer Protocol,IANA,IT
120,cfdptkt,"tcp, udp",CFDPTKT,IANA,IT
121,erpc,"tcp, udp",Encore Expedited Remote Pro.Call,IANA,IT
122,smakynet,"tcp, udp",SMAKYNET,IANA,IT
123,ntp,"tcp, udp",Network Time Protocol,IANA,IT
124,ansatrader,"tcp, udp",ANSA REX Trader,IANA,IT
125,locus-map,"tcp, udp",Locus PC-Interface Net Map Ser,IANA,IT
126,nxedit,"tcp, udp",NXEdit,IANA,IT
127,locus-con,"tcp, udp",Locus PC-Interface Conn Server,IANA,IT
128,gss-xlicen,"tcp, udp",GSS X License Verification,IANA,IT
129,pwdgen,"tcp, udp",Password Generator Protocol,IANA,IT
130,cisco-fna,"tcp, udp",cisco FNATIVE,IANA,IT
131,cisco-tna,"tcp, udp",cisco TNATIVE,IANA,IT
132,cisco-sys,"tcp, udp",cisco SYSMAINT,IANA,IT
133,statsrv,"tcp, udp",Statistics Service,IANA,IT
134,ingres-net,"tcp, udp",INGRES-NET Service,IANA,IT
135,epmap,"tcp, udp",DCE endpoint resolution,IANA,IT
136,profile,"tcp, udp",PROFILE Naming System,IANA,IT
137,netbios-ns,"tcp, udp",NETBIOS Name Service,IANA,IT
138,netbios-dgm,"tcp, udp",NETBIOS Datagram Service,IANA,IT
139,netbios-ssn,"tcp, udp",NETBIOS Session Service,IANA,IT
140,emfis-data,"tcp, udp",EMFIS Data Service,IANA,IT
141,emfis-cntl,"tcp, udp",EMFIS Control Service,IANA,IT
142,bl-idm,"tcp, udp",Britton-Lee IDM,IANA,IT
143,imap,"tcp, udp",Internet Message Access Protocol,IANA,IT
144,uma,"tcp, udp",Universal Management Architecture,IANA,IT
145,uaac,"tcp, udp",UAAC Protocol,IANA,IT
146,iso-tp0,"tcp, udp",ISO-IP0,IANA,IT
147,iso-ip,"tcp, udp",ISO-IP,IANA,IT
148,jargon,"tcp, udp",Jargon,IANA,IT
149,aed-512,"tcp, udp",AED 512 Emulation Service,IANA,IT
150,sql-net,"tcp, udp",SQL-NET,IANA,IT
151,hems,"tcp, udp",HEMS,IANA,IT
152,bftp,"tcp, udp",Background File Transfer Program,IANA,IT
153,sgmp,"tcp, udp",SGMP,IANA,IT
154,netsc-prod,"tcp, udp",NETSC,IANA,IT
155,netsc-dev,"tcp, udp",NETSC,IANA,IT
156,sqlsrv,"tcp, udp",SQL Service,IANA,IT
157,knet-cmp,"tcp, udp",KNET/VM Command/Message Protocol,IANA,IT
158,pcmail-srv,"tcp, udp",PCMail Server,IANA,IT
159,nss-routing,"tcp, udp",NSS-Routing,IANA,IT
160,sgmp-traps,"tcp, udp",SGMP-TRAPS,IANA,IT
161,snmp,"tcp, udp",SNMP,IANA,IT
162,snmptrap,"tcp, udp",SNMPTRAP,IANA,IT
163,cmip-man,"tcp, udp",CMIP/TCP Manager,IANA,IT
164,cmip-agent,"tcp, udp",CMIP/TCP Agent,IANA,IT
165,xns-courier,"tcp, udp",Xerox,IANA,IT
166,s-net,"tcp, udp",Sirius Systems,IANA,IT
167,namp,"tcp, udp",NAMP,IANA,IT
168,rsvd,"tcp, udp",RSVD,IANA,IT
169,send,"tcp, udp",SEND,IANA,IT
170,print-srv,"tcp, udp",Network PostScript,IANA,IT
171,multiplex,"tcp, udp",Network Innovations Multiplex,IANA,IT
172,"cl/1, cl-1","tcp, udp","Network Innovations CL/1
IANA assigned this well-formed service name as a replacement for ""cl/1""., Network Innovations CL/1",IANA,IT
173,xyplex-mux,"tcp, udp",Xyplex,IANA,IT
174,mailq,"tcp, udp",MAILQ,IANA,IT
175,vmnet,"tcp, udp",VMNET,IANA,IT
176,genrad-mux,"tcp, udp",GENRAD-MUX,IANA,IT
177,xdmcp,"tcp, udp",X Display Manager Control Protocol,IANA,IT
178,nextstep,"tcp, udp",NextStep Window Server,IANA,IT
179,bgp,"sctp, tcp, udp","Border Gateway Protocol, BGP",IANA,IT
180,ris,"tcp, udp",Intergraph,IANA,IT
181,unify,"tcp, udp",Unify,IANA,IT
182,audit,"tcp, udp",Unisys Audit SITP,IANA,IT
183,ocbinder,"tcp, udp",OCBinder,IANA,IT
184,ocserver,"tcp, udp",OCServer,IANA,IT
185,remote-kis,"tcp, udp",Remote-KIS,IANA,IT
186,kis,"tcp, udp",KIS Protocol,IANA,IT
187,aci,"tcp, udp",Application Communication Interface,IANA,IT
188,mumps,"tcp, udp",Plus Five's MUMPS,IANA,IT
189,qft,"tcp, udp",Queued File Transport,IANA,IT
190,gacp,"tcp, udp",Gateway Access Control Protocol,IANA,IT
191,prospero,"tcp, udp",Prospero Directory Service,IANA,IT
192,osu-nms,"tcp, udp",OSU Network Monitoring System,IANA,IT
193,srmp,"tcp, udp",Spider Remote Monitoring Protocol,IANA,IT
194,irc,"tcp, udp",Internet Relay Chat Protocol,IANA,IT
195,dn6-nlm-aud,"tcp, udp",DNSIX Network Level Module Audit,IANA,IT
196,dn6-smm-red,"tcp, udp",DNSIX Session Mgt Module Audit Redir,IANA,IT
197,dls,"tcp, udp",Directory Location Service,IANA,IT
198,dls-mon,"tcp, udp",Directory Location Service Monitor,IANA,IT
199,smux,"tcp, udp",SMUX,IANA,IT
200,src,"tcp, udp",IBM System Resource Controller,IANA,IT
201,at-rtmp,"tcp, udp",AppleTalk Routing Maintenance,IANA,IT
202,at-nbp,"tcp, udp",AppleTalk Name Binding,IANA,IT
203,at-3,"tcp, udp",AppleTalk Unused,IANA,IT
204,at-echo,"tcp, udp",AppleTalk Echo,IANA,IT
205,at-5,"tcp, udp",AppleTalk Unused,IANA,IT
206,at-zis,"tcp, udp",AppleTalk Zone Information,IANA,IT
207,at-7,"tcp, udp",AppleTalk Unused,IANA,IT
208,at-8,"tcp, udp",AppleTalk Unused,IANA,IT
209,qmtp,"tcp, udp",The Quick Mail Transfer Protocol,IANA,IT
210,"z39-50, z39.50","tcp, udp","ANSI Z39.50
IANA assigned this well-formed service name as a replacement for ""z39.50""., ANSI Z39.50",IANA,IT
211,"914c-g, 914c/g","tcp, udp","Texas Instruments 914C/G Terminal
IANA assigned this well-formed service name as a replacement for ""914c/g""., Texas Instruments 914C/G Terminal",IANA,IT
212,anet,"tcp, udp",ATEXSSTR,IANA,IT
213,ipx,"tcp, udp",IPX,IANA,IT
214,vmpwscs,"tcp, udp",VM PWSCS,IANA,IT
215,softpc,"tcp, udp",Insignia Solutions,IANA,IT
216,CAIlic,"tcp, udp",Computer Associates Int'l License Server,IANA,IT
217,dbase,"tcp, udp",dBASE Unix,IANA,IT
218,mpp,"tcp, udp",Netix Message Posting Protocol,IANA,IT
219,uarps,"tcp, udp",Unisys ARPs,IANA,IT
220,imap3,"tcp, udp",Interactive Mail Access Protocol v3,IANA,IT
221,fln-spx,"tcp, udp",Berkeley rlogind with SPX auth,IANA,IT
222,rsh-spx,"tcp, udp",Berkeley rshd with SPX auth,IANA,IT
223,cdc,"tcp, udp",Certificate Distribution Center,IANA,IT
224,masqdialer,"tcp, udp",masqdialer,IANA,IT
225,,,Reserved,IANA,IT
226,,,Reserved,IANA,IT
227,,,Reserved,IANA,IT
228,,,Reserved,IANA,IT
229,,,Reserved,IANA,IT
230,,,Reserved,IANA,IT
231,,,Reserved,IANA,IT
232,,,Reserved,IANA,IT
233,,,Reserved,IANA,IT
234,,,Reserved,IANA,IT
235,,,Reserved,IANA,IT
236,,,Reserved,IANA,IT
237,,,Reserved,IANA,IT
238,,,Reserved,IANA,IT
239,,,Reserved,IANA,IT
240,,,Reserved,IANA,IT
241,,,Reserved,IANA,IT
242,direct,"tcp, udp",Direct,IANA,IT
243,sur-meas,"tcp, udp",Survey Measurement,IANA,IT
244,inbusiness,"tcp, udp",inbusiness,IANA,IT
245,link,"tcp, udp",LINK,IANA,IT
246,dsp3270,"tcp, udp",Display Systems Protocol,IANA,IT
247,"subntbcst-tftp, subntbcst_tftp","tcp, udp","SUBNTBCST_TFTP, SUBNTBCST_TFTP
IANA assigned this well-formed service name as a replacement for ""subntbcst_tftp"".",IANA,IT
248,bhfhs,"tcp, udp",bhfhs,IANA,IT
256,rap,"tcp, udp",RAP,IANA,IT
257,set,"tcp, udp",Secure Electronic Transaction,IANA,IT
259,esro-gen,"tcp, udp",Efficient Short Remote Operations,IANA,IT
260,openport,"tcp, udp",Openport,IANA,IT
261,nsiiops,"tcp, udp",IIOP Name Service over TLS/SSL,IANA,IT
262,arcisdms,"tcp, udp",Arcisdms,IANA,IT
263,hdap,"tcp, udp",HDAP,IANA,IT
264,bgmp,"tcp, udp",BGMP,IANA,IT
265,x-bone-ctl,"tcp, udp",X-Bone CTL,IANA,IT
266,sst,"tcp, udp",SCSI on ST,IANA,IT
267,td-service,"tcp, udp",Tobit David Service Layer,IANA,IT
268,td-replica,"tcp, udp",Tobit David Replica,IANA,IT
269,manet,"tcp, udp",MANET Protocols,IANA,IT
270,gist,"tcp, udp",Q-mode encapsulation for GIST messages,IANA,IT
271,pt-tls,"tcp, udp",IETF Network Endpoint Assessment (NEA) Posture Transport Protocol over TLS (PT-TLS),IANA,IT
272,,,Unassigned,IANA,IT
273,,,Unassigned,IANA,IT
274,,,Unassigned,IANA,IT
275,,,Unassigned,IANA,IT
276,,,Unassigned,IANA,IT
277,,,Unassigned,IANA,IT
278,,,Unassigned,IANA,IT
279,,,Unassigned,IANA,IT
280,http-mgmt,"tcp, udp",http-mgmt,IANA,IT
281,personal-link,"tcp, udp",Personal Link,IANA,IT
282,cableport-ax,"tcp, udp",Cable Port A/X,IANA,IT
283,rescap,"tcp, udp",rescap,IANA,IT
284,corerjd,"tcp, udp",corerjd,IANA,IT
286,fxp,"tcp, udp",FXP Communication,IANA,IT
287,k-block,"tcp, udp",K-BLOCK,IANA,IT
308,novastorbakcup,"tcp, udp",Novastor Backup,IANA,IT
309,entrusttime,"tcp, udp",EntrustTime,IANA,IT
310,bhmds,"tcp, udp",bhmds,IANA,IT
311,asip-webadmin,"tcp, udp",AppleShare IP WebAdmin,IANA,IT
312,vslmp,"tcp, udp",VSLMP,IANA,IT
313,magenta-logic,"tcp, udp",Magenta Logic,IANA,IT
314,opalis-robot,"tcp, udp",Opalis Robot,IANA,IT
315,dpsi,"tcp, udp",DPSI,IANA,IT
316,decauth,"tcp, udp",decAuth,IANA,IT
317,zannet,"tcp, udp",Zannet,IANA,IT
318,pkix-timestamp,"tcp, udp",PKIX TimeStamp,IANA,IT
319,ptp-event,"tcp, udp",PTP Event,IANA,IT
320,ptp-general,"tcp, udp",PTP General,IANA,IT
321,pip,"tcp, udp",PIP,IANA,IT
322,rtsps,"tcp, udp",RTSPS,IANA,IT
323,rpki-rtr,"tcp, udp",Resource PKI to Router Protocol,IANA,IT
324,rpki-rtr-tls,"tcp, udp",Resource PKI to Router Protocol over TLS,IANA,IT
333,texar,"tcp, udp",Texar Security Port,IANA,IT
344,pdap,"tcp, udp",Prospero Data Access Protocol,IANA,IT
345,pawserv,"tcp, udp",Perf Analysis Workbench,IANA,IT
346,zserv,"tcp, udp",Zebra server,IANA,IT
347,fatserv,"tcp, udp",Fatmen Server,IANA,IT
348,csi-sgwp,"tcp, udp",Cabletron Management Protocol,IANA,IT
349,mftp,"tcp, udp",mftp,IANA,IT
350,matip-type-a,"tcp, udp",MATIP Type A,IANA,IT
351,"bhoetty, matip-type-b","tcp, udp","MATIP Type B, bhoetty",IANA,IT
352,"bhoedap4, dtag-ste-sb","tcp, udp","DTAG, bhoedap4",IANA,IT
353,ndsauth,"tcp, udp",NDSAUTH,IANA,IT
354,bh611,"tcp, udp",bh611,IANA,IT
355,datex-asn,"tcp, udp",DATEX-ASN,IANA,IT
356,cloanto-net-1,"tcp, udp",Cloanto Net 1,IANA,IT
357,bhevent,"tcp, udp",bhevent,IANA,IT
358,shrinkwrap,"tcp, udp",Shrinkwrap,IANA,IT
360,scoi2odialog,"tcp, udp",scoi2odialog,IANA,IT
361,semantix,"tcp, udp",Semantix,IANA,IT
362,srssend,"tcp, udp",SRS Send,IANA,IT
363,"rsvp-tunnel, rsvp_tunnel","tcp, udp","RSVP Tunnel
IANA assigned this well-formed service name as a replacement for ""rsvp_tunnel""., RSVP Tunnel",IANA,IT
364,aurora-cmgr,"tcp, udp",Aurora CMGR,IANA,IT
365,dtk,"tcp, udp",DTK,IANA,IT
366,odmr,"tcp, udp",ODMR,IANA,IT
367,mortgageware,"tcp, udp",MortgageWare,IANA,IT
368,qbikgdp,"tcp, udp",QbikGDP,IANA,IT
369,rpc2portmap,"tcp, udp",rpc2portmap,IANA,IT
370,codaauth2,"tcp, udp",codaauth2,IANA,IT
371,clearcase,"tcp, udp",Clearcase,IANA,IT
372,ulistproc,"tcp, udp",ListProcessor,IANA,IT
373,legent-1,"tcp, udp",Legent Corporation,IANA,IT
374,legent-2,"tcp, udp",Legent Corporation,IANA,IT
375,hassle,"tcp, udp",Hassle,IANA,IT
376,nip,"tcp, udp",Amiga Envoy Network Inquiry Protocol,IANA,IT
377,tnETOS,"tcp, udp",NEC Corporation,IANA,IT
378,dsETOS,"tcp, udp",NEC Corporation,IANA,IT
379,is99c,"tcp, udp",TIA/EIA/IS-99 modem client,IANA,IT
380,is99s,"tcp, udp",TIA/EIA/IS-99 modem server,IANA,IT
381,hp-collector,"tcp, udp",hp performance data collector,IANA,IT
382,hp-managed-node,"tcp, udp",hp performance data managed node,IANA,IT
383,hp-alarm-mgr,"tcp, udp",hp performance data alarm manager,IANA,IT
384,arns,"tcp, udp",A Remote Network Server System,IANA,IT
385,ibm-app,"tcp, udp",IBM Application,IANA,IT
386,asa,"tcp, udp",ASA Message Router Object Def.,IANA,IT
387,aurp,"tcp, udp",Appletalk Update-Based Routing Pro.,IANA,IT
388,unidata-ldm,"tcp, udp",Unidata LDM,IANA,IT
389,ldap,"tcp, udp",Lightweight Directory Access Protocol,IANA,IT
390,uis,"tcp, udp",UIS,IANA,IT
391,synotics-relay,"tcp, udp",SynOptics SNMP Relay Port,IANA,IT
392,synotics-broker,"tcp, udp",SynOptics Port Broker Port,IANA,IT
393,meta5,"tcp, udp",Meta5,IANA,IT
394,embl-ndt,"tcp, udp",EMBL Nucleic Data Transfer,IANA,IT
395,netcp,"tcp, udp",NetScout Control Protocol,IANA,IT
396,netware-ip,"tcp, udp",Novell Netware over IP,IANA,IT
397,mptn,"tcp, udp",Multi Protocol Trans. Net.,IANA,IT
398,kryptolan,"tcp, udp",Kryptolan,IANA,IT
399,iso-tsap-c2,"tcp, udp","ISO Transport Class 2 Non-Control over UDP, ISO Transport Class 2 Non-Control over TCP",IANA,IT
400,osb-sd,"tcp, udp",Oracle Secure Backup,IANA,IT
401,ups,"tcp, udp",Uninterruptible Power Supply,IANA,IT
402,genie,"tcp, udp",Genie Protocol,IANA,IT
403,decap,"tcp, udp",decap,IANA,IT
404,nced,"tcp, udp",nced,IANA,IT
405,ncld,"tcp, udp",ncld,IANA,IT
406,imsp,"tcp, udp",Interactive Mail Support Protocol,IANA,IT
407,timbuktu,"tcp, udp",Timbuktu,IANA,IT
408,prm-sm,"tcp, udp",Prospero Resource Manager Sys. Man.,IANA,IT
409,prm-nm,"tcp, udp",Prospero Resource Manager Node Man.,IANA,IT
410,decladebug,"tcp, udp",DECLadebug Remote Debug Protocol,IANA,IT
411,rmt,"tcp, udp",Remote MT Protocol,IANA,IT
412,synoptics-trap,"tcp, udp",Trap Convention Port,IANA,IT
413,smsp,"tcp, udp",Storage Management Services Protocol,IANA,IT
414,infoseek,"tcp, udp",InfoSeek,IANA,IT
415,bnet,"tcp, udp",BNet,IANA,IT
416,silverplatter,"tcp, udp",Silverplatter,IANA,IT
417,onmux,"tcp, udp",Onmux,IANA,IT
418,hyper-g,"tcp, udp",Hyper-G,IANA,IT
419,ariel1,"tcp, udp",Ariel 1,IANA,IT
420,smpte,"tcp, udp",SMPTE,IANA,IT
421,ariel2,"tcp, udp",Ariel 2,IANA,IT
422,ariel3,"tcp, udp",Ariel 3,IANA,IT
423,opc-job-start,"tcp, udp",IBM Operations Planning and Control Start,IANA,IT
424,opc-job-track,"tcp, udp",IBM Operations Planning and Control Track,IANA,IT
425,icad-el,"tcp, udp",ICAD,IANA,IT
426,smartsdp,"tcp, udp",smartsdp,IANA,IT
427,svrloc,"tcp, udp",Server Location,IANA,IT
428,"ocs-cmu, ocs_cmu","tcp, udp","OCS_CMU, OCS_CMU
IANA assigned this well-formed service name as a replacement for ""ocs_cmu"".",IANA,IT
429,"ocs_amu, ocs-amu","tcp, udp","OCS_AMU
IANA assigned this well-formed service name as a replacement for ""ocs_amu""., OCS_AMU",IANA,IT
430,utmpsd,"tcp, udp",UTMPSD,IANA,IT
431,utmpcd,"tcp, udp",UTMPCD,IANA,IT
432,iasd,"tcp, udp",IASD,IANA,IT
433,nnsp,"tcp, udp",NNTP for transit servers (NNSP),IANA,IT
434,mobileip-agent,"tcp, udp",MobileIP-Agent,IANA,IT
435,mobilip-mn,"tcp, udp",MobilIP-MN,IANA,IT
436,dna-cml,"tcp, udp",DNA-CML,IANA,IT
437,comscm,"tcp, udp",comscm,IANA,IT
438,dsfgw,"tcp, udp",dsfgw,IANA,IT
439,dasp,"tcp, udp",dasp,IANA,IT
440,sgcp,"tcp, udp",sgcp,IANA,IT
441,decvms-sysmgt,"tcp, udp",decvms-sysmgt,IANA,IT
442,"cvc-hostd, cvc_hostd","tcp, udp","cvc_hostd
IANA assigned this well-formed service name as a replacement for ""cvc_hostd""., cvc_hostd",IANA,IT
443,https,"sctp, tcp, udp","HTTPS, http protocol over TLS/SSL",IANA,IT
444,snpp,"tcp, udp",Simple Network Paging Protocol,IANA,IT
445,microsoft-ds,"tcp, udp",Microsoft-DS,IANA,IT
446,ddm-rdb,"tcp, udp",DDM-Remote Relational Database Access,IANA,IT
447,ddm-dfm,"tcp, udp",DDM-Distributed File Management,IANA,IT
448,ddm-ssl,"tcp, udp",DDM-Remote DB Access Using Secure Sockets,IANA,IT
449,as-servermap,"tcp, udp",AS Server Mapper,IANA,IT
450,tserver,"tcp, udp",Computer Supported Telecomunication Applications,IANA,IT
451,sfs-smp-net,"tcp, udp",Cray Network Semaphore server,IANA,IT
452,sfs-config,"tcp, udp",Cray SFS config server,IANA,IT
453,creativeserver,"tcp, udp",CreativeServer,IANA,IT
454,contentserver,"tcp, udp",ContentServer,IANA,IT
455,creativepartnr,"tcp, udp",CreativePartnr,IANA,IT
456,"macon-tcp, macon-udp","tcp, udp","macon-tcp, macon-udp",IANA,IT
457,scohelp,"tcp, udp",scohelp,IANA,IT
458,appleqtc,"tcp, udp",apple quick time,IANA,IT
459,ampr-rcmd,"tcp, udp",ampr-rcmd,IANA,IT
460,skronk,"tcp, udp",skronk,IANA,IT
461,datasurfsrv,"tcp, udp",DataRampSrv,IANA,IT
462,datasurfsrvsec,"tcp, udp",DataRampSrvSec,IANA,IT
463,alpes,"tcp, udp",alpes,IANA,IT
464,kpasswd,"tcp, udp",kpasswd,IANA,IT
465,"urd, igmpv3lite, submissions","tcp, udp","IGMP over UDP for SSM, URL Rendezvous Directory for SSM, Message Submission over TLS protocol",IANA,IT
466,digital-vrc,"tcp, udp",digital-vrc,IANA,IT
467,mylex-mapd,"tcp, udp",mylex-mapd,IANA,IT
468,photuris,"tcp, udp",proturis,IANA,IT
469,rcp,"tcp, udp",Radio Control Protocol,IANA,IT
470,scx-proxy,"tcp, udp",scx-proxy,IANA,IT
471,mondex,"tcp, udp",Mondex,IANA,IT
472,ljk-login,"tcp, udp",ljk-login,IANA,IT
473,hybrid-pop,"tcp, udp",hybrid-pop,IANA,IT
474,"tn-tl-w2, tn-tl-w1","tcp, udp","tn-tl-w2, tn-tl-w1",IANA,IT
475,tcpnethaspsrv,"tcp, udp",tcpnethaspsrv,IANA,IT
476,tn-tl-fd1,"tcp, udp",tn-tl-fd1,IANA,IT
477,ss7ns,"tcp, udp",ss7ns,IANA,IT
478,spsc,"tcp, udp",spsc,IANA,IT
479,iafserver,"tcp, udp",iafserver,IANA,IT
480,iafdbase,"tcp, udp",iafdbase,IANA,IT
481,ph,"tcp, udp",Ph service,IANA,IT
482,bgs-nsi,"tcp, udp",bgs-nsi,IANA,IT
483,ulpnet,"tcp, udp",ulpnet,IANA,IT
484,integra-sme,"tcp, udp",Integra Software Management Environment,IANA,IT
485,powerburst,"tcp, udp",Air Soft Power Burst,IANA,IT
486,avian,"tcp, udp",avian,IANA,IT
487,saft,"tcp, udp",saft Simple Asynchronous File Transfer,IANA,IT
488,gss-http,"tcp, udp",gss-http,IANA,IT
489,nest-protocol,"tcp, udp",nest-protocol,IANA,IT
490,micom-pfs,"tcp, udp",micom-pfs,IANA,IT
491,go-login,"tcp, udp",go-login,IANA,IT
492,ticf-1,"tcp, udp",Transport Independent Convergence for FNA,IANA,IT
493,ticf-2,"tcp, udp",Transport Independent Convergence for FNA,IANA,IT
494,pov-ray,"tcp, udp",POV-Ray,IANA,IT
495,intecourier,"tcp, udp",intecourier,IANA,IT
496,pim-rp-disc,"tcp, udp",PIM-RP-DISC,IANA,IT
497,retrospect,"tcp, udp",Retrospect backup and restore service,IANA,IT
498,siam,"tcp, udp",siam,IANA,IT
499,iso-ill,"tcp, udp",ISO ILL Protocol,IANA,IT
500,isakmp,"tcp, udp",isakmp,IANA,IT
501,stmf,"tcp, udp",STMF,IANA,IT
502,mbap,"tcp, udp",Modbus Application Protocol,IANA,ICS
503,intrinsa,"tcp, udp",Intrinsa,IANA,IT
504,citadel,"tcp, udp",citadel,IANA,IT
505,mailbox-lm,"tcp, udp",mailbox-lm,IANA,IT
506,ohimsrv,"tcp, udp",ohimsrv,IANA,IT
507,crs,"tcp, udp",crs,IANA,IT
508,xvttp,"tcp, udp",xvttp,IANA,IT
509,snare,"tcp, udp",snare,IANA,IT
510,fcp,"tcp, udp",FirstClass Protocol,IANA,IT
511,passgo,"tcp, udp",PassGo,IANA,IT
512,"comsat, biff, exec","tcp, udp","used by mail system to notify users of new mail received; currently receives messages only from processes on the same machine, nan, remote process execution; authentication performed using passwords and UNIX login names",IANA,IT
513,"who, login","tcp, udp","remote login a la telnet; automatic authentication performed based on priviledged port numbers and distributed data bases which identify ""authentication domains"", maintains data bases showing who's logged in to machines on a local net and the load average of the machine",IANA,IT
514,"shell, syslog","tcp, udp","but automatic authentication is performed as for login server, cmd like exec, nan",IANA,IT
515,printer,"tcp, udp",spooler,IANA,IT
516,videotex,"tcp, udp",videotex,IANA,IT
517,talk,"tcp, udp","like tenex link, doesn't use link protocol (this is actually just a rendezvous port from which a tcp connection is established), but across machine - unfortunately",IANA,IT
518,ntalk,"tcp, udp",,IANA,IT
519,utime,"tcp, udp",unixtime,IANA,IT
520,"efs, router","tcp, udp","local routing process (on site); uses variant of Xerox NS routing information protocol - RIP, extended file name server",IANA,IT
521,ripng,"tcp, udp",ripng,IANA,IT
522,ulp,"tcp, udp",ULP,IANA,IT
523,ibm-db2,"tcp, udp",IBM-DB2,IANA,IT
524,ncp,"tcp, udp",NCP,IANA,IT
525,timed,"tcp, udp",timeserver,IANA,IT
526,tempo,"tcp, udp",newdate,IANA,IT
527,stx,"tcp, udp",Stock IXChange,IANA,IT
528,custix,"tcp, udp",Customer IXChange,IANA,IT
529,irc-serv,"tcp, udp",IRC-SERV,IANA,IT
530,courier,"tcp, udp",rpc,IANA,IT
531,conference,"tcp, udp",chat,IANA,IT
532,netnews,"tcp, udp",readnews,IANA,IT
533,netwall,"tcp, udp",for emergency broadcasts,IANA,IT
534,windream,"tcp, udp",windream Admin,IANA,IT
535,iiop,"tcp, udp",iiop,IANA,IT
536,opalis-rdv,"tcp, udp",opalis-rdv,IANA,IT
537,nmsp,"tcp, udp",Networked Media Streaming Protocol,IANA,IT
538,gdomap,"tcp, udp",gdomap,IANA,IT
539,apertus-ldp,"tcp, udp",Apertus Technologies Load Determination,IANA,IT
540,uucp,"tcp, udp",uucpd,IANA,IT
541,uucp-rlogin,"tcp, udp",uucp-rlogin,IANA,IT
542,commerce,"tcp, udp",commerce,IANA,IT
543,klogin,"tcp, udp",,IANA,IT
544,kshell,"tcp, udp",krcmd,IANA,IT
545,appleqtcsrvr,"tcp, udp",appleqtcsrvr,IANA,IT
546,dhcpv6-client,"tcp, udp",DHCPv6 Client,IANA,IT
547,dhcpv6-server,"tcp, udp",DHCPv6 Server,IANA,IT
548,afpovertcp,"tcp, udp",AFP over TCP,IANA,IT
549,idfp,"tcp, udp",IDFP,IANA,IT
550,new-rwho,"tcp, udp",new-who,IANA,IT
551,cybercash,"tcp, udp",cybercash,IANA,IT
552,devshr-nts,"tcp, udp",DeviceShare,IANA,IT
553,pirp,"tcp, udp",pirp,IANA,IT
554,rtsp,"tcp, udp",Real Time Streaming Protocol (RTSP),IANA,IT
555,dsf,"tcp, udp",,IANA,IT
556,remotefs,"tcp, udp",rfs server,IANA,IT
557,openvms-sysipc,"tcp, udp",openvms-sysipc,IANA,IT
558,sdnskmp,"tcp, udp",SDNSKMP,IANA,IT
559,teedtap,"tcp, udp",TEEDTAP,IANA,IT
560,rmonitor,"tcp, udp",rmonitord,IANA,IT
561,monitor,"tcp, udp",,IANA,IT
562,chshell,"tcp, udp",chcmd,IANA,IT
563,nntps,"tcp, udp",nntp protocol over TLS/SSL (was snntp),IANA,IT
564,9pfs,"tcp, udp",plan 9 file service,IANA,IT
565,whoami,"tcp, udp",whoami,IANA,IT
566,streettalk,"tcp, udp",streettalk,IANA,IT
567,banyan-rpc,"tcp, udp",banyan-rpc,IANA,IT
568,ms-shuttle,"tcp, udp",microsoft shuttle,IANA,IT
569,ms-rome,"tcp, udp",microsoft rome,IANA,IT
570,meter,"tcp, udp",demon,IANA,IT
571,meter,"tcp, udp",udemon,IANA,IT
572,sonar,"tcp, udp",sonar,IANA,IT
573,banyan-vip,"tcp, udp",banyan-vip,IANA,IT
574,ftp-agent,"tcp, udp",FTP Software Agent System,IANA,IT
575,vemmi,"tcp, udp",VEMMI,IANA,IT
576,ipcd,"tcp, udp",ipcd,IANA,IT
577,vnas,"tcp, udp",vnas,IANA,IT
578,ipdd,"tcp, udp",ipdd,IANA,IT
579,decbsrv,"tcp, udp",decbsrv,IANA,IT
580,sntp-heartbeat,"tcp, udp",SNTP HEARTBEAT,IANA,IT
581,bdp,"tcp, udp",Bundle Discovery Protocol,IANA,IT
582,scc-security,"tcp, udp",SCC Security,IANA,IT
583,philips-vc,"tcp, udp",Philips Video-Conferencing,IANA,IT
584,keyserver,"tcp, udp",Key Server,IANA,IT
585,,,De-registered,IANA,IT
586,password-chg,"tcp, udp",Password Change,IANA,IT
587,submission,"tcp, udp",Message Submission,IANA,IT
588,cal,"tcp, udp",CAL,IANA,IT
589,eyelink,"tcp, udp",EyeLink,IANA,IT
590,tns-cml,"tcp, udp",TNS CML,IANA,IT
591,http-alt,"tcp, udp","FileMaker, Inc. - HTTP Alternate (see Port 80)",IANA,IT
592,eudora-set,"tcp, udp",Eudora Set,IANA,IT
593,http-rpc-epmap,"tcp, udp",HTTP RPC Ep Map,IANA,IT
594,tpip,"tcp, udp",TPIP,IANA,IT
595,cab-protocol,"tcp, udp",CAB Protocol,IANA,IT
596,smsd,"tcp, udp",SMSD,IANA,IT
597,ptcnameservice,"tcp, udp",PTC Name Service,IANA,IT
598,sco-websrvrmg3,"tcp, udp",SCO Web Server Manager 3,IANA,IT
599,acp,"tcp, udp",Aeolon Core Protocol,IANA,IT
600,ipcserver,"tcp, udp",Sun IPC server,IANA,IT
601,syslog-conn,"tcp, udp",Reliable Syslog Service,IANA,IT
602,xmlrpc-beep,"tcp, udp",XML-RPC over BEEP,IANA,IT
603,idxp,"tcp, udp",IDXP,IANA,IT
604,tunnel,"tcp, udp",TUNNEL,IANA,IT
605,soap-beep,"tcp, udp",SOAP over BEEP,IANA,IT
606,urm,"tcp, udp",Cray Unified Resource Manager,IANA,IT
607,nqs,"tcp, udp",nqs,IANA,IT
608,sift-uft,"tcp, udp",Sender-Initiated/Unsolicited File Transfer,IANA,IT
609,npmp-trap,"tcp, udp",npmp-trap,IANA,IT
610,npmp-local,"tcp, udp",npmp-local,IANA,IT
611,npmp-gui,"tcp, udp",npmp-gui,IANA,IT
612,hmmp-ind,"tcp, udp",HMMP Indication,IANA,IT
613,hmmp-op,"tcp, udp",HMMP Operation,IANA,IT
614,sshell,"tcp, udp",SSLshell,IANA,IT
615,sco-inetmgr,"tcp, udp",Internet Configuration Manager,IANA,IT
616,sco-sysmgr,"tcp, udp",SCO System Administration Server,IANA,IT
617,sco-dtmgr,"tcp, udp",SCO Desktop Administration Server,IANA,IT
618,dei-icda,"tcp, udp",DEI-ICDA,IANA,IT
619,compaq-evm,"tcp, udp",Compaq EVM,IANA,IT
620,sco-websrvrmgr,"tcp, udp",SCO WebServer Manager,IANA,IT
621,escp-ip,"tcp, udp",ESCP,IANA,IT
622,collaborator,"tcp, udp",Collaborator,IANA,IT
623,"oob-ws-http, asf-rmcp","tcp, udp","ASF Remote Management and Control Protocol, DMTF out-of-band web services management protocol",IANA,IT
624,cryptoadmin,"tcp, udp",Crypto Admin,IANA,IT
625,"dec_dlm, dec-dlm","tcp, udp","DEC DLM
IANA assigned this well-formed service name as a replacement for ""dec_dlm""., DEC DLM",IANA,IT
626,asia,"tcp, udp",ASIA,IANA,IT
627,passgo-tivoli,"tcp, udp",PassGo Tivoli,IANA,IT
628,qmqp,"tcp, udp",QMQP,IANA,IT
629,3com-amp3,"tcp, udp",3Com AMP3,IANA,IT
630,rda,"tcp, udp",RDA,IANA,IT
631,"ipps, ipp","tcp, udp","IPP (Internet Printing Protocol), Internet Printing Protocol over HTTPS",IANA,IT
632,bmpp,"tcp, udp",bmpp,IANA,IT
633,servstat,"tcp, udp",Service Status update (Sterling Software),IANA,IT
634,ginad,"tcp, udp",ginad,IANA,IT
635,rlzdbase,"tcp, udp",RLZ DBase,IANA,IT
636,ldaps,"tcp, udp",ldap protocol over TLS/SSL (was sldap),IANA,IT
637,lanserver,"tcp, udp",lanserver,IANA,IT
638,mcns-sec,"tcp, udp",mcns-sec,IANA,IT
639,msdp,"tcp, udp",MSDP,IANA,IT
640,entrust-sps,"tcp, udp",entrust-sps,IANA,IT
641,repcmd,"tcp, udp",repcmd,IANA,IT
642,esro-emsdp,"tcp, udp",ESRO-EMSDP V1.3,IANA,IT
643,sanity,"tcp, udp",SANity,IANA,IT
644,dwr,"tcp, udp",dwr,IANA,IT
645,pssc,"tcp, udp",PSSC,IANA,IT
646,ldp,"tcp, udp",LDP,IANA,IT
647,dhcp-failover,"tcp, udp",DHCP Failover,IANA,IT
648,rrp,"tcp, udp",Registry Registrar Protocol (RRP),IANA,IT
649,cadview-3d,"tcp, udp",Cadview-3d - streaming 3d models over the internet,IANA,IT
650,obex,"tcp, udp",OBEX,IANA,IT
651,ieee-mms,"tcp, udp",IEEE MMS,IANA,IT
652,hello-port,"tcp, udp",HELLO_PORT,IANA,IT
653,repscmd,"tcp, udp",RepCmd,IANA,IT
654,aodv,"tcp, udp",AODV,IANA,IT
655,tinc,"tcp, udp",TINC,IANA,IT
656,spmp,"tcp, udp",SPMP,IANA,IT
657,rmc,"tcp, udp",RMC,IANA,IT
658,tenfold,"tcp, udp",TenFold,IANA,IT
659,,,Removed,IANA,IT
660,mac-srvr-admin,"tcp, udp",MacOS Server Admin,IANA,IT
661,hap,"tcp, udp",HAP,IANA,IT
662,pftp,"tcp, udp",PFTP,IANA,IT
663,purenoise,"tcp, udp",PureNoise,IANA,IT
664,"oob-ws-https, asf-secure-rmcp","tcp, udp","DMTF out-of-band secure web services management protocol, ASF Secure Remote Management and Control Protocol",IANA,IT
665,sun-dr,"tcp, udp",Sun DR,IANA,IT
666,"doom, mdqs","tcp, udp","doom Id Software, nan",IANA,IT
667,disclose,"tcp, udp",campaign contribution disclosures - SDR Technologies,IANA,IT
668,mecomm,"tcp, udp",MeComm,IANA,IT
669,meregister,"tcp, udp",MeRegister,IANA,IT
670,vacdsm-sws,"tcp, udp",VACDSM-SWS,IANA,IT
671,vacdsm-app,"tcp, udp",VACDSM-APP,IANA,IT
672,vpps-qua,"tcp, udp",VPPS-QUA,IANA,IT
673,cimplex,"tcp, udp",CIMPLEX,IANA,IT
674,acap,"tcp, udp",ACAP,IANA,IT
675,dctp,"tcp, udp",DCTP,IANA,IT
676,vpps-via,"tcp, udp",VPPS Via,IANA,IT
677,vpp,"tcp, udp",Virtual Presence Protocol,IANA,IT
678,ggf-ncp,"tcp, udp",GNU Generation Foundation NCP,IANA,IT
679,mrm,"tcp, udp",MRM,IANA,IT
680,entrust-aaas,"tcp, udp",entrust-aaas,IANA,IT
681,entrust-aams,"tcp, udp",entrust-aams,IANA,IT
682,xfr,"tcp, udp",XFR,IANA,IT
683,corba-iiop,"tcp, udp",CORBA IIOP,IANA,IT
684,corba-iiop-ssl,"tcp, udp",CORBA IIOP SSL,IANA,IT
685,mdc-portmapper,"tcp, udp",MDC Port Mapper,IANA,IT
686,hcp-wismar,"tcp, udp",Hardware Control Protocol Wismar,IANA,IT
687,asipregistry,"tcp, udp",asipregistry,IANA,IT
688,realm-rusd,"tcp, udp",ApplianceWare managment protocol,IANA,IT
689,nmap,"tcp, udp",NMAP,IANA,IT
690,vatp,"tcp, udp",Velneo Application Transfer Protocol,IANA,IT
691,msexch-routing,"tcp, udp",MS Exchange Routing,IANA,IT
692,hyperwave-isp,"tcp, udp",Hyperwave-ISP,IANA,IT
693,connendp,"tcp, udp",almanid Connection Endpoint,IANA,IT
694,ha-cluster,"tcp, udp",ha-cluster,IANA,IT
695,ieee-mms-ssl,"tcp, udp",IEEE-MMS-SSL,IANA,IT
696,rushd,"tcp, udp",RUSHD,IANA,IT
697,uuidgen,"tcp, udp",UUIDGEN,IANA,IT
698,olsr,"tcp, udp",OLSR,IANA,IT
699,accessnetwork,"tcp, udp",Access Network,IANA,IT
700,epp,"tcp, udp",Extensible Provisioning Protocol,IANA,IT
701,lmp,"tcp, udp",Link Management Protocol (LMP),IANA,IT
702,iris-beep,"tcp, udp",IRIS over BEEP,IANA,IT
704,elcsd,"tcp, udp",errlog copy/server daemon,IANA,IT
705,agentx,"tcp, udp",AgentX,IANA,IT
706,silc,"tcp, udp",SILC,IANA,IT
707,borland-dsj,"tcp, udp",Borland DSJ,IANA,IT
709,entrust-kmsh,"tcp, udp",Entrust Key Management Service Handler,IANA,IT
710,entrust-ash,"tcp, udp",Entrust Administration Service Handler,IANA,IT
711,cisco-tdp,"tcp, udp",Cisco TDP,IANA,IT
712,tbrpf,"tcp, udp",TBRPF,IANA,IT
713,iris-xpc,"tcp, udp",IRIS over XPC,IANA,IT
714,iris-xpcs,"tcp, udp",IRIS over XPCS,IANA,IT
715,iris-lwz,"tcp, udp",IRIS-LWZ,IANA,IT
716,pana,udp,PANA Messages,IANA,IT
729,netviewdm1,"tcp, udp",IBM NetView DM/6000 Server/Client,IANA,IT
730,netviewdm2,"tcp, udp",IBM NetView DM/6000 send/tcp,IANA,IT
731,netviewdm3,"tcp, udp",IBM NetView DM/6000 receive/tcp,IANA,IT
741,netgw,"tcp, udp",netGW,IANA,IT
742,netrcs,"tcp, udp",Network based Rev. Cont. Sys.,IANA,IT
744,flexlm,"tcp, udp",Flexible License Manager,IANA,IT
747,fujitsu-dev,"tcp, udp",Fujitsu Device Control,IANA,IT
748,ris-cm,"tcp, udp",Russell Info Sci Calendar Manager,IANA,IT
749,kerberos-adm,"tcp, udp",kerberos administration,IANA,IT
750,"kerberos-iv, rfile, loadav","tcp, udp","kerberos version iv, nan",IANA,IT
751,pump,"tcp, udp",,IANA,IT
752,qrh,"tcp, udp",,IANA,IT
753,rrh,"tcp, udp",,IANA,IT
754,tell,"tcp, udp",send,IANA,IT
758,nlogin,"tcp, udp",,IANA,IT
759,con,"tcp, udp",,IANA,IT
760,ns,"tcp, udp",,IANA,IT
761,rxe,"tcp, udp",,IANA,IT
762,quotad,"tcp, udp",,IANA,IT
763,cycleserv,"tcp, udp",,IANA,IT
764,omserv,"tcp, udp",,IANA,IT
765,webster,"tcp, udp",,IANA,IT
767,phonebook,"tcp, udp",phone,IANA,IT
769,vid,"tcp, udp",,IANA,IT
770,cadlock,"tcp, udp",,IANA,IT
771,rtip,"tcp, udp",,IANA,IT
772,cycleserv2,"tcp, udp",,IANA,IT
773,"submit, notify","tcp, udp",,IANA,IT
774,"rpasswd, acmaint_dbd, acmaint-dbd","tcp, udp","nan, IANA assigned this well-formed service name as a replacement for ""acmaint_dbd"".",IANA,IT
775,"entomb, acmaint_transd, acmaint-transd","tcp, udp","IANA assigned this well-formed service name as a replacement for ""acmaint_transd""., nan",IANA,IT
776,wpages,"tcp, udp",,IANA,IT
777,multiling-http,"tcp, udp",Multiling HTTP,IANA,IT
780,wpgs,"tcp, udp",,IANA,IT
788,,,Unassigned,IANA,IT
789,,,Unassigned,IANA,IT
790,,,Unassigned,IANA,IT
791,,,Unassigned,IANA,IT
792,,,Unassigned,IANA,IT
793,,,Unassigned,IANA,IT
794,,,Unassigned,IANA,IT
795,,,Unassigned,IANA,IT
796,,,Unassigned,IANA,IT
797,,,Unassigned,IANA,IT
798,,,Unassigned,IANA,IT
799,,,Unassigned,IANA,IT
800,"mdbs_daemon, mdbs-daemon","tcp, udp","IANA assigned this well-formed service name as a replacement for ""mdbs_daemon""., nan",IANA,IT
801,device,"tcp, udp",,IANA,IT
802,mbap-s,"tcp, udp",Modbus Application Protocol Secure,IANA,IT
810,fcp-udp,"tcp, udp","FCP, FCP Datagram",IANA,IT
828,itm-mcell-s,"tcp, udp",itm-mcell-s,IANA,IT
829,pkix-3-ca-ra,"tcp, udp",PKIX-3 CA/RA,IANA,IT
830,netconf-ssh,"tcp, udp",NETCONF over SSH,IANA,IT
831,netconf-beep,"tcp, udp",NETCONF over BEEP,IANA,IT
832,netconfsoaphttp,"tcp, udp",NETCONF for SOAP over HTTPS,IANA,IT
833,netconfsoapbeep,"tcp, udp",NETCONF for SOAP over BEEP,IANA,IT
847,dhcp-failover2,"tcp, udp",dhcp-failover 2,IANA,IT
848,gdoi,"tcp, udp",GDOI,IANA,IT
853,domain-s,"tcp, udp","DNS query-response protocol run over TLS, DNS query-response protocol run over DTLS or QUIC",IANA,IT
854,dlep,"tcp, udp",Dynamic Link Exchange Protocol (DLEP),IANA,IT
860,iscsi,"tcp, udp",iSCSI,IANA,IT
861,"owamp-test, owamp-control","tcp, udp","OWAMP-Control, OWAMP-Test",IANA,IT
862,"twamp-test, twamp-control","tcp, udp","TWAMP-Test Receiver Port, TWAMP-Control",IANA,IT
873,rsync,"tcp, udp",rsync,IANA,IT
886,iclcnet-locate,"tcp, udp",ICL coNETion locate server,IANA,IT
887,"iclcnet-svinfo, iclcnet_svinfo","tcp, udp","ICL coNETion server info
IANA assigned this well-formed service name as a replacement for ""iclcnet_svinfo""., ICL coNETion server info",IANA,IT
888,"cddbp, accessbuilder","tcp, udp","CD Database Protocol, AccessBuilder",IANA,IT
900,omginitialrefs,"tcp, udp",OMG Initial Refs,IANA,IT
901,smpnameres,"tcp, udp",SMPNAMERES,IANA,IT
902,ideafarm-door,"tcp, udp","self documenting Telnet Door, self documenting Door: send 0x00 for info",IANA,IT
903,ideafarm-panic,"tcp, udp","self documenting Panic Door: send 0x00 for info, self documenting Telnet Panic Door",IANA,IT
910,kink,"tcp, udp",Kerberized Internet Negotiation of Keys (KINK),IANA,IT
911,xact-backup,"tcp, udp",xact-backup,IANA,IT
912,apex-mesh,"tcp, udp",APEX relay-relay service,IANA,IT
913,apex-edge,"tcp, udp",APEX endpoint-relay service,IANA,IT
914,rift-lies,"tcp, udp",Routing in Fat Trees Link Information Element,IANA,IT
915,rift-ties,"tcp, udp",Routing in Fat Trees Topology Information Element,IANA,IT
953,rndc,"tcp, udp",BIND9 remote name daemon controller,IANA,IT
989,ftps-data,"tcp, udp","ftp protocol, over TLS/SSL, data",IANA,IT
990,ftps,"tcp, udp","ftp protocol, control, over TLS/SSL",IANA,IT
991,nas,"tcp, udp",Netnews Administration System,IANA,IT
992,telnets,"tcp, udp",telnet protocol over TLS/SSL,IANA,IT
993,imaps,"tcp, udp",IMAP over TLS protocol,IANA,IT
995,pop3s,"tcp, udp","POP3 over TLS protocol, pop3 protocol over TLS/SSL (was spop3)",IANA,IT
996,vsinet,"tcp, udp",vsinet,IANA,IT
997,maitrd,"tcp, udp",,IANA,IT
998,"puparp, busboy","tcp, udp",,IANA,IT
999,"garcon, applix, puprouter","tcp, udp","nan, Applix ac",IANA,IT
1000,cadlock2,"tcp, udp",,IANA,IT
1001,webpush,"tcp, udp",HTTP Web Push,IANA,IT
1008,,udp,Possibly used by Sun Solaris????,IANA,IT
1010,surf,"tcp, udp",surf,IANA,IT
1011,,,Reserved,IANA,IT
1012,,,Reserved,IANA,IT
1013,,,Reserved,IANA,IT
1014,,,Reserved,IANA,IT
1015,,,Reserved,IANA,IT
1016,,,Reserved,IANA,IT
1017,,,Reserved,IANA,IT
1018,,,Reserved,IANA,IT
1019,,,Reserved,IANA,IT
1020,,,Reserved,IANA,IT
1021,exp1,"sctp, tcp, dccp, udp",RFC3692-style Experiment 1,IANA,IT
1022,exp2,"sctp, tcp, dccp, udp",RFC3692-style Experiment 2,IANA,IT
1025,blackjack,"tcp, udp",network blackjack,IANA,IT
1026,cap,"tcp, udp",Calendar Access Protocol,IANA,IT
1027,"nan, 6a44","tcp, udp","Reserved, IPv6 Behind NAT44 CPEs",IANA,IT
1028,,,Deprecated,IANA,IT
1029,solid-mux,"tcp, udp",Solid Mux Server,IANA,IT
1033,netinfo-local,"tcp, udp",local netinfo port,IANA,IT
1034,activesync,"tcp, udp",ActiveSync Notifications,IANA,IT
1035,mxxrlogin,"tcp, udp",MX-XR RPC,IANA,IT
1036,nsstp,"tcp, udp",Nebula Secure Segment Transfer Protocol,IANA,IT
1037,ams,"tcp, udp",AMS,IANA,IT
1038,mtqp,"tcp, udp",Message Tracking Query Protocol,IANA,IT
1039,sbl,"tcp, udp",Streamlined Blackhole,IANA,IT
1040,netarx,"tcp, udp",Netarx Netcare,IANA,IT
1041,danf-ak2,"tcp, udp",AK2 Product,IANA,IT
1042,afrog,"tcp, udp",Subnet Roaming,IANA,IT
1043,boinc-client,"tcp, udp",BOINC Client Control,IANA,IT
1044,dcutility,"tcp, udp",Dev Consortium Utility,IANA,IT
1045,fpitp,"tcp, udp",Fingerprint Image Transfer Protocol,IANA,IT
1046,wfremotertm,"tcp, udp",WebFilter Remote Monitor,IANA,IT
1047,neod1,"tcp, udp",Sun's NEO Object Request Broker,IANA,IT
1048,neod2,"tcp, udp",Sun's NEO Object Request Broker,IANA,IT
1049,td-postman,"tcp, udp",Tobit David Postman VPMN,IANA,IT
1050,cma,"tcp, udp",CORBA Management Agent,IANA,IT
1051,optima-vnet,"tcp, udp",Optima VNET,IANA,IT
1052,ddt,"tcp, udp",Dynamic DNS Tools,IANA,IT
1053,remote-as,"tcp, udp",Remote Assistant (RA),IANA,IT
1054,brvread,"tcp, udp",BRVREAD,IANA,IT
1055,ansyslmd,"tcp, udp",ANSYS - License Manager,IANA,IT
1056,vfo,"tcp, udp",VFO,IANA,IT
1057,startron,"tcp, udp",STARTRON,IANA,IT
1058,nim,"tcp, udp",nim,IANA,IT
1059,nimreg,"tcp, udp",nimreg,IANA,IT
1060,polestar,"tcp, udp",POLESTAR,IANA,IT
1061,kiosk,"tcp, udp",KIOSK,IANA,IT
1062,veracity,"tcp, udp",Veracity,IANA,IT
1063,kyoceranetdev,"tcp, udp",KyoceraNetDev,IANA,IT
1064,jstel,"tcp, udp",JSTEL,IANA,IT
1065,syscomlan,"tcp, udp",SYSCOMLAN,IANA,IT
1066,fpo-fns,"tcp, udp",FPO-FNS,IANA,IT
1067,"instl-boots, instl_boots","tcp, udp","Installation Bootstrap Proto. Serv., Installation Bootstrap Proto. Serv.
IANA assigned this well-formed service name as a replacement for ""instl_boots"".",IANA,IT
1068,"instl_bootc, instl-bootc","tcp, udp","Installation Bootstrap Proto. Cli.
IANA assigned this well-formed service name as a replacement for ""instl_bootc""., Installation Bootstrap Proto. Cli.",IANA,IT
1069,cognex-insight,"tcp, udp",COGNEX-INSIGHT,IANA,IT
1070,gmrupdateserv,"tcp, udp",GMRUpdateSERV,IANA,IT
1071,bsquare-voip,"tcp, udp",BSQUARE-VOIP,IANA,IT
1072,cardax,"tcp, udp",CARDAX,IANA,IT
1073,bridgecontrol,"tcp, udp",Bridge Control,IANA,IT
1074,warmspotMgmt,"tcp, udp",Warmspot Management Protocol,IANA,IT
1075,rdrmshc,"tcp, udp",RDRMSHC,IANA,IT
1076,dab-sti-c,"tcp, udp",DAB STI-C,IANA,IT
1077,imgames,"tcp, udp",IMGames,IANA,IT
1078,avocent-proxy,"tcp, udp",Avocent Proxy Protocol,IANA,IT
1079,asprovatalk,"tcp, udp",ASPROVATalk,IANA,IT
1080,socks,"tcp, udp",Socks,IANA,IT
1081,pvuniwien,"tcp, udp",PVUNIWIEN,IANA,IT
1082,amt-esd-prot,"tcp, udp",AMT-ESD-PROT,IANA,IT
1083,ansoft-lm-1,"tcp, udp",Anasoft License Manager,IANA,IT
1084,ansoft-lm-2,"tcp, udp",Anasoft License Manager,IANA,IT
1085,webobjects,"tcp, udp",Web Objects,IANA,IT
1086,cplscrambler-lg,"tcp, udp",CPL Scrambler Logging,IANA,IT
1087,cplscrambler-in,"tcp, udp",CPL Scrambler Internal,IANA,IT
1088,cplscrambler-al,"tcp, udp",CPL Scrambler Alarm Log,IANA,IT
1089,ff-annunc,"tcp, udp",Foundation Fieldbus HSE,https://github.com/ITI/ICS-Security-Tools/tree/master/protocols,ICS
1090,ff-fms,"tcp, udp",Foundation Fieldbus HSE,https://github.com/ITI/ICS-Security-Tools/tree/master/protocols,ICS
1091,ff-sm,"tcp, udp",Foundation Fieldbus HSE,https://github.com/ITI/ICS-Security-Tools/tree/master/protocols,ICS
1092,obrpd,"tcp, udp",Open Business Reporting Protocol,IANA,IT
1093,proofd,"tcp, udp",PROOFD,IANA,IT
1094,rootd,"tcp, udp",ROOTD,IANA,IT
1095,nicelink,"tcp, udp",NICELink,IANA,IT
1096,cnrprotocol,"tcp, udp",Common Name Resolution Protocol,IANA,IT
1097,sunclustermgr,"tcp, udp",Sun Cluster Manager,IANA,IT
1098,rmiactivation,"tcp, udp",RMI Activation,IANA,IT
1099,rmiregistry,"tcp, udp",RMI Registry,IANA,IT
1100,mctp,"tcp, udp",MCTP,IANA,IT
1101,pt2-discover,"tcp, udp",PT2-DISCOVER,IANA,IT
1102,adobeserver-1,"tcp, udp",ADOBE SERVER 1,IANA,IT
1103,adobeserver-2,"tcp, udp",ADOBE SERVER 2,IANA,IT
1104,xrl,"tcp, udp",XRL,IANA,IT
1105,ftranhc,"tcp, udp",FTRANHC,IANA,IT
1106,isoipsigport-1,"tcp, udp",ISOIPSIGPORT-1,IANA,IT
1107,isoipsigport-2,"tcp, udp",ISOIPSIGPORT-2,IANA,IT
1108,ratio-adp,"tcp, udp",ratio-adp,IANA,IT
1109,,,Reserved - IANA,IANA,IT
1110,"nfsd-keepalive, webadmstart","tcp, udp","Start web admin server, Client status info",IANA,IT
1111,lmsocialserver,"tcp, udp",LM Social Server,IANA,IT
1112,icp,"tcp, udp",Intelligent Communication Protocol,IANA,IT
1113,ltp-deepspace,"tcp, dccp, udp",Licklider Transmission Protocol,IANA,IT
1114,mini-sql,"tcp, udp",Mini SQL,IANA,IT
1115,ardus-trns,"tcp, udp",ARDUS Transfer,IANA,IT
1116,ardus-cntl,"tcp, udp",ARDUS Control,IANA,IT
1117,ardus-mtrns,"tcp, udp",ARDUS Multicast Transfer,IANA,IT
1118,sacred,"tcp, udp",SACRED,IANA,IT
1119,bnetgame,"tcp, udp",Battle.net Chat/Game Protocol,IANA,IT
1120,bnetfile,"tcp, udp",Battle.net File Transfer Protocol,IANA,IT
1121,rmpp,"tcp, udp",Datalode RMPP,IANA,IT
1122,availant-mgr,"tcp, udp",availant-mgr,IANA,IT
1123,murray,"tcp, udp",Murray,IANA,IT
1124,hpvmmcontrol,"tcp, udp",HP VMM Control,IANA,IT
1125,hpvmmagent,"tcp, udp",HP VMM Agent,IANA,IT
1126,hpvmmdata,"tcp, udp",HP VMM Agent,IANA,IT
1127,kwdb-commn,"tcp, udp",KWDB Remote Communication,IANA,IT
1128,saphostctrl,"tcp, udp",SAPHostControl over SOAP/HTTP,IANA,IT
1129,saphostctrls,"tcp, udp",SAPHostControl over SOAP/HTTPS,IANA,IT
1130,casp,"tcp, udp",CAC App Service Protocol,IANA,IT
1131,caspssl,"tcp, udp",CAC App Service Protocol Encripted,IANA,IT
1132,kvm-via-ip,"tcp, udp",KVM-via-IP Management Service,IANA,IT
1133,dfn,"tcp, udp",Data Flow Network,IANA,IT
1134,aplx,"tcp, udp",MicroAPL APLX,IANA,IT
1135,omnivision,"tcp, udp",OmniVision Communication Service,IANA,IT
1136,hhb-gateway,"tcp, udp",HHB Gateway Control,IANA,IT
1137,trim,"tcp, udp",TRIM Workgroup Service,IANA,IT
1138,"encrypted_admin, encrypted-admin","tcp, udp","encrypted admin requests, encrypted admin requests
IANA assigned this well-formed service name as a replacement for ""encrypted_admin"".",IANA,IT
1139,evm,"tcp, udp",Enterprise Virtual Manager,IANA,IT
1140,autonoc,"tcp, udp",AutoNOC Network Operations Protocol,IANA,IT
1141,mxomss,"tcp, udp",User Message Service,IANA,IT
1142,edtools,"tcp, udp",User Discovery Service,IANA,IT
1143,imyx,"tcp, udp",Infomatryx Exchange,IANA,IT
1144,fuscript,"tcp, udp",Fusion Script,IANA,IT
1145,x9-icue,"tcp, udp",X9 iCue Show Control,IANA,IT
1146,audit-transfer,"tcp, udp",audit transfer,IANA,IT
1147,capioverlan,"tcp, udp",CAPIoverLAN,IANA,IT
1148,elfiq-repl,"tcp, udp",Elfiq Replication Service,IANA,IT
1149,bvtsonar,"tcp, udp",BlueView Sonar Service,IANA,IT
1150,blaze,"tcp, udp",Blaze File Server,IANA,IT
1151,unizensus,"tcp, udp",Unizensus Login Server,IANA,IT
1152,winpoplanmess,"tcp, udp",Winpopup LAN Messenger,IANA,IT
1153,c1222-acse,"tcp, udp",ANSI C12.22 Port,IANA,IT
1154,resacommunity,"tcp, udp",Community Service,IANA,IT
1155,nfa,"tcp, udp",Network File Access,IANA,IT
1156,iascontrol-oms,"tcp, udp",iasControl OMS,IANA,IT
1157,iascontrol,"tcp, udp",Oracle iASControl,IANA,IT
1158,dbcontrol-oms,"tcp, udp",dbControl OMS,IANA,IT
1159,oracle-oms,"tcp, udp",Oracle OMS,IANA,IT
1160,olsv,"tcp, udp",DB Lite Mult-User Server,IANA,IT
1161,health-polling,"tcp, udp",Health Polling,IANA,IT
1162,health-trap,"tcp, udp",Health Trap,IANA,IT
1163,sddp,"tcp, udp",SmartDialer Data Protocol,IANA,IT
1164,qsm-proxy,"tcp, udp",QSM Proxy Service,IANA,IT
1165,qsm-gui,"tcp, udp",QSM GUI Service,IANA,IT
1166,qsm-remote,"tcp, udp",QSM RemoteExec,IANA,IT
1167,cisco-ipsla,"sctp, tcp, udp",Cisco IP SLAs Control Protocol,IANA,IT
1168,vchat,"tcp, udp",VChat Conference Service,IANA,IT
1169,tripwire,"tcp, udp",TRIPWIRE,IANA,IT
1170,atc-lm,"tcp, udp",AT+C License Manager,IANA,IT
1171,atc-appserver,"tcp, udp",AT+C FmiApplicationServer,IANA,IT
1172,dnap,"tcp, udp",DNA Protocol,IANA,IT
1173,d-cinema-rrp,"tcp, udp",D-Cinema Request-Response,IANA,IT
1174,fnet-remote-ui,"tcp, udp",FlashNet Remote Admin,IANA,IT
1175,dossier,"tcp, udp",Dossier Server,IANA,IT
1176,indigo-server,"tcp, udp",Indigo Home Server,IANA,IT
1177,dkmessenger,"tcp, udp",DKMessenger Protocol,IANA,IT
1178,sgi-storman,"tcp, udp",SGI Storage Manager,IANA,IT
1179,b2n,"tcp, udp",Backup To Neighbor,IANA,IT
1180,mc-client,"tcp, udp",Millicent Client Proxy,IANA,IT
1181,3comnetman,"tcp, udp",3Com Net Management,IANA,IT
1182,"accelenet-data, accelenet","tcp, udp","AcceleNet Control, AcceleNet Data",IANA,IT
1183,llsurfup-http,"tcp, udp",LL Surfup HTTP,IANA,IT
1184,llsurfup-https,"tcp, udp",LL Surfup HTTPS,IANA,IT
1185,catchpole,"tcp, udp",Catchpole port,IANA,IT
1186,mysql-cluster,"tcp, udp",MySQL Cluster Manager,IANA,IT
1187,alias,"tcp, udp",Alias Service,IANA,IT
1188,hp-webadmin,"tcp, udp",HP Web Admin,IANA,IT
1189,unet,"tcp, udp",Unet Connection,IANA,IT
1190,commlinx-avl,"tcp, udp",CommLinx GPS / AVL System,IANA,IT
1191,gpfs,"tcp, udp",General Parallel File System,IANA,IT
1192,caids-sensor,"tcp, udp",caids sensors channel,IANA,IT
1193,fiveacross,"tcp, udp",Five Across Server,IANA,IT
1194,openvpn,"tcp, udp",OpenVPN,IANA,IT
1195,rsf-1,"tcp, udp",RSF-1 clustering,IANA,IT
1196,netmagic,"tcp, udp",Network Magic,IANA,IT
1197,carrius-rshell,"tcp, udp",Carrius Remote Access,IANA,IT
1198,cajo-discovery,"tcp, udp",cajo reference discovery,IANA,IT
1199,dmidi,"tcp, udp",DMIDI,IANA,IT
1200,scol,"tcp, udp",SCOL,IANA,IT
1201,nucleus-sand,"tcp, udp",Nucleus Sand Database Server,IANA,IT
1202,caiccipc,"tcp, udp",caiccipc,IANA,IT
1203,ssslic-mgr,"tcp, udp",License Validation,IANA,IT
1204,ssslog-mgr,"tcp, udp",Log Request Listener,IANA,IT
1205,accord-mgc,"tcp, udp",Accord-MGC,IANA,IT
1206,anthony-data,"tcp, udp",Anthony Data,IANA,IT
1207,metasage,"tcp, udp",MetaSage,IANA,IT
1208,seagull-ais,"tcp, udp",SEAGULL AIS,IANA,IT
1209,ipcd3,"tcp, udp",IPCD3,IANA,IT
1210,eoss,"tcp, udp",EOSS,IANA,IT
1211,groove-dpp,"tcp, udp",Groove DPP,IANA,IT
1212,lupa,"tcp, udp",lupa,IANA,IT
1213,mpc-lifenet,"tcp, udp",Medtronic/Physio-Control LIFENET,IANA,IT
1214,kazaa,"tcp, udp",KAZAA,IANA,IT
1215,scanstat-1,"tcp, udp",scanSTAT 1.0,IANA,IT
1216,etebac5,"tcp, udp",ETEBAC 5,IANA,IT
1217,hpss-ndapi,"tcp, udp",HPSS NonDCE Gateway,IANA,IT
1218,aeroflight-ads,"tcp, udp",AeroFlight-ADs,IANA,IT
1219,aeroflight-ret,"tcp, udp",AeroFlight-Ret,IANA,IT
1220,qt-serveradmin,"tcp, udp",QT SERVER ADMIN,IANA,IT
1221,sweetware-apps,"tcp, udp",SweetWARE Apps,IANA,IT
1222,nerv,"tcp, udp",SNI R&D network,IANA,IT
1223,tgp,"tcp, udp",TrulyGlobal Protocol,IANA,IT
1224,vpnz,"tcp, udp",VPNz,IANA,IT
1225,slinkysearch,"tcp, udp",SLINKYSEARCH,IANA,IT
1226,stgxfws,"tcp, udp",STGXFWS,IANA,IT
1227,dns2go,"tcp, udp",DNS2Go,IANA,IT
1228,florence,"tcp, udp",FLORENCE,IANA,IT
1229,zented,"tcp, udp",ZENworks Tiered Electronic Distribution,IANA,IT
1230,periscope,"tcp, udp",Periscope,IANA,IT
1231,menandmice-lpm,"tcp, udp",menandmice-lpm,IANA,IT
1232,first-defense,"tcp, udp",Remote systems monitoring,IANA,IT
1233,univ-appserver,"tcp, udp",Universal App Server,IANA,IT
1234,search-agent,"tcp, udp",Infoseek Search Agent,IANA,IT
1235,mosaicsyssvc1,"tcp, udp",mosaicsyssvc1,IANA,IT
1236,bvcontrol,"tcp, udp",bvcontrol,IANA,IT
1237,tsdos390,"tcp, udp",tsdos390,IANA,IT
1238,hacl-qs,"tcp, udp",hacl-qs,IANA,IT
1239,nmsd,"tcp, udp",NMSD,IANA,IT
1240,instantia,"tcp, udp",Instantia,IANA,IT
1241,nessus,"tcp, udp",nessus,IANA,IT
1242,nmasoverip,"tcp, udp",NMAS over IP,IANA,IT
1243,serialgateway,"tcp, udp",SerialGateway,IANA,IT
1244,isbconference1,"tcp, udp",isbconference1,IANA,IT
1245,isbconference2,"tcp, udp",isbconference2,IANA,IT
1246,payrouter,"tcp, udp",payrouter,IANA,IT
1247,visionpyramid,"tcp, udp",VisionPyramid,IANA,IT
1248,hermes,"tcp, udp",hermes,IANA,IT
1249,mesavistaco,"tcp, udp",Mesa Vista Co,IANA,IT
1250,swldy-sias,"tcp, udp",swldy-sias,IANA,IT
1251,servergraph,"tcp, udp",servergraph,IANA,IT
1252,bspne-pcc,"tcp, udp",bspne-pcc,IANA,IT
1253,q55-pcc,"tcp, udp",q55-pcc,IANA,IT
1254,de-noc,"tcp, udp",de-noc,IANA,IT
1255,de-cache-query,"tcp, udp",de-cache-query,IANA,IT
1256,de-server,"tcp, udp",de-server,IANA,IT
1257,shockwave2,"tcp, udp",Shockwave 2,IANA,IT
1258,opennl,"tcp, udp",Open Network Library,IANA,IT
1259,opennl-voice,"tcp, udp",Open Network Library Voice,IANA,IT
1260,ibm-ssd,"tcp, udp",ibm-ssd,IANA,IT
1261,mpshrsv,"tcp, udp",mpshrsv,IANA,IT
1262,qnts-orb,"tcp, udp",QNTS-ORB,IANA,IT
1263,dka,"tcp, udp",dka,IANA,IT
1264,prat,"tcp, udp",PRAT,IANA,IT
1265,dssiapi,"tcp, udp",DSSIAPI,IANA,IT
1266,dellpwrappks,"tcp, udp",DELLPWRAPPKS,IANA,IT
1267,epc,"tcp, udp",eTrust Policy Compliance,IANA,IT
1268,propel-msgsys,"tcp, udp",PROPEL-MSGSYS,IANA,IT
1269,watilapp,"tcp, udp",WATiLaPP,IANA,IT
1270,opsmgr,"tcp, udp",Microsoft Operations Manager,IANA,IT
1271,excw,"tcp, udp",eXcW,IANA,IT
1272,cspmlockmgr,"tcp, udp",CSPMLockMgr,IANA,IT
1273,emc-gateway,"tcp, udp",EMC-Gateway,IANA,IT
1274,t1distproc,"tcp, udp",t1distproc,IANA,IT
1275,ivcollector,"tcp, udp",ivcollector,IANA,IT
1277,miva-mqs,"tcp, udp",mqs,IANA,IT
1278,dellwebadmin-1,"tcp, udp",Dell Web Admin 1,IANA,IT
1279,dellwebadmin-2,"tcp, udp",Dell Web Admin 2,IANA,IT
1280,pictrography,"tcp, udp",Pictrography,IANA,IT
1281,healthd,"tcp, udp",healthd,IANA,IT
1282,emperion,"tcp, udp",Emperion,IANA,IT
1283,productinfo,"tcp, udp",Product Information,IANA,IT
1284,iee-qfx,"tcp, udp",IEE-QFX,IANA,IT
1285,neoiface,"tcp, udp",neoiface,IANA,IT
1286,netuitive,"tcp, udp",netuitive,IANA,IT
1287,routematch,"tcp, udp",RouteMatch Com,IANA,IT
1288,navbuddy,"tcp, udp",NavBuddy,IANA,IT
1289,jwalkserver,"tcp, udp",JWalkServer,IANA,IT
1290,winjaserver,"tcp, udp",WinJaServer,IANA,IT
1291,seagulllms,"tcp, udp",SEAGULLLMS,IANA,IT
1292,dsdn,"tcp, udp",dsdn,IANA,IT
1293,pkt-krb-ipsec,"tcp, udp",PKT-KRB-IPSec,IANA,IT
1294,cmmdriver,"tcp, udp",CMMdriver,IANA,IT
1295,ehtp,"tcp, udp",End-by-Hop Transmission Protocol,IANA,IT
1296,dproxy,"tcp, udp",dproxy,IANA,IT
1297,sdproxy,"tcp, udp",sdproxy,IANA,IT
1298,lpcp,"tcp, udp",lpcp,IANA,IT
1299,hp-sci,"tcp, udp",hp-sci,IANA,IT
1300,h323hostcallsc,"tcp, udp",H.323 Secure Call Control Signalling,IANA,IT
1303,sftsrv,"tcp, udp",sftsrv,IANA,IT
1304,boomerang,"tcp, udp",Boomerang,IANA,IT
1305,pe-mike,"tcp, udp",pe-mike,IANA,IT
1306,re-conn-proto,"tcp, udp",RE-Conn-Proto,IANA,IT
1307,pacmand,"tcp, udp",Pacmand,IANA,IT
1308,odsi,"tcp, udp",Optical Domain Service Interconnect (ODSI),IANA,IT
1309,jtag-server,"tcp, udp",JTAG server,IANA,IT
1310,husky,"tcp, udp",Husky,IANA,IT
1311,rxmon,"tcp, udp",RxMon,IANA,IT
1312,sti-envision,"tcp, udp",STI Envision,IANA,IT
1313,"bmc-patroldb, bmc_patroldb","tcp, udp","BMC_PATROLDB
IANA assigned this well-formed service name as a replacement for ""bmc_patroldb""., BMC_PATROLDB",IANA,IT
1314,pdps,"tcp, udp",Photoscript Distributed Printing System,IANA,IT
1315,els,"tcp, udp","E.L.S., Event Listener Service",IANA,IT
1316,exbit-escp,"tcp, udp",Exbit-ESCP,IANA,IT
1317,vrts-ipcserver,"tcp, udp",vrts-ipcserver,IANA,IT
1318,krb5gatekeeper,"tcp, udp",krb5gatekeeper,IANA,IT
1319,amx-icsp,"tcp, udp",AMX-ICSP,IANA,IT
1320,amx-axbnet,"tcp, udp",AMX-AXBNET,IANA,IT
1322,novation,"tcp, udp",Novation,IANA,IT
1323,brcd,"tcp, udp",brcd,IANA,IT
1324,delta-mcp,"tcp, udp",delta-mcp,IANA,IT
1325,dx-instrument,"tcp, udp",DX-Instrument,IANA,IT
1326,wimsic,"tcp, udp",WIMSIC,IANA,IT
1327,ultrex,"tcp, udp",Ultrex,IANA,IT
1328,ewall,"tcp, udp",EWALL,IANA,IT
1329,netdb-export,"tcp, udp",netdb-export,IANA,IT
1330,streetperfect,"tcp, udp",StreetPerfect,IANA,IT
1331,intersan,"tcp, udp",intersan,IANA,IT
1332,pcia-rxp-b,"tcp, udp",PCIA RXP-B,IANA,IT
1333,passwrd-policy,"tcp, udp",Password Policy,IANA,IT
1334,writesrv,"tcp, udp",writesrv,IANA,IT
1335,digital-notary,"tcp, udp",Digital Notary Protocol,IANA,IT
1336,ischat,"tcp, udp",Instant Service Chat,IANA,IT
1337,menandmice-dns,"tcp, udp",menandmice DNS,IANA,IT
1338,wmc-log-svc,"tcp, udp",WMC-log-svr,IANA,IT
1339,kjtsiteserver,"tcp, udp",kjtsiteserver,IANA,IT
1340,naap,"tcp, udp",NAAP,IANA,IT
1341,qubes,"tcp, udp",QuBES,IANA,IT
1342,esbroker,"tcp, udp",ESBroker,IANA,IT
1343,re101,"tcp, udp",re101,IANA,IT
1344,icap,"tcp, udp",ICAP,IANA,IT
1345,vpjp,"tcp, udp",VPJP,IANA,IT
1346,alta-ana-lm,"tcp, udp",Alta Analytics License Manager,IANA,IT
1347,bbn-mmc,"tcp, udp",multi media conferencing,IANA,IT
1348,bbn-mmx,"tcp, udp",multi media conferencing,IANA,IT
1349,sbook,"tcp, udp",Registration Network Protocol,IANA,IT
1350,editbench,"tcp, udp",Registration Network Protocol,IANA,IT
1351,equationbuilder,"tcp, udp",Digital Tool Works (MIT),IANA,IT
1352,lotusnote,"tcp, udp",Lotus Note,IANA,IT
1353,relief,"tcp, udp",Relief Consulting,IANA,IT
1354,XSIP-network,"tcp, udp",Five Across XSIP Network,IANA,IT
1355,intuitive-edge,"tcp, udp",Intuitive Edge,IANA,IT
1356,cuillamartin,"tcp, udp",CuillaMartin Company,IANA,IT
1357,pegboard,"tcp, udp",Electronic PegBoard,IANA,IT
1358,connlcli,"tcp, udp",CONNLCLI,IANA,IT
1359,ftsrv,"tcp, udp",FTSRV,IANA,IT
1360,mimer,"tcp, udp",MIMER,IANA,IT
1361,linx,"tcp, udp",LinX,IANA,IT
1362,timeflies,"tcp, udp",TimeFlies,IANA,IT
1363,ndm-requester,"tcp, udp",Network DataMover Requester,IANA,IT
1364,ndm-server,"tcp, udp",Network DataMover Server,IANA,IT
1365,adapt-sna,"tcp, udp",Network Software Associates,IANA,IT
1366,netware-csp,"tcp, udp",Novell NetWare Comm Service Platform,IANA,IT
1367,dcs,"tcp, udp",DCS,IANA,IT
1368,screencast,"tcp, udp",ScreenCast,IANA,IT
1369,gv-us,"tcp, udp",GlobalView to Unix Shell,IANA,IT
1370,us-gv,"tcp, udp",Unix Shell to GlobalView,IANA,IT
1371,fc-cli,"tcp, udp",Fujitsu Config Protocol,IANA,IT
1372,fc-ser,"tcp, udp",Fujitsu Config Protocol,IANA,IT
1373,chromagrafx,"tcp, udp",Chromagrafx,IANA,IT
1374,molly,"tcp, udp",EPI Software Systems,IANA,IT
1375,bytex,"tcp, udp",Bytex,IANA,IT
1376,ibm-pps,"tcp, udp",IBM Person to Person Software,IANA,IT
1377,cichlid,"tcp, udp",Cichlid License Manager,IANA,IT
1378,elan,"tcp, udp",Elan License Manager,IANA,IT
1379,dbreporter,"tcp, udp",Integrity Solutions,IANA,IT
1380,telesis-licman,"tcp, udp",Telesis Network License Manager,IANA,IT
1381,apple-licman,"tcp, udp",Apple Network License Manager,IANA,IT
1382,"udt_os, udt-os","tcp, udp","udt_os, udt_os
IANA assigned this well-formed service name as a replacement for ""udt_os"".",IANA,IT
1383,gwha,"tcp, udp",GW Hannaway Network License Manager,IANA,IT
1384,os-licman,"tcp, udp",Objective Solutions License Manager,IANA,IT
1385,"atex_elmd, atex-elmd","tcp, udp","Atex Publishing License Manager, Atex Publishing License Manager
IANA assigned this well-formed service name as a replacement for ""atex_elmd"".",IANA,IT
1386,checksum,"tcp, udp",CheckSum License Manager,IANA,IT
1387,cadsi-lm,"tcp, udp",Computer Aided Design Software Inc LM,IANA,IT
1388,objective-dbc,"tcp, udp",Objective Solutions DataBase Cache,IANA,IT
1389,iclpv-dm,"tcp, udp",Document Manager,IANA,IT
1390,iclpv-sc,"tcp, udp",Storage Controller,IANA,IT
1391,iclpv-sas,"tcp, udp",Storage Access Server,IANA,IT
1392,iclpv-pm,"tcp, udp",Print Manager,IANA,IT
1393,iclpv-nls,"tcp, udp",Network Log Server,IANA,IT
1394,iclpv-nlc,"tcp, udp",Network Log Client,IANA,IT
1395,iclpv-wsm,"tcp, udp",PC Workstation Manager software,IANA,IT
1396,dvl-activemail,"tcp, udp",DVL Active Mail,IANA,IT
1397,audio-activmail,"tcp, udp",Audio Active Mail,IANA,IT
1398,video-activmail,"tcp, udp",Video Active Mail,IANA,IT
1399,cadkey-licman,"tcp, udp",Cadkey License Manager,IANA,IT
1400,cadkey-tablet,"tcp, udp",Cadkey Tablet Daemon,IANA,IT
1401,goldleaf-licman,"tcp, udp",Goldleaf License Manager,IANA,IT
1402,prm-sm-np,"tcp, udp",Prospero Resource Manager,IANA,IT
1403,prm-nm-np,"tcp, udp",Prospero Resource Manager,IANA,IT
1404,igi-lm,"tcp, udp",Infinite Graphics License Manager,IANA,IT
1405,ibm-res,"tcp, udp",IBM Remote Execution Starter,IANA,IT
1406,netlabs-lm,"tcp, udp",NetLabs License Manager,IANA,IT
1407,tibet-server,"tcp, udp",TIBET Data Server,IANA,IT
1408,sophia-lm,"tcp, udp",Sophia License Manager,IANA,IT
1409,here-lm,"tcp, udp",Here License Manager,IANA,IT
1410,hiq,"tcp, udp",HiQ License Manager,IANA,IT
1411,af,"tcp, udp",AudioFile,IANA,IT
1412,innosys,"tcp, udp",InnoSys,IANA,IT
1413,innosys-acl,"tcp, udp",Innosys-ACL,IANA,IT
1414,ibm-mqseries,"tcp, udp",IBM MQSeries,IANA,IT
1415,dbstar,"tcp, udp",DBStar,IANA,IT
1416,"novell-lu6-2, novell-lu6.2","tcp, udp","Novell LU6.2, Novell LU6.2
IANA assigned this well-formed service name as a replacement for ""novell-lu6.2"".",IANA,IT
1417,timbuktu-srv1,"tcp, udp",Timbuktu Service 1 Port,IANA,IT
1418,timbuktu-srv2,"tcp, udp",Timbuktu Service 2 Port,IANA,IT
1419,timbuktu-srv3,"tcp, udp",Timbuktu Service 3 Port,IANA,IT
1420,timbuktu-srv4,"tcp, udp",Timbuktu Service 4 Port,IANA,IT
1421,gandalf-lm,"tcp, udp",Gandalf License Manager,IANA,IT
1422,autodesk-lm,"tcp, udp",Autodesk License Manager,IANA,IT
1423,essbase,"tcp, udp",Essbase Arbor Software,IANA,IT
1424,hybrid,"tcp, udp",Hybrid Encryption Protocol,IANA,IT
1425,zion-lm,"tcp, udp",Zion Software License Manager,IANA,IT
1426,sais,"tcp, udp",Satellite-data Acquisition System 1,IANA,IT
1427,mloadd,"tcp, udp",mloadd monitoring tool,IANA,IT
1428,informatik-lm,"tcp, udp",Informatik License Manager,IANA,IT
1429,nms,"tcp, udp",Hypercom NMS,IANA,IT
1430,tpdu,"tcp, udp",Hypercom TPDU,IANA,IT
1431,rgtp,"tcp, udp",Reverse Gossip Transport,IANA,IT
1432,blueberry-lm,"tcp, udp",Blueberry Software License Manager,IANA,IT
1433,ms-sql-s,"tcp, udp",Microsoft-SQL-Server,IANA,IT
1434,ms-sql-m,"tcp, udp",Microsoft-SQL-Monitor,IANA,IT
1435,ibm-cics,"tcp, udp",IBM CICS,IANA,IT
1436,saism,"tcp, udp",Satellite-data Acquisition System 2,IANA,IT
1437,tabula,"tcp, udp",Tabula,IANA,IT
1438,eicon-server,"tcp, udp",Eicon Security Agent/Server,IANA,IT
1439,eicon-x25,"tcp, udp",Eicon X25/SNA Gateway,IANA,IT
1440,eicon-slp,"tcp, udp",Eicon Service Location Protocol,IANA,IT
1441,cadis-1,"tcp, udp",Cadis License Management,IANA,IT
1442,cadis-2,"tcp, udp",Cadis License Management,IANA,IT
1443,ies-lm,"tcp, udp",Integrated Engineering Software,IANA,IT
1444,marcam-lm,"tcp, udp",Marcam  License Management,IANA,IT
1445,proxima-lm,"tcp, udp",Proxima License Manager,IANA,IT
1446,ora-lm,"tcp, udp",Optical Research Associates License Manager,IANA,IT
1447,apri-lm,"tcp, udp",Applied Parallel Research LM,IANA,IT
1448,oc-lm,"tcp, udp",OpenConnect License Manager,IANA,IT
1449,peport,"tcp, udp",PEport,IANA,IT
1450,dwf,"tcp, udp",Tandem Distributed Workbench Facility,IANA,IT
1451,infoman,"tcp, udp",IBM Information Management,IANA,IT
1452,gtegsc-lm,"tcp, udp",GTE Government Systems License Man,IANA,IT
1453,genie-lm,"tcp, udp",Genie License Manager,IANA,IT
1454,"interhdl_elmd, interhdl-elmd","tcp, udp","interHDL License Manager, interHDL License Manager
IANA assigned this well-formed service name as a replacement for ""interhdl_elmd"".",IANA,IT
1455,esl-lm,"tcp, udp",ESL License Manager,IANA,IT
1456,dca,"tcp, udp",DCA,IANA,IT
1457,valisys-lm,"tcp, udp",Valisys License Manager,IANA,IT
1458,nrcabq-lm,"tcp, udp",Nichols Research Corp.,IANA,IT
1459,proshare1,"tcp, udp",Proshare Notebook Application,IANA,IT
1460,proshare2,"tcp, udp",Proshare Notebook Application,IANA,IT
1461,"ibm_wrless_lan, ibm-wrless-lan","tcp, udp","IBM Wireless LAN
IANA assigned this well-formed service name as a replacement for ""ibm_wrless_lan""., IBM Wireless LAN",IANA,IT
1462,world-lm,"tcp, udp",World License Manager,IANA,IT
1463,nucleus,"tcp, udp",Nucleus,IANA,IT
1464,"msl-lmd, msl_lmd","tcp, udp","MSL License Manager
IANA assigned this well-formed service name as a replacement for ""msl_lmd""., MSL License Manager",IANA,IT
1465,pipes,"tcp, udp",Pipes Platform,IANA,IT
1466,oceansoft-lm,"tcp, udp",Ocean Software License Manager,IANA,IT
1467,csdmbase,"tcp, udp",CSDMBASE,IANA,IT
1468,csdm,"tcp, udp",CSDM,IANA,IT
1469,aal-lm,"tcp, udp",Active Analysis Limited License Manager,IANA,IT
1470,uaiact,"tcp, udp",Universal Analytics,IANA,IT
1471,csdmbase,"tcp, udp",csdmbase,IANA,IT
1472,csdm,"tcp, udp",csdm,IANA,IT
1473,openmath,"tcp, udp",OpenMath,IANA,IT
1474,telefinder,"tcp, udp",Telefinder,IANA,IT
1475,taligent-lm,"tcp, udp",Taligent License Manager,IANA,IT
1476,clvm-cfg,"tcp, udp",clvm-cfg,IANA,IT
1477,ms-sna-server,"tcp, udp",ms-sna-server,IANA,IT
1478,ms-sna-base,"tcp, udp",ms-sna-base,IANA,IT
1479,dberegister,"tcp, udp",dberegister,IANA,IT
1480,pacerforum,"tcp, udp",PacerForum,IANA,IT
1481,airs,"tcp, udp",AIRS,IANA,IT
1482,miteksys-lm,"tcp, udp",Miteksys License Manager,IANA,IT
1483,afs,"tcp, udp",AFS License Manager,IANA,IT
1484,confluent,"tcp, udp",Confluent License Manager,IANA,IT
1485,lansource,"tcp, udp",LANSource,IANA,IT
1486,"nms_topo_serv, nms-topo-serv","tcp, udp","nms_topo_serv, nms_topo_serv
IANA assigned this well-formed service name as a replacement for ""nms_topo_serv"".",IANA,IT
1487,localinfosrvr,"tcp, udp",LocalInfoSrvr,IANA,IT
1488,docstor,"tcp, udp",DocStor,IANA,IT
1489,dmdocbroker,"tcp, udp",dmdocbroker,IANA,IT
1490,insitu-conf,"tcp, udp",insitu-conf,IANA,IT
1492,stone-design-1,"tcp, udp",stone-design-1,IANA,IT
1493,"netmap-lm, netmap_lm","tcp, udp","netmap_lm
IANA assigned this well-formed service name as a replacement for ""netmap_lm""., netmap_lm",IANA,IT
1494,ica,"tcp, udp",ica,IANA,IT
1495,cvc,"tcp, udp",cvc,IANA,IT
1496,liberty-lm,"tcp, udp",liberty-lm,IANA,IT
1497,rfx-lm,"tcp, udp",rfx-lm,IANA,IT
1498,sybase-sqlany,"tcp, udp",Sybase SQL Any,IANA,IT
1499,fhc,"tcp, udp",Federico Heinz Consultora,IANA,IT
1500,vlsi-lm,"tcp, udp",VLSI License Manager,IANA,IT
1501,saiscm,"tcp, udp",Satellite-data Acquisition System 3,IANA,IT
1502,shivadiscovery,"tcp, udp",Shiva,IANA,IT
1503,imtc-mcs,"tcp, udp",Databeam,IANA,IT
1504,evb-elm,"tcp, udp",EVB Software Engineering License Manager,IANA,IT
1505,funkproxy,"tcp, udp","Funk Software, Inc.",IANA,IT
1506,utcd,"tcp, udp",Universal Time daemon (utcd),IANA,IT
1507,symplex,"tcp, udp",symplex,IANA,IT
1508,diagmond,"tcp, udp",diagmond,IANA,IT
1509,robcad-lm,"tcp, udp","Ltd. License Manager, Robcad",IANA,IT
1510,mvx-lm,"tcp, udp",Midland Valley Exploration Ltd. Lic. Man.,IANA,IT
1511,3l-l1,"tcp, udp",3l-l1,IANA,IT
1512,wins,"tcp, udp",Microsoft's Windows Internet Name Service,IANA,IT
1513,fujitsu-dtc,"tcp, udp","Inc, Fujitsu Systems Business of America",IANA,IT
1514,fujitsu-dtcns,"tcp, udp","Inc, Fujitsu Systems Business of America",IANA,IT
1515,ifor-protocol,"tcp, udp",ifor-protocol,IANA,IT
1516,vpad,"tcp, udp",Virtual Places Audio data,IANA,IT
1517,vpac,"tcp, udp",Virtual Places Audio control,IANA,IT
1518,vpvd,"tcp, udp",Virtual Places Video data,IANA,IT
1519,vpvc,"tcp, udp",Virtual Places Video control,IANA,IT
1520,atm-zip-office,"tcp, udp",atm zip office,IANA,IT
1521,ncube-lm,"tcp, udp",nCube License Manager,IANA,IT
1522,ricardo-lm,"tcp, udp",Ricardo North America License Manager,IANA,IT
1523,cichild-lm,"tcp, udp",cichild,IANA,IT
1524,ingreslock,"tcp, udp",ingres,IANA,IT
1525,"orasrv, prospero-np","tcp, udp","Prospero Directory Service non-priv, oracle",IANA,IT
1526,pdap-np,"tcp, udp",Prospero Data Access Prot non-priv,IANA,IT
1527,tlisrv,"tcp, udp",oracle,IANA,IT
1528,norp,"sctp, tcp, udp",Not Only a Routeing Protocol,IANA,IT
1529,coauthor,"tcp, udp",oracle,IANA,IT
1530,rap-service,"tcp, udp",rap-service,IANA,IT
1531,rap-listen,"tcp, udp",rap-listen,IANA,IT
1532,miroconnect,"tcp, udp",miroconnect,IANA,IT
1533,virtual-places,"tcp, udp",Virtual Places Software,IANA,IT
1534,micromuse-lm,"tcp, udp",micromuse-lm,IANA,IT
1535,ampr-info,"tcp, udp",ampr-info,IANA,IT
1536,ampr-inter,"tcp, udp",ampr-inter,IANA,IT
1537,sdsc-lm,"tcp, udp",isi-lm,IANA,IT
1538,3ds-lm,"tcp, udp",3ds-lm,IANA,IT
1539,intellistor-lm,"tcp, udp",Intellistor License Manager,IANA,IT
1540,rds,"tcp, udp",rds,IANA,IT
1541,"rds2, Foxboro/Invensys Foxboro DCS Informix","tcp, udp","rds2, Foxboro/Invensys Foxboro DCS Informix","IANA, https://github.com/ITI/ICS-Security-Tools/tree/master/protocols","IT, ICS"
1542,gridgen-elmd,"tcp, udp",gridgen-elmd,IANA,IT
1543,simba-cs,"tcp, udp",simba-cs,IANA,IT
1544,aspeclmd,"tcp, udp",aspeclmd,IANA,IT
1545,vistium-share,"tcp, udp",vistium-share,IANA,IT
1546,abbaccuray,"tcp, udp",abbaccuray,IANA,IT
1547,laplink,"tcp, udp",laplink,IANA,IT
1548,axon-lm,"tcp, udp",Axon License Manager,IANA,IT
1549,"shivahose, shivasound","tcp, udp","Shiva Sound, Shiva Hose",IANA,IT
1550,3m-image-lm,"tcp, udp",Image Storage license manager 3M Company,IANA,IT
1551,hecmtl-db,"tcp, udp",HECMTL-DB,IANA,IT
1552,pciarray,"tcp, udp",pciarray,IANA,IT
1553,sna-cs,"tcp, udp",sna-cs,IANA,IT
1554,caci-lm,"tcp, udp",CACI Products Company License Manager,IANA,IT
1555,livelan,"tcp, udp",livelan,IANA,IT
1556,"veritas_pbx, veritas-pbx","tcp, udp","VERITAS Private Branch Exchange, VERITAS Private Branch Exchange
IANA assigned this well-formed service name as a replacement for ""veritas_pbx"".",IANA,IT
1557,arbortext-lm,"tcp, udp",ArborText License Manager,IANA,IT
1558,xingmpeg,"tcp, udp",xingmpeg,IANA,IT
1559,web2host,"tcp, udp",web2host,IANA,IT
1560,asci-val,"tcp, udp",ASCI-RemoteSHADOW,IANA,IT
1561,facilityview,"tcp, udp",facilityview,IANA,IT
1562,pconnectmgr,"tcp, udp",pconnectmgr,IANA,IT
1563,cadabra-lm,"tcp, udp",Cadabra License Manager,IANA,IT
1564,pay-per-view,"tcp, udp",Pay-Per-View,IANA,IT
1565,winddlb,"tcp, udp",WinDD,IANA,IT
1566,corelvideo,"tcp, udp",CORELVIDEO,IANA,IT
1567,jlicelmd,"tcp, udp",jlicelmd,IANA,IT
1568,tsspmap,"tcp, udp",tsspmap,IANA,IT
1569,ets,"tcp, udp",ets,IANA,IT
1570,orbixd,"tcp, udp",orbixd,IANA,IT
1571,rdb-dbs-disp,"tcp, udp",Oracle Remote Data Base,IANA,IT
1572,chip-lm,"tcp, udp",Chipcom License Manager,IANA,IT
1573,itscomm-ns,"tcp, udp",itscomm-ns,IANA,IT
1574,mvel-lm,"tcp, udp",mvel-lm,IANA,IT
1575,oraclenames,"tcp, udp",oraclenames,IANA,IT
1576,moldflow-lm,"tcp, udp",Moldflow License Manager,IANA,IT
1577,hypercube-lm,"tcp, udp",hypercube-lm,IANA,IT
1578,jacobus-lm,"tcp, udp",Jacobus License Manager,IANA,IT
1579,ioc-sea-lm,"tcp, udp",ioc-sea-lm,IANA,IT
1580,"tn-tl-r2, tn-tl-r1","tcp, udp","tn-tl-r2, tn-tl-r1",IANA,IT
1581,mil-2045-47001,"tcp, udp",MIL-2045-47001,IANA,IT
1582,msims,"tcp, udp",MSIMS,IANA,IT
1583,simbaexpress,"tcp, udp",simbaexpress,IANA,IT
1584,tn-tl-fd2,"tcp, udp",tn-tl-fd2,IANA,IT
1585,intv,"tcp, udp",intv,IANA,IT
1586,ibm-abtact,"tcp, udp",ibm-abtact,IANA,IT
1587,"pra-elmd, pra_elmd","tcp, udp","pra_elmd, pra_elmd
IANA assigned this well-formed service name as a replacement for ""pra_elmd"".",IANA,IT
1588,triquest-lm,"tcp, udp",triquest-lm,IANA,IT
1589,vqp,"tcp, udp",VQP,IANA,IT
1590,gemini-lm,"tcp, udp",gemini-lm,IANA,IT
1591,ncpm-pm,"tcp, udp",ncpm-pm,IANA,IT
1592,commonspace,"tcp, udp",commonspace,IANA,IT
1593,mainsoft-lm,"tcp, udp",mainsoft-lm,IANA,IT
1594,sixtrak,"tcp, udp",sixtrak,IANA,IT
1595,radio,"tcp, udp",radio,IANA,IT
1596,"radio-sm, radio-bc","tcp, udp","radio-sm, radio-bc",IANA,IT
1597,orbplus-iiop,"tcp, udp",orbplus-iiop,IANA,IT
1598,picknfs,"tcp, udp",picknfs,IANA,IT
1599,simbaservices,"tcp, udp",simbaservices,IANA,IT
1600,issd,"tcp, udp",issd,IANA,IT
1601,aas,"tcp, udp",aas,IANA,IT
1602,inspect,"tcp, udp",inspect,IANA,IT
1603,picodbc,"tcp, udp",pickodbc,IANA,IT
1604,icabrowser,"tcp, udp",icabrowser,IANA,IT
1605,slp,"tcp, udp",Salutation Manager (Salutation Protocol),IANA,IT
1606,slm-api,"tcp, udp",Salutation Manager (SLM-API),IANA,IT
1607,stt,"tcp, udp",stt,IANA,IT
1608,smart-lm,"tcp, udp",Smart Corp. License Manager,IANA,IT
1609,isysg-lm,"tcp, udp",isysg-lm,IANA,IT
1610,taurus-wh,"tcp, udp",taurus-wh,IANA,IT
1611,ill,"tcp, udp",Inter Library Loan,IANA,IT
1612,netbill-trans,"tcp, udp",NetBill Transaction Server,IANA,IT
1613,netbill-keyrep,"tcp, udp",NetBill Key Repository,IANA,IT
1614,netbill-cred,"tcp, udp",NetBill Credential Server,IANA,IT
1615,netbill-auth,"tcp, udp",NetBill Authorization Server,IANA,IT
1616,netbill-prod,"tcp, udp",NetBill Product Server,IANA,IT
1617,nimrod-agent,"tcp, udp",Nimrod Inter-Agent Communication,IANA,IT
1618,skytelnet,"tcp, udp",skytelnet,IANA,IT
1619,xs-openstorage,"tcp, udp",xs-openstorage,IANA,IT
1620,faxportwinport,"tcp, udp",faxportwinport,IANA,IT
1621,softdataphone,"tcp, udp",softdataphone,IANA,IT
1622,ontime,"tcp, udp",ontime,IANA,IT
1623,jaleosnd,"tcp, udp",jaleosnd,IANA,IT
1624,udp-sr-port,"tcp, udp",udp-sr-port,IANA,IT
1625,svs-omagent,"tcp, udp",svs-omagent,IANA,IT
1626,shockwave,"tcp, udp",Shockwave,IANA,IT
1627,t128-gateway,"tcp, udp",T.128 Gateway,IANA,IT
1628,lontalk-norm,"tcp, udp",LonTalk normal,IANA,IT
1629,lontalk-urgnt,"tcp, udp",LonTalk urgent,IANA,IT
1630,oraclenet8cman,"tcp, udp",Oracle Net8 Cman,IANA,IT
1631,visitview,"tcp, udp",Visit view,IANA,IT
1632,pammratc,"tcp, udp",PAMMRATC,IANA,IT
1633,pammrpc,"tcp, udp",PAMMRPC,IANA,IT
1634,loaprobe,"tcp, udp",Log On America Probe,IANA,IT
1635,edb-server1,"tcp, udp",EDB Server 1,IANA,IT
1636,isdc,"tcp, udp",ISP shared public data control,IANA,IT
1637,islc,"tcp, udp",ISP shared local data control,IANA,IT
1638,ismc,"tcp, udp",ISP shared management control,IANA,IT
1639,cert-initiator,"tcp, udp",cert-initiator,IANA,IT
1640,cert-responder,"tcp, udp",cert-responder,IANA,IT
1641,invision,"tcp, udp",InVision,IANA,IT
1642,isis-am,"tcp, udp",isis-am,IANA,IT
1643,isis-ambc,"tcp, udp",isis-ambc,IANA,IT
1644,saiseh,"tcp, udp",Satellite-data Acquisition System 4,IANA,IT
1645,sightline,"tcp, udp",SightLine,IANA,IT
1646,sa-msg-port,"tcp, udp",sa-msg-port,IANA,IT
1647,rsap,"tcp, udp",rsap,IANA,IT
1648,concurrent-lm,"tcp, udp",concurrent-lm,IANA,IT
1649,kermit,"tcp, udp",kermit,IANA,IT
1650,nkd,"tcp, udp","nkdn, nkd",IANA,IT
1651,"shiva-confsrvr, shiva_confsrvr","tcp, udp","shiva_confsrvr
IANA assigned this well-formed service name as a replacement for ""shiva_confsrvr""., shiva_confsrvr",IANA,IT
1652,xnmp,"tcp, udp",xnmp,IANA,IT
1653,alphatech-lm,"tcp, udp",alphatech-lm,IANA,IT
1654,stargatealerts,"tcp, udp",stargatealerts,IANA,IT
1655,dec-mbadmin,"tcp, udp",dec-mbadmin,IANA,IT
1656,dec-mbadmin-h,"tcp, udp",dec-mbadmin-h,IANA,IT
1657,fujitsu-mmpdc,"tcp, udp",fujitsu-mmpdc,IANA,IT
1658,sixnetudr,"tcp, udp",sixnetudr,IANA,IT
1659,sg-lm,"tcp, udp",Silicon Grail License Manager,IANA,IT
1660,skip-mc-gikreq,"tcp, udp",skip-mc-gikreq,IANA,IT
1661,netview-aix-1,"tcp, udp",netview-aix-1,IANA,IT
1662,netview-aix-2,"tcp, udp",netview-aix-2,IANA,IT
1663,netview-aix-3,"tcp, udp",netview-aix-3,IANA,IT
1664,netview-aix-4,"tcp, udp",netview-aix-4,IANA,IT
1665,netview-aix-5,"tcp, udp",netview-aix-5,IANA,IT
1666,netview-aix-6,"tcp, udp",netview-aix-6,IANA,IT
1667,netview-aix-7,"tcp, udp",netview-aix-7,IANA,IT
1668,netview-aix-8,"tcp, udp",netview-aix-8,IANA,IT
1669,netview-aix-9,"tcp, udp",netview-aix-9,IANA,IT
1670,netview-aix-10,"tcp, udp",netview-aix-10,IANA,IT
1671,netview-aix-11,"tcp, udp",netview-aix-11,IANA,IT
1672,netview-aix-12,"tcp, udp",netview-aix-12,IANA,IT
1673,proshare-mc-1,"tcp, udp",Intel Proshare Multicast,IANA,IT
1674,proshare-mc-2,"tcp, udp",Intel Proshare Multicast,IANA,IT
1675,pdp,"tcp, udp",Pacific Data Products,IANA,IT
1676,"netcomm1, netcomm2","tcp, udp","netcomm1, netcomm2",IANA,IT
1677,groupwise,"tcp, udp",groupwise,IANA,IT
1678,prolink,"tcp, udp",prolink,IANA,IT
1679,darcorp-lm,"tcp, udp",darcorp-lm,IANA,IT
1680,microcom-sbp,"tcp, udp",microcom-sbp,IANA,IT
1681,sd-elmd,"tcp, udp",sd-elmd,IANA,IT
1682,lanyon-lantern,"tcp, udp",lanyon-lantern,IANA,IT
1683,ncpm-hip,"tcp, udp",ncpm-hip,IANA,IT
1684,snaresecure,"tcp, udp",SnareSecure,IANA,IT
1685,n2nremote,"tcp, udp",n2nremote,IANA,IT
1686,cvmon,"tcp, udp",cvmon,IANA,IT
1687,nsjtp-ctrl,"tcp, udp",nsjtp-ctrl,IANA,IT
1688,nsjtp-data,"tcp, udp",nsjtp-data,IANA,IT
1689,firefox,"tcp, udp",firefox,IANA,IT
1690,ng-umds,"tcp, udp",ng-umds,IANA,IT
1691,empire-empuma,"tcp, udp",empire-empuma,IANA,IT
1692,sstsys-lm,"tcp, udp",sstsys-lm,IANA,IT
1693,rrirtr,"tcp, udp",rrirtr,IANA,IT
1694,rrimwm,"tcp, udp",rrimwm,IANA,IT
1695,rrilwm,"tcp, udp",rrilwm,IANA,IT
1696,rrifmm,"tcp, udp",rrifmm,IANA,IT
1697,rrisat,"tcp, udp",rrisat,IANA,IT
1698,rsvp-encap-1,"tcp, udp",RSVP-ENCAPSULATION-1,IANA,IT
1699,rsvp-encap-2,"tcp, udp",RSVP-ENCAPSULATION-2,IANA,IT
1700,mps-raft,"tcp, udp",mps-raft,IANA,IT
1701,"l2tp, l2f","tcp, udp","l2tp, l2f",IANA,IT
1702,deskshare,"tcp, udp",deskshare,IANA,IT
1703,hb-engine,"tcp, udp",hb-engine,IANA,IT
1704,bcs-broker,"tcp, udp",bcs-broker,IANA,IT
1705,slingshot,"tcp, udp",slingshot,IANA,IT
1706,jetform,"tcp, udp",jetform,IANA,IT
1707,vdmplay,"tcp, udp",vdmplay,IANA,IT
1708,gat-lmd,"tcp, udp",gat-lmd,IANA,IT
1709,centra,"tcp, udp",centra,IANA,IT
1710,impera,"tcp, udp",impera,IANA,IT
1711,pptconference,"tcp, udp",pptconference,IANA,IT
1712,registrar,"tcp, udp",resource monitoring service,IANA,IT
1713,conferencetalk,"tcp, udp",ConferenceTalk,IANA,IT
1714,sesi-lm,"tcp, udp",sesi-lm,IANA,IT
1715,houdini-lm,"tcp, udp",houdini-lm,IANA,IT
1716,xmsg,"tcp, udp",xmsg,IANA,IT
1717,fj-hdnet,"tcp, udp",fj-hdnet,IANA,IT
1718,h323gatedisc,"tcp, udp",H.323 Multicast Gatekeeper Discover,IANA,IT
1719,h323gatestat,"tcp, udp",H.323 Unicast Gatekeeper Signaling,IANA,IT
1720,h323hostcall,"sctp, tcp, udp","H.323 Call Control Signalling, H.323 Call Control",IANA,IT
1721,caicci,"tcp, udp",caicci,IANA,IT
1722,hks-lm,"tcp, udp",HKS License Manager,IANA,IT
1723,pptp,"tcp, udp",pptp,IANA,IT
1724,csbphonemaster,"tcp, udp",csbphonemaster,IANA,IT
1725,iden-ralp,"tcp, udp",iden-ralp,IANA,IT
1726,iberiagames,"tcp, udp",IBERIAGAMES,IANA,IT
1727,winddx,"tcp, udp",winddx,IANA,IT
1728,telindus,"tcp, udp",TELINDUS,IANA,IT
1729,citynl,"tcp, udp",CityNL License Management,IANA,IT
1730,roketz,"tcp, udp",roketz,IANA,IT
1731,msiccp,"tcp, udp",MSICCP,IANA,IT
1732,proxim,"tcp, udp",proxim,IANA,IT
1733,siipat,"tcp, udp",SIMS - SIIPAT Protocol for Alarm Transmission,IANA,IT
1734,cambertx-lm,"tcp, udp",Camber Corporation License Management,IANA,IT
1735,privatechat,"tcp, udp",PrivateChat,IANA,IT
1736,street-stream,"tcp, udp",street-stream,IANA,IT
1737,ultimad,"tcp, udp",ultimad,IANA,IT
1738,gamegen1,"tcp, udp",GameGen1,IANA,IT
1739,webaccess,"tcp, udp",webaccess,IANA,IT
1740,encore,"tcp, udp",encore,IANA,IT
1741,cisco-net-mgmt,"tcp, udp",cisco-net-mgmt,IANA,IT
1742,3Com-nsd,"tcp, udp",3Com-nsd,IANA,IT
1743,cinegrfx-lm,"tcp, udp",Cinema Graphics License Manager,IANA,IT
1744,ncpm-ft,"tcp, udp",ncpm-ft,IANA,IT
1745,remote-winsock,"tcp, udp",remote-winsock,IANA,IT
1746,ftrapid-1,"tcp, udp",ftrapid-1,IANA,IT
1747,ftrapid-2,"tcp, udp",ftrapid-2,IANA,IT
1748,oracle-em1,"tcp, udp",oracle-em1,IANA,IT
1749,aspen-services,"tcp, udp",aspen-services,IANA,IT
1750,sslp,"tcp, udp",Simple Socket Library's PortMaster,IANA,IT
1751,swiftnet,"tcp, udp",SwiftNet,IANA,IT
1752,lofr-lm,"tcp, udp",Leap of Faith Research License Manager,IANA,IT
1753,predatar-comms,"tcp, udp",Predatar Comms Service,IANA,IT
1754,oracle-em2,"tcp, udp",oracle-em2,IANA,IT
1755,ms-streaming,"tcp, udp",ms-streaming,IANA,IT
1756,capfast-lmd,"tcp, udp",capfast-lmd,IANA,IT
1757,cnhrp,"tcp, udp",cnhrp,IANA,IT
1758,tftp-mcast,"tcp, udp",tftp-mcast,IANA,IT
1759,spss-lm,"tcp, udp",SPSS License Manager,IANA,IT
1760,www-ldap-gw,"tcp, udp",www-ldap-gw,IANA,IT
1761,cft-0,"tcp, udp",cft-0,IANA,IT
1762,cft-1,"tcp, udp",cft-1,IANA,IT
1763,cft-2,"tcp, udp",cft-2,IANA,IT
1764,cft-3,"tcp, udp",cft-3,IANA,IT
1765,cft-4,"tcp, udp",cft-4,IANA,IT
1766,cft-5,"tcp, udp",cft-5,IANA,IT
1767,cft-6,"tcp, udp",cft-6,IANA,IT
1768,cft-7,"tcp, udp",cft-7,IANA,IT
1769,bmc-net-adm,"tcp, udp",bmc-net-adm,IANA,IT
1770,bmc-net-svc,"tcp, udp",bmc-net-svc,IANA,IT
1771,vaultbase,"tcp, udp",vaultbase,IANA,IT
1772,essweb-gw,"tcp, udp",EssWeb Gateway,IANA,IT
1773,kmscontrol,"tcp, udp",KMSControl,IANA,IT
1774,global-dtserv,"tcp, udp",global-dtserv,IANA,IT
1775,vdab,"tcp, udp",data interchange between visual processing containers,IANA,IT
1776,femis,"tcp, udp",Federal Emergency Management Information System,IANA,IT
1777,powerguardian,"tcp, udp",powerguardian,IANA,IT
1778,prodigy-intrnet,"tcp, udp",prodigy-internet,IANA,IT
1779,pharmasoft,"tcp, udp",pharmasoft,IANA,IT
1780,dpkeyserv,"tcp, udp",dpkeyserv,IANA,IT
1781,answersoft-lm,"tcp, udp",answersoft-lm,IANA,IT
1782,hp-hcip,"tcp, udp",hp-hcip,IANA,IT
1783,,,"Decomissioned Port 04/14/00, ms",IANA,IT
1784,finle-lm,"tcp, udp",Finle License Manager,IANA,IT
1785,windlm,"tcp, udp",Wind River Systems License Manager,IANA,IT
1786,funk-logger,"tcp, udp",funk-logger,IANA,IT
1787,funk-license,"tcp, udp",funk-license,IANA,IT
1788,psmond,"tcp, udp",psmond,IANA,IT
1789,hello,"tcp, udp",hello,IANA,IT
1790,nmsp,"tcp, udp",Narrative Media Streaming Protocol,IANA,IT
1791,ea1,"tcp, udp",EA1,IANA,IT
1792,ibm-dt-2,"tcp, udp",ibm-dt-2,IANA,IT
1793,rsc-robot,"tcp, udp",rsc-robot,IANA,IT
1794,cera-bcm,"tcp, udp",cera-bcm,IANA,IT
1795,dpi-proxy,"tcp, udp",dpi-proxy,IANA,IT
1796,vocaltec-admin,"tcp, udp",Vocaltec Server Administration,IANA,IT
1797,uma,"tcp, udp",UMA,IANA,IT
1798,etp,"tcp, udp",Event Transfer Protocol,IANA,IT
1799,netrisk,"tcp, udp",NETRISK,IANA,IT
1800,ansys-lm,"tcp, udp",ANSYS-License manager,IANA,IT
1801,msmq,"tcp, udp",Microsoft Message Que,IANA,IT
1802,concomp1,"tcp, udp",ConComp1,IANA,IT
1803,hp-hcip-gwy,"tcp, udp",HP-HCIP-GWY,IANA,IT
1804,enl,"tcp, udp",ENL,IANA,IT
1805,enl-name,"tcp, udp",ENL-Name,IANA,IT
1806,musiconline,"tcp, udp",Musiconline,IANA,IT
1807,fhsp,"tcp, udp",Fujitsu Hot Standby Protocol,IANA,IT
1808,oracle-vp2,"tcp, udp",Oracle-VP2,IANA,IT
1809,oracle-vp1,"tcp, udp",Oracle-VP1,IANA,IT
1810,jerand-lm,"tcp, udp",Jerand License Manager,IANA,IT
1811,scientia-sdb,"tcp, udp",Scientia-SDB,IANA,IT
1812,radius,"tcp, udp",RADIUS,IANA,IT
1813,radius-acct,"tcp, udp",RADIUS Accounting,IANA,IT
1814,tdp-suite,"tcp, udp",TDP Suite,IANA,IT
1815,mmpft,"tcp, udp",Manufacturing messaging protocol for factory transmission,IANA,IT
1816,harp,"tcp, udp",HARP,IANA,IT
1817,rkb-oscs,"tcp, udp",RKB-OSCS,IANA,IT
1818,etftp,"tcp, udp",Enhanced Trivial File Transfer Protocol,IANA,IT
1819,plato-lm,"tcp, udp",Plato License Manager,IANA,IT
1820,mcagent,"tcp, udp",mcagent,IANA,IT
1821,donnyworld,"tcp, udp",donnyworld,IANA,IT
1822,es-elmd,"tcp, udp",es-elmd,IANA,IT
1823,unisys-lm,"tcp, udp",Unisys Natural Language License Manager,IANA,IT
1824,metrics-pas,"tcp, udp",metrics-pas,IANA,IT
1825,direcpc-video,"tcp, udp",DirecPC Video,IANA,IT
1826,ardt,"tcp, udp",ARDT,IANA,IT
1827,asi,"tcp, udp",ASI,IANA,IT
1828,itm-mcell-u,"tcp, udp",itm-mcell-u,IANA,IT
1829,optika-emedia,"tcp, udp",Optika eMedia,IANA,IT
1830,net8-cman,"tcp, udp",Oracle Net8 CMan Admin,IANA,IT
1831,myrtle,"tcp, udp",Myrtle,IANA,IT
1832,tht-treasure,"tcp, udp",ThoughtTreasure,IANA,IT
1833,udpradio,"tcp, udp",udpradio,IANA,IT
1834,ardusuni,"tcp, udp",ARDUS Unicast,IANA,IT
1835,ardusmul,"tcp, udp",ARDUS Multicast,IANA,IT
1836,ste-smsc,"tcp, udp",ste-smsc,IANA,IT
1837,csoft1,"tcp, udp",csoft1,IANA,IT
1838,talnet,"tcp, udp",TALNET,IANA,IT
1839,netopia-vo1,"tcp, udp",netopia-vo1,IANA,IT
1840,netopia-vo2,"tcp, udp",netopia-vo2,IANA,IT
1841,netopia-vo3,"tcp, udp",netopia-vo3,IANA,IT
1842,netopia-vo4,"tcp, udp",netopia-vo4,IANA,IT
1843,netopia-vo5,"tcp, udp",netopia-vo5,IANA,IT
1844,direcpc-dll,"tcp, udp",DirecPC-DLL,IANA,IT
1845,altalink,"tcp, udp",altalink,IANA,IT
1846,tunstall-pnc,"tcp, udp",Tunstall PNC,IANA,IT
1847,slp-notify,"tcp, udp",SLP Notification,IANA,IT
1848,fjdocdist,"tcp, udp",fjdocdist,IANA,IT
1849,alpha-sms,"tcp, udp",ALPHA-SMS,IANA,IT
1850,gsi,"tcp, udp",GSI,IANA,IT
1851,ctcd,"tcp, udp",ctcd,IANA,IT
1852,virtual-time,"tcp, udp",Virtual Time,IANA,IT
1853,vids-avtp,"tcp, udp",VIDS-AVTP,IANA,IT
1854,buddy-draw,"tcp, udp",Buddy Draw,IANA,IT
1855,fiorano-rtrsvc,"tcp, udp",Fiorano RtrSvc,IANA,IT
1856,fiorano-msgsvc,"tcp, udp",Fiorano MsgSvc,IANA,IT
1857,datacaptor,"tcp, udp",DataCaptor,IANA,IT
1858,privateark,"tcp, udp",PrivateArk,IANA,IT
1859,gammafetchsvr,"tcp, udp",Gamma Fetcher Server,IANA,IT
1860,sunscalar-svc,"tcp, udp",SunSCALAR Services,IANA,IT
1861,lecroy-vicp,"tcp, udp",LeCroy VICP,IANA,IT
1862,mysql-cm-agent,"tcp, udp",MySQL Cluster Manager Agent,IANA,IT
1863,msnp,"tcp, udp",MSNP,IANA,IT
1864,paradym-31port,"tcp, udp",Paradym 31 Port,IANA,IT
1865,entp,"tcp, udp",ENTP,IANA,IT
1866,swrmi,"tcp, udp",swrmi,IANA,IT
1867,udrive,"tcp, udp",UDRIVE,IANA,IT
1868,viziblebrowser,"tcp, udp",VizibleBrowser,IANA,IT
1869,transact,"tcp, udp",TransAct,IANA,IT
1870,sunscalar-dns,"tcp, udp",SunSCALAR DNS Service,IANA,IT
1871,canocentral0,"tcp, udp",Cano Central 0,IANA,IT
1872,canocentral1,"tcp, udp",Cano Central 1,IANA,IT
1873,fjmpjps,"tcp, udp",Fjmpjps,IANA,IT
1874,fjswapsnp,"tcp, udp",Fjswapsnp,IANA,IT
1875,westell-stats,"tcp, udp",westell stats,IANA,IT
1876,ewcappsrv,"tcp, udp",ewcappsrv,IANA,IT
1877,hp-webqosdb,"tcp, udp",hp-webqosdb,IANA,IT
1878,drmsmc,"tcp, udp",drmsmc,IANA,IT
1879,nettgain-nms,"tcp, udp",NettGain NMS,IANA,IT
1880,vsat-control,"tcp, udp",Gilat VSAT Control,IANA,IT
1881,ibm-mqseries2,"tcp, udp",IBM WebSphere MQ Everyplace,IANA,IT
1882,ecsqdmn,"tcp, udp",CA eTrust Common Services,IANA,IT
1883,mqtt,"tcp, udp",Message Queuing Telemetry Transport Protocol,IANA,IT
1884,idmaps,"tcp, udp",Internet Distance Map Svc,IANA,IT
1885,vrtstrapserver,"tcp, udp",Veritas Trap Server,IANA,IT
1886,leoip,"tcp, udp",Leonardo over IP,IANA,IT
1887,filex-lport,"tcp, udp",FileX Listening Port,IANA,IT
1888,ncconfig,"tcp, udp",NC Config Port,IANA,IT
1889,unify-adapter,"tcp, udp",Unify Web Adapter Service,IANA,IT
1890,wilkenlistener,"tcp, udp",wilkenListener,IANA,IT
1891,childkey-notif,"tcp, udp",ChildKey Notification,IANA,IT
1892,childkey-ctrl,"tcp, udp",ChildKey Control,IANA,IT
1893,elad,"tcp, udp",ELAD Protocol,IANA,IT
1894,o2server-port,"tcp, udp",O2Server Port,IANA,IT
1895,,"tcp, udp",unassigned,IANA,IT
1896,b-novative-ls,"tcp, udp",b-novative license server,IANA,IT
1897,metaagent,"tcp, udp",MetaAgent,IANA,IT
1898,cymtec-port,"tcp, udp",Cymtec secure management,IANA,IT
1899,mc2studios,"tcp, udp",MC2Studios,IANA,IT
1900,ssdp,"tcp, udp",SSDP,IANA,IT
1901,fjicl-tep-a,"tcp, udp",Fujitsu ICL Terminal Emulator Program A,IANA,IT
1902,fjicl-tep-b,"tcp, udp",Fujitsu ICL Terminal Emulator Program B,IANA,IT
1903,linkname,"tcp, udp",Local Link Name Resolution,IANA,IT
1904,fjicl-tep-c,"tcp, udp",Fujitsu ICL Terminal Emulator Program C,IANA,IT
1905,sugp,"tcp, udp",Secure UP.Link Gateway Protocol,IANA,IT
1906,tpmd,"tcp, udp",TPortMapperReq,IANA,IT
1907,intrastar,"tcp, udp",IntraSTAR,IANA,IT
1908,dawn,"tcp, udp",Dawn,IANA,IT
1909,global-wlink,"tcp, udp",Global World Link,IANA,IT
1910,ultrabac,"tcp, udp",UltraBac Software communications port,IANA,IT
1911,mtp,"tcp, udp",Starlight Networks Multimedia Transport Protocol,IANA,IT
1912,rhp-iibp,"tcp, udp",rhp-iibp,IANA,IT
1913,armadp,"tcp, udp",armadp,IANA,IT
1914,elm-momentum,"tcp, udp",Elm-Momentum,IANA,IT
1915,facelink,"tcp, udp",FACELINK,IANA,IT
1916,persona,"tcp, udp",Persoft Persona,IANA,IT
1917,noagent,"tcp, udp",nOAgent,IANA,IT
1918,can-nds,"tcp, udp",IBM Tivole Directory Service - NDS,IANA,IT
1919,can-dch,"tcp, udp",IBM Tivoli Directory Service - DCH,IANA,IT
1920,can-ferret,"tcp, udp",IBM Tivoli Directory Service - FERRET,IANA,IT
1921,noadmin,"tcp, udp",NoAdmin,IANA,IT
1922,tapestry,"tcp, udp",Tapestry,IANA,IT
1923,spice,"tcp, udp",SPICE,IANA,IT
1924,xiip,"tcp, udp",XIIP,IANA,IT
1925,discovery-port,"tcp, udp",Surrogate Discovery Port,IANA,IT
1926,egs,"tcp, udp",Evolution Game Server,IANA,IT
1927,videte-cipc,"tcp, udp",Videte CIPC Port,IANA,IT
1928,emsd-port,"tcp, udp",Expnd Maui Srvr Dscovr,IANA,IT
1929,bandwiz-system,"tcp, udp",Bandwiz System - Server,IANA,IT
1930,driveappserver,"tcp, udp",Drive AppServer,IANA,IT
1931,amdsched,"tcp, udp",AMD SCHED,IANA,IT
1932,ctt-broker,"tcp, udp",CTT Broker,IANA,IT
1933,xmapi,"tcp, udp",IBM LM MT Agent,IANA,IT
1934,xaapi,"tcp, udp",IBM LM Appl Agent,IANA,IT
1935,macromedia-fcs,"tcp, udp","Macromedia Flash Communications server MX, Macromedia Flash Communications Server MX",IANA,IT
1936,jetcmeserver,"tcp, udp",JetCmeServer Server Port,IANA,IT
1937,jwserver,"tcp, udp",JetVWay Server Port,IANA,IT
1938,jwclient,"tcp, udp",JetVWay Client Port,IANA,IT
1939,jvserver,"tcp, udp",JetVision Server Port,IANA,IT
1940,jvclient,"tcp, udp",JetVision Client Port,IANA,IT
1941,dic-aida,"tcp, udp",DIC-Aida,IANA,IT
1942,res,"tcp, udp",Real Enterprise Service,IANA,IT
1943,beeyond-media,"tcp, udp",Beeyond Media,IANA,IT
1944,close-combat,"tcp, udp",close-combat,IANA,IT
1945,dialogic-elmd,"tcp, udp",dialogic-elmd,IANA,IT
1946,tekpls,"tcp, udp",tekpls,IANA,IT
1947,sentinelsrm,"tcp, udp",SentinelSRM,IANA,IT
1948,eye2eye,"tcp, udp",eye2eye,IANA,IT
1949,ismaeasdaqlive,"tcp, udp",ISMA Easdaq Live,IANA,IT
1950,ismaeasdaqtest,"tcp, udp",ISMA Easdaq Test,IANA,IT
1951,bcs-lmserver,"tcp, udp",bcs-lmserver,IANA,IT
1952,mpnjsc,"tcp, udp",mpnjsc,IANA,IT
1953,rapidbase,"tcp, udp",Rapid Base,IANA,IT
1954,abr-api,"tcp, udp",ABR-API (diskbridge),IANA,IT
1955,abr-secure,"tcp, udp",ABR-Secure Data (diskbridge),IANA,IT
1956,vrtl-vmf-ds,"tcp, udp",Vertel VMF DS,IANA,IT
1957,unix-status,"tcp, udp",unix-status,IANA,IT
1958,dxadmind,"tcp, udp",CA Administration Daemon,IANA,IT
1959,simp-all,"tcp, udp",SIMP Channel,IANA,IT
1960,nasmanager,"tcp, udp",Merit DAC NASmanager,IANA,IT
1961,bts-appserver,"tcp, udp",BTS APPSERVER,IANA,IT
1962,biap-mp,"tcp, udp",BIAP-MP,IANA,IT
1963,webmachine,"tcp, udp",WebMachine,IANA,IT
1964,solid-e-engine,"tcp, udp",SOLID E ENGINE,IANA,IT
1965,tivoli-npm,"tcp, udp",Tivoli NPM,IANA,IT
1966,slush,"tcp, udp",Slush,IANA,IT
1967,sns-quote,"tcp, udp",SNS Quote,IANA,IT
1968,lipsinc,"tcp, udp",LIPSinc,IANA,IT
1969,lipsinc1,"tcp, udp",LIPSinc 1,IANA,IT
1970,netop-rc,"tcp, udp",NetOp Remote Control,IANA,IT
1971,netop-school,"tcp, udp",NetOp School,IANA,IT
1972,intersys-cache,"tcp, udp",Cache,IANA,IT
1973,dlsrap,"tcp, udp",Data Link Switching Remote Access Protocol,IANA,IT
1974,drp,"tcp, udp",DRP,IANA,IT
1975,tcoflashagent,"tcp, udp",TCO Flash Agent,IANA,IT
1976,tcoregagent,"tcp, udp",TCO Reg Agent,IANA,IT
1977,tcoaddressbook,"tcp, udp",TCO Address Book,IANA,IT
1978,unisql,"tcp, udp",UniSQL,IANA,IT
1979,unisql-java,"tcp, udp",UniSQL Java,IANA,IT
1980,pearldoc-xact,"tcp, udp",PearlDoc XACT,IANA,IT
1981,p2pq,"tcp, udp",p2pQ,IANA,IT
1982,estamp,"tcp, udp",Evidentiary Timestamp,IANA,IT
1983,lhtp,"tcp, udp",Loophole Test Protocol,IANA,IT
1984,bb,"tcp, udp",BB,IANA,IT
1985,hsrp,"tcp, udp",Hot Standby Router Protocol,IANA,IT
1986,licensedaemon,"tcp, udp",cisco license management,IANA,IT
1987,tr-rsrb-p1,"tcp, udp",cisco RSRB Priority 1 port,IANA,IT
1988,tr-rsrb-p2,"tcp, udp",cisco RSRB Priority 2 port,IANA,IT
1989,"tr-rsrb-p3, mshnet","tcp, udp","cisco RSRB Priority 3 port, MHSnet system",IANA,IT
1990,stun-p1,"tcp, udp",cisco STUN Priority 1 port,IANA,IT
1991,stun-p2,"tcp, udp",cisco STUN Priority 2 port,IANA,IT
1992,"ipsendmsg, stun-p3","tcp, udp","cisco STUN Priority 3 port, IPsendmsg",IANA,IT
1993,snmp-tcp-port,"tcp, udp",cisco SNMP TCP port,IANA,IT
1994,stun-port,"tcp, udp",cisco serial tunnel port,IANA,IT
1995,perf-port,"tcp, udp",cisco perf port,IANA,IT
1996,tr-rsrb-port,"tcp, udp",cisco Remote SRB port,IANA,IT
1997,gdp-port,"tcp, udp",cisco Gateway Discovery Protocol,IANA,IT
1998,x25-svc-port,"tcp, udp",cisco X.25 service (XOT),IANA,IT
1999,tcp-id-port,"tcp, udp",cisco identification port,IANA,IT
2000,cisco-sccp,"tcp, udp","Cisco SCCp, Cisco SCCP",IANA,IT
2001,"wizard, dc","tcp, udp","nan, curry",IANA,IT
2002,globe,"tcp, udp",,IANA,IT
2003,brutus,"tcp, udp",Brutus Server,IANA,IT
2004,"mailbox, emce","tcp, udp","CCWS mm conf, nan",IANA,IT
2005,"berknet, oracle","tcp, udp",,IANA,IT
2006,"invokator, raid-cd","tcp, udp","raid, nan",IANA,IT
2007,"dectalk, raid-am","tcp, udp",,IANA,IT
2008,"terminaldb, conf","tcp, udp",,IANA,IT
2009,"whosockami, news","tcp, udp",,IANA,IT
2010,"pipe_server, pipe-server, search","tcp, udp","nan, IANA assigned this well-formed service name as a replacement for ""pipe_server"".",IANA,IT
2011,"servserv, raid-cc","tcp, udp","raid, nan",IANA,IT
2012,"raid-ac, ttyinfo","tcp, udp",,IANA,IT
2013,raid-cd,"tcp, udp",,IANA,IT
2014,"raid-sf, troff","tcp, udp",,IANA,IT
2015,"raid-cs, cypress","tcp, udp",,IANA,IT
2016,bootserver,"tcp, udp",,IANA,IT
2017,"bootclient, cypress-stat","tcp, udp",,IANA,IT
2018,rellpack,"tcp, udp",,IANA,IT
2019,about,"tcp, udp",,IANA,IT
2020,xinupageserver,"tcp, udp",,IANA,IT
2021,"xinuexpansion1, servexec","tcp, udp",,IANA,IT
2022,"xinuexpansion2, down","tcp, udp",,IANA,IT
2023,xinuexpansion3,"tcp, udp",,IANA,IT
2024,xinuexpansion4,"tcp, udp",,IANA,IT
2025,"xribs, ellpack","tcp, udp",,IANA,IT
2026,scrabble,"tcp, udp",,IANA,IT
2027,shadowserver,"tcp, udp",,IANA,IT
2028,submitserver,"tcp, udp",,IANA,IT
2029,hsrpv6,"tcp, udp",Hot Standby Router Protocol IPv6,IANA,IT
2030,device2,"tcp, udp",,IANA,IT
2031,mobrien-chat,"tcp, udp",mobrien-chat,IANA,IT
2032,blackboard,"tcp, udp",,IANA,IT
2033,glogger,"tcp, udp",,IANA,IT
2034,scoremgr,"tcp, udp",,IANA,IT
2035,imsldoc,"tcp, udp",,IANA,IT
2036,e-dpnet,"tcp, udp",Ethernet WS DP network,IANA,IT
2037,applus,"tcp, udp",APplus Application Server,IANA,IT
2038,objectmanager,"tcp, udp",,IANA,IT
2039,prizma,"tcp, udp",Prizma Monitoring Service,IANA,IT
2040,lam,"tcp, udp",,IANA,IT
2041,interbase,"tcp, udp",,IANA,IT
2042,isis,"tcp, udp",isis,IANA,IT
2043,isis-bcast,"tcp, udp",isis-bcast,IANA,IT
2044,rimsl,"tcp, udp",,IANA,IT
2045,cdfunc,"tcp, udp",,IANA,IT
2046,sdfunc,"tcp, udp",,IANA,IT
2047,dls,"tcp, udp",,IANA,IT
2048,dls-monitor,"tcp, udp",,IANA,IT
2049,"nfs, shilp","sctp, tcp, udp","Network File System - Sun Microsystems, nan, Network File System",IANA,IT
2050,av-emb-config,"tcp, udp",Avaya EMB Config Port,IANA,IT
2051,epnsdp,"tcp, udp",EPNSDP,IANA,IT
2052,clearvisn,"tcp, udp",clearVisn Services Port,IANA,IT
2053,lot105-ds-upd,"tcp, udp",Lot105 DSuper Updates,IANA,IT
2054,weblogin,"tcp, udp",Weblogin Port,IANA,IT
2055,iop,"tcp, udp",Iliad-Odyssey Protocol,IANA,IT
2056,omnisky,"tcp, udp",OmniSky Port,IANA,IT
2057,rich-cp,"tcp, udp",Rich Content Protocol,IANA,IT
2058,newwavesearch,"tcp, udp",NewWaveSearchables RMI,IANA,IT
2059,bmc-messaging,"tcp, udp",BMC Messaging Service,IANA,IT
2060,teleniumdaemon,"tcp, udp",Telenium Daemon IF,IANA,IT
2061,netmount,"tcp, udp",NetMount,IANA,IT
2062,icg-swp,"tcp, udp",ICG SWP Port,IANA,IT
2063,icg-bridge,"tcp, udp",ICG Bridge Port,IANA,IT
2064,icg-iprelay,"tcp, udp",ICG IP Relay Port,IANA,IT
2065,dlsrpn,"tcp, udp",Data Link Switch Read Port Number,IANA,IT
2066,aura,"tcp, udp",AVM USB Remote Architecture,IANA,IT
2067,dlswpn,"tcp, udp",Data Link Switch Write Port Number,IANA,IT
2068,avauthsrvprtcl,"tcp, udp",Avocent AuthSrv Protocol,IANA,IT
2069,event-port,"tcp, udp",HTTP Event Port,IANA,IT
2070,ah-esp-encap,"tcp, udp",AH and ESP Encapsulated in UDP packet,IANA,IT
2071,acp-port,"tcp, udp",Axon Control Protocol,IANA,IT
2072,msync,"tcp, udp",GlobeCast mSync,IANA,IT
2073,gxs-data-port,"tcp, udp",DataReel Database Socket,IANA,IT
2074,vrtl-vmf-sa,"tcp, udp",Vertel VMF SA,IANA,IT
2075,newlixengine,"tcp, udp",Newlix ServerWare Engine,IANA,IT
2076,newlixconfig,"tcp, udp",Newlix JSPConfig,IANA,IT
2077,tsrmagt,"tcp, udp",Old Tivoli Storage Manager,IANA,IT
2078,tpcsrvr,"tcp, udp",IBM Total Productivity Center Server,IANA,IT
2079,idware-router,"tcp, udp",IDWARE Router Port,IANA,IT
2080,autodesk-nlm,"tcp, udp",Autodesk NLM (FLEXlm),IANA,IT
2081,kme-trap-port,"tcp, udp",KME PRINTER TRAP PORT,IANA,IT
2082,infowave,"tcp, udp",Infowave Mobility Server,IANA,IT
2083,radsec,"tcp, udp",Secure Radius Service,IANA,IT
2084,sunclustergeo,"tcp, udp",SunCluster Geographic,IANA,IT
2085,ada-cip,"tcp, udp",ADA Control,IANA,IT
2086,gnunet,"tcp, udp",GNUnet,IANA,IT
2087,eli,"tcp, udp",ELI - Event Logging Integration,IANA,IT
2088,ip-blf,"tcp, udp",IP Busy Lamp Field,IANA,IT
2089,sep,"tcp, udp",Security Encapsulation Protocol - SEP,IANA,IT
2090,lrp,"tcp, udp",Load Report Protocol,IANA,IT
2091,prp,"tcp, udp",PRP,IANA,IT
2092,descent3,"tcp, udp",Descent 3,IANA,IT
2093,nbx-cc,"tcp, udp",NBX CC,IANA,IT
2094,nbx-au,"tcp, udp",NBX AU,IANA,IT
2095,nbx-ser,"tcp, udp",NBX SER,IANA,IT
2096,nbx-dir,"tcp, udp",NBX DIR,IANA,IT
2097,jetformpreview,"tcp, udp",Jet Form Preview,IANA,IT
2098,dialog-port,"tcp, udp",Dialog Port,IANA,IT
2099,h2250-annex-g,"tcp, udp",H.225.0 Annex G Signalling,IANA,IT
2100,amiganetfs,"tcp, udp",Amiga Network Filesystem,IANA,IT
2101,rtcm-sc104,"tcp, udp",rtcm-sc104,IANA,IT
2102,zephyr-srv,"tcp, udp",Zephyr server,IANA,IT
2103,zephyr-clt,"tcp, udp",Zephyr serv-hm connection,IANA,IT
2104,zephyr-hm,"tcp, udp",Zephyr hostmanager,IANA,IT
2105,minipay,"tcp, udp",MiniPay,IANA,IT
2106,mzap,"tcp, udp",MZAP,IANA,IT
2107,bintec-admin,"tcp, udp",BinTec Admin,IANA,IT
2108,comcam,"tcp, udp",Comcam,IANA,IT
2109,ergolight,"tcp, udp",Ergolight,IANA,IT
2110,umsp,"tcp, udp",UMSP,IANA,IT
2111,dsatp,"tcp, udp",OPNET Dynamic Sampling Agent Transaction Protocol,IANA,IT
2112,idonix-metanet,"tcp, udp",Idonix MetaNet,IANA,IT
2113,hsl-storm,"tcp, udp",HSL StoRM,IANA,IT
2114,ariascribe,"tcp, udp",Classical Music Meta-Data Access and Enhancement,IANA,IT
2115,kdm,"tcp, udp",Key Distribution Manager,IANA,IT
2116,ccowcmr,"tcp, udp",CCOWCMR,IANA,IT
2117,mentaclient,"tcp, udp",MENTACLIENT,IANA,IT
2118,mentaserver,"tcp, udp",MENTASERVER,IANA,IT
2119,gsigatekeeper,"tcp, udp",GSIGATEKEEPER,IANA,IT
2120,qencp,"tcp, udp",Quick Eagle Networks CP,IANA,IT
2121,scientia-ssdb,"tcp, udp",SCIENTIA-SSDB,IANA,IT
2122,caupc-remote,"tcp, udp",CauPC Remote Control,IANA,IT
2123,gtp-control,"tcp, udp",GTP-Control Plane (3GPP),IANA,IT
2124,elatelink,"tcp, udp",ELATELINK,IANA,IT
2125,lockstep,"tcp, udp",LOCKSTEP,IANA,IT
2126,pktcable-cops,"tcp, udp",PktCable-COPS,IANA,IT
2127,index-pc-wb,"tcp, udp",INDEX-PC-WB,IANA,IT
2128,net-steward,"tcp, udp",Net Steward Control,IANA,IT
2129,cs-live,"tcp, udp",cs-live.com,IANA,IT
2130,xds,"tcp, udp",XDS,IANA,IT
2131,avantageb2b,"tcp, udp",Avantageb2b,IANA,IT
2132,solera-epmap,"tcp, udp",SoleraTec End Point Map,IANA,IT
2133,zymed-zpp,"tcp, udp",ZYMED-ZPP,IANA,IT
2134,avenue,"tcp, udp",AVENUE,IANA,IT
2135,gris,"tcp, udp",Grid Resource Information Server,IANA,IT
2136,appworxsrv,"tcp, udp",APPWORXSRV,IANA,IT
2137,connect,"tcp, udp",CONNECT,IANA,IT
2138,unbind-cluster,"tcp, udp",UNBIND-CLUSTER,IANA,IT
2139,ias-auth,"tcp, udp",IAS-AUTH,IANA,IT
2140,ias-reg,"tcp, udp",IAS-REG,IANA,IT
2141,ias-admind,"tcp, udp",IAS-ADMIND,IANA,IT
2142,tdmoip,"tcp, udp",TDM OVER IP,IANA,IT
2143,lv-jc,"tcp, udp",Live Vault Job Control,IANA,IT
2144,lv-ffx,"tcp, udp",Live Vault Fast Object Transfer,IANA,IT
2145,lv-pici,"tcp, udp",Live Vault Remote Diagnostic Console Support,IANA,IT
2146,lv-not,"tcp, udp",Live Vault Admin Event Notification,IANA,IT
2147,lv-auth,"tcp, udp",Live Vault Authentication,IANA,IT
2148,veritas-ucl,"tcp, udp",VERITAS UNIVERSAL COMMUNICATION LAYER,IANA,IT
2149,acptsys,"tcp, udp",ACPTSYS,IANA,IT
2150,dynamic3d,"tcp, udp",DYNAMIC3D,IANA,IT
2151,docent,"tcp, udp",DOCENT,IANA,IT
2152,gtp-user,"tcp, udp",GTP-User Plane (3GPP),IANA,IT
2153,ctlptc,"tcp, udp",Control Protocol,IANA,IT
2154,stdptc,"tcp, udp",Standard Protocol,IANA,IT
2155,brdptc,"tcp, udp",Bridge Protocol,IANA,IT
2156,trp,"tcp, udp",Talari Reliable Protocol,IANA,IT
2157,xnds,"tcp, udp",Xerox Network Document Scan Protocol,IANA,IT
2158,touchnetplus,"tcp, udp",TouchNetPlus Service,IANA,IT
2159,gdbremote,"tcp, udp",GDB Remote Debug Port,IANA,IT
2160,apc-2160,"tcp, udp",APC 2160,IANA,IT
2161,apc-2161,"tcp, udp",APC 2161,IANA,IT
2162,navisphere,"tcp, udp",Navisphere,IANA,IT
2163,navisphere-sec,"tcp, udp",Navisphere Secure,IANA,IT
2164,ddns-v3,"tcp, udp",Dynamic DNS Version 3,IANA,IT
2165,x-bone-api,"tcp, udp",X-Bone API,IANA,IT
2166,iwserver,"tcp, udp",iwserver,IANA,IT
2167,raw-serial,"tcp, udp",Raw Async Serial Link,IANA,IT
2168,easy-soft-mux,"tcp, udp",easy-soft Multiplexer,IANA,IT
2169,brain,"tcp, udp",Backbone for Academic Information Notification (BRAIN),IANA,IT
2170,eyetv,"tcp, udp",EyeTV Server Port,IANA,IT
2171,msfw-storage,"tcp, udp",MS Firewall Storage,IANA,IT
2172,msfw-s-storage,"tcp, udp",MS Firewall SecureStorage,IANA,IT
2173,msfw-replica,"tcp, udp",MS Firewall Replication,IANA,IT
2174,msfw-array,"tcp, udp",MS Firewall Intra Array,IANA,IT
2175,airsync,"tcp, udp",Microsoft Desktop AirSync Protocol,IANA,IT
2176,rapi,"tcp, udp",Microsoft ActiveSync Remote API,IANA,IT
2177,qwave,"tcp, udp",qWAVE Bandwidth Estimate,IANA,IT
2178,bitspeer,"tcp, udp",Peer Services for BITS,IANA,IT
2179,vmrdp,"tcp, udp",Microsoft RDP for virtual machines,IANA,IT
2180,mc-gt-srv,"tcp, udp",Millicent Vendor Gateway Server,IANA,IT
2181,eforward,"tcp, udp",eforward,IANA,IT
2182,cgn-stat,"tcp, udp",CGN status,IANA,IT
2183,cgn-config,"tcp, udp",Code Green configuration,IANA,IT
2184,nvd,"tcp, udp",NVD User,IANA,IT
2185,onbase-dds,"tcp, udp",OnBase Distributed Disk Services,IANA,IT
2186,gtaua,"tcp, udp",Guy-Tek Automated Update Applications,IANA,IT
2187,"ssmd, ssmc","tcp, udp","Sepehr System Management Data, Sepehr System Management Control",IANA,IT
2188,radware-rpm,"tcp, udp",Radware Resource Pool Manager,IANA,IT
2189,radware-rpm-s,"tcp, udp",Secure Radware Resource Pool Manager,IANA,IT
2190,tivoconnect,"tcp, udp",TiVoConnect Beacon,IANA,IT
2191,tvbus,"tcp, udp",TvBus Messaging,IANA,IT
2192,asdis,"tcp, udp",ASDIS software management,IANA,IT
2193,drwcs,"tcp, udp",Dr.Web Enterprise Management Service,IANA,IT
2194,,,Unassigned,IANA,IT
2195,,,Unassigned,IANA,IT
2196,,,Unassigned,IANA,IT
2197,mnp-exchange,"tcp, udp",MNP data exchange,IANA,IT
2198,onehome-remote,"tcp, udp",OneHome Remote Access,IANA,IT
2199,onehome-help,"tcp, udp",OneHome Service Port,IANA,IT
2201,ats,"tcp, udp",Advanced Training System Program,IANA,IT
2202,imtc-map,"tcp, udp",Int. Multimedia Teleconferencing Cosortium,IANA,IT
2203,b2-runtime,"tcp, udp",b2 Runtime Protocol,IANA,IT
2204,b2-license,"tcp, udp",b2 License Server,IANA,IT
2205,jps,"tcp, udp",Java Presentation Server,IANA,IT
2206,hpocbus,"tcp, udp",HP OpenCall bus,IANA,IT
2207,hpssd,"tcp, udp",HP Status and Services,IANA,IT
2208,hpiod,"tcp, udp",HP I/O Backend,IANA,IT
2209,rimf-ps,"tcp, udp",HP RIM for Files Portal Service,IANA,IT
2210,noaaport,"tcp, udp",NOAAPORT Broadcast Network,IANA,IT
2211,emwin,"tcp, udp",EMWIN,IANA,IT
2212,leecoposserver,"tcp, udp",LeeCO POS Server Service,IANA,IT
2213,kali,"tcp, udp",Kali,IANA,IT
2214,rpi,"tcp, udp",RDQ Protocol Interface,IANA,IT
2215,ipcore,"tcp, udp",IPCore.co.za GPRS,IANA,IT
2216,vtu-comms,"tcp, udp",VTU data service,IANA,IT
2217,gotodevice,"tcp, udp",GoToDevice Device Management,IANA,IT
2218,bounzza,"tcp, udp",Bounzza IRC Proxy,IANA,IT
2219,netiq-ncap,"tcp, udp",NetIQ NCAP Protocol,IANA,IT
2220,netiq,"tcp, udp",NetIQ End2End,IANA,IT
2221,ethernet-ip-s,"tcp, udp","EtherNet/IP over DTLS, EtherNet/IP over TLS",IANA,ICS
2222,EtherNet/IP,udp,EtherNet/IP,https://github.com/ITI/ICS-Security-Tools/tree/master/protocols,ICS
2223,rockwell-csp2,"tcp, udp",Rockwell CSP2,IANA,IT
2224,efi-mg,"tcp, udp",Easy Flexible Internet/Multiplayer Games,IANA,IT
2225,"nan, rcip-itu","sctp, tcp, udp","Resource Connection Initiation Protocol, Reserved",IANA,IT
2226,di-drm,"tcp, udp",Digital Instinct DRM,IANA,IT
2227,di-msg,"tcp, udp",DI Messaging Service,IANA,IT
2228,ehome-ms,"tcp, udp",eHome Message Server,IANA,IT
2229,datalens,"tcp, udp",DataLens Service,IANA,IT
2230,queueadm,"tcp, udp",MetaSoft Job Queue Administration Service,IANA,IT
2231,wimaxasncp,"tcp, udp",WiMAX ASN Control Plane Protocol,IANA,IT
2232,ivs-video,"tcp, udp",IVS Video default,IANA,IT
2233,infocrypt,"tcp, udp",INFOCRYPT,IANA,IT
2234,directplay,"tcp, udp",DirectPlay,IANA,IT
2235,sercomm-wlink,"tcp, udp",Sercomm-WLink,IANA,IT
2236,nani,"tcp, udp",Nani,IANA,IT
2237,optech-port1-lm,"tcp, udp",Optech Port1 License Manager,IANA,IT
2238,aviva-sna,"tcp, udp",AVIVA SNA SERVER,IANA,IT
2239,imagequery,"tcp, udp",Image Query,IANA,IT
2240,recipe,"tcp, udp",RECIPe,IANA,IT
2241,ivsd,"tcp, udp",IVS Daemon,IANA,IT
2242,foliocorp,"tcp, udp",Folio Remote Server,IANA,IT
2243,magicom,"tcp, udp",Magicom Protocol,IANA,IT
2244,nmsserver,"tcp, udp",NMS Server,IANA,IT
2245,hao,"tcp, udp",HaO,IANA,IT
2246,pc-mta-addrmap,"tcp, udp",PacketCable MTA Addr Map,IANA,IT
2247,antidotemgrsvr,"tcp, udp",Antidote Deployment Manager Service,IANA,IT
2248,ums,"tcp, udp",User Management Service,IANA,IT
2249,rfmp,"tcp, udp",RISO File Manager Protocol,IANA,IT
2250,remote-collab,"tcp, udp",remote-collab,IANA,IT
2251,dif-port,"tcp, udp",Distributed Framework Port,IANA,IT
2252,njenet-ssl,"tcp, udp",NJENET using SSL,IANA,IT
2253,dtv-chan-req,"tcp, udp",DTV Channel Request,IANA,IT
2254,seispoc,"tcp, udp",Seismic P.O.C. Port,IANA,IT
2255,vrtp,"tcp, udp",VRTP - ViRtue Transfer Protocol,IANA,IT
2256,pcc-mfp,"tcp, udp",PCC MFP,IANA,IT
2257,simple-tx-rx,"tcp, udp",simple text/file transfer,IANA,IT
2258,rcts,"tcp, udp",Rotorcraft Communications Test System,IANA,IT
2259,bid-serv,"tcp, udp",BIF identifiers resolution service,IANA,IT
2260,apc-2260,"tcp, udp",APC 2260,IANA,IT
2261,comotionmaster,"tcp, udp",CoMotion Master Server,IANA,IT
2262,comotionback,"tcp, udp",CoMotion Backup Server,IANA,IT
2263,ecwcfg,"tcp, udp",ECweb Configuration Service,IANA,IT
2264,apx500api-1,"tcp, udp",Audio Precision Apx500 API Port 1,IANA,IT
2265,apx500api-2,"tcp, udp",Audio Precision Apx500 API Port 2,IANA,IT
2266,mfserver,"tcp, udp","M-files Server, M-Files Server",IANA,IT
2267,ontobroker,"tcp, udp",OntoBroker,IANA,IT
2268,amt,"tcp, udp",AMT,IANA,IT
2269,mikey,"tcp, udp",MIKEY,IANA,IT
2270,starschool,"tcp, udp",starSchool,IANA,IT
2271,mmcals,"tcp, udp",Secure Meeting Maker Scheduling,IANA,IT
2272,mmcal,"tcp, udp",Meeting Maker Scheduling,IANA,IT
2273,mysql-im,"tcp, udp",MySQL Instance Manager,IANA,IT
2274,pcttunnell,"tcp, udp",PCTTunneller,IANA,IT
2275,ibridge-data,"tcp, udp",iBridge Conferencing,IANA,IT
2276,ibridge-mgmt,"tcp, udp",iBridge Management,IANA,IT
2277,bluectrlproxy,"tcp, udp",Bt device control proxy,IANA,IT
2278,s3db,"tcp, udp",Simple Stacked Sequences Database,IANA,IT
2279,xmquery,"tcp, udp",xmquery,IANA,IT
2280,lnvpoller,"tcp, udp",LNVPOLLER,IANA,IT
2281,lnvconsole,"tcp, udp",LNVCONSOLE,IANA,IT
2282,lnvalarm,"tcp, udp",LNVALARM,IANA,IT
2283,lnvstatus,"tcp, udp",LNVSTATUS,IANA,IT
2284,lnvmaps,"tcp, udp",LNVMAPS,IANA,IT
2285,lnvmailmon,"tcp, udp",LNVMAILMON,IANA,IT
2286,nas-metering,"tcp, udp",NAS-Metering,IANA,IT
2287,dna,"tcp, udp",DNA,IANA,IT
2288,netml,"tcp, udp",NETML,IANA,IT
2289,dict-lookup,"tcp, udp",Lookup dict server,IANA,IT
2290,sonus-logging,"tcp, udp",Sonus Logging Services,IANA,IT
2291,eapsp,"tcp, udp",EPSON Advanced Printer Share Protocol,IANA,IT
2292,mib-streaming,"tcp, udp",Sonus Element Management Services,IANA,IT
2293,npdbgmngr,"tcp, udp",Network Platform Debug Manager,IANA,IT
2294,konshus-lm,"tcp, udp",Konshus License Manager (FLEX),IANA,IT
2295,advant-lm,"tcp, udp",Advant License Manager,IANA,IT
2296,theta-lm,"tcp, udp",Theta License Manager (Rainbow),IANA,IT
2297,d2k-datamover1,"tcp, udp",D2K DataMover 1,IANA,IT
2298,d2k-datamover2,"tcp, udp",D2K DataMover 2,IANA,IT
2299,pc-telecommute,"tcp, udp",PC Telecommute,IANA,IT
2300,cvmmon,"tcp, udp",CVMMON,IANA,IT
2301,cpq-wbem,"tcp, udp",Compaq HTTP,IANA,IT
2302,binderysupport,"tcp, udp",Bindery Support,IANA,IT
2303,proxy-gateway,"tcp, udp",Proxy Gateway,IANA,IT
2304,attachmate-uts,"tcp, udp",Attachmate UTS,IANA,IT
2305,mt-scaleserver,"tcp, udp",MT ScaleServer,IANA,IT
2306,tappi-boxnet,"tcp, udp",TAPPI BoxNet,IANA,IT
2307,pehelp,"tcp, udp",pehelp,IANA,IT
2308,sdhelp,"tcp, udp",sdhelp,IANA,IT
2309,sdserver,"tcp, udp",SD Server,IANA,IT
2310,sdclient,"tcp, udp",SD Client,IANA,IT
2311,messageservice,"tcp, udp",Message Service,IANA,IT
2312,wanscaler,"tcp, udp",WANScaler Communication Service,IANA,IT
2313,iapp,"tcp, udp",IAPP (Inter Access Point Protocol),IANA,IT
2314,cr-websystems,"tcp, udp",CR WebSystems,IANA,IT
2315,precise-sft,"tcp, udp",Precise Sft.,IANA,IT
2316,sent-lm,"tcp, udp",SENT License Manager,IANA,IT
2317,attachmate-g32,"tcp, udp",Attachmate G32,IANA,IT
2318,cadencecontrol,"tcp, udp",Cadence Control,IANA,IT
2319,infolibria,"tcp, udp",InfoLibria,IANA,IT
2320,siebel-ns,"tcp, udp",Siebel NS,IANA,IT
2321,rdlap,"tcp, udp",RDLAP,IANA,IT
2322,ofsd,"tcp, udp",ofsd,IANA,IT
2323,3d-nfsd,"tcp, udp",3d-nfsd,IANA,IT
2324,cosmocall,"tcp, udp",Cosmocall,IANA,IT
2325,ansysli,"tcp, udp",ANSYS Licensing Interconnect,IANA,IT
2326,idcp,"tcp, udp",IDCP,IANA,IT
2327,xingcsm,"tcp, udp",xingcsm,IANA,IT
2328,netrix-sftm,"tcp, udp",Netrix SFTM,IANA,IT
2329,nvd,"tcp, udp",NVD,IANA,IT
2330,tscchat,"tcp, udp",TSCCHAT,IANA,IT
2331,agentview,"tcp, udp",AGENTVIEW,IANA,IT
2332,rcc-host,"tcp, udp",RCC Host,IANA,IT
2333,snapp,"tcp, udp",SNAPP,IANA,IT
2334,ace-client,"tcp, udp",ACE Client Auth,IANA,IT
2335,ace-proxy,"tcp, udp",ACE Proxy,IANA,IT
2336,appleugcontrol,"tcp, udp",Apple UG Control,IANA,IT
2337,ideesrv,"tcp, udp",ideesrv,IANA,IT
2338,norton-lambert,"tcp, udp",Norton Lambert,IANA,IT
2339,3com-webview,"tcp, udp",3Com WebView,IANA,IT
2340,"wrs-registry, wrs_registry","tcp, udp","WRS Registry, WRS Registry
IANA assigned this well-formed service name as a replacement for ""wrs_registry"".",IANA,IT
2341,xiostatus,"tcp, udp",XIO Status,IANA,IT
2342,manage-exec,"tcp, udp",Seagate Manage Exec,IANA,IT
2343,nati-logos,"tcp, udp",nati logos,IANA,IT
2344,fcmsys,"tcp, udp",fcmsys,IANA,IT
2345,dbm,"tcp, udp",dbm,IANA,IT
2346,"redstorm-join, redstorm_join","tcp, udp","Game Connection Port
IANA assigned this well-formed service name as a replacement for ""redstorm_join""., Game Connection Port",IANA,IT
2347,"redstorm_find, redstorm-find","tcp, udp","Game Announcement and Location
IANA assigned this well-formed service name as a replacement for ""redstorm_find""., Game Announcement and Location",IANA,IT
2348,"redstorm_info, redstorm-info","tcp, udp","Information to query for game status, Information to query for game status
IANA assigned this well-formed service name as a replacement for ""redstorm_info"".",IANA,IT
2349,"redstorm-diag, redstorm_diag","tcp, udp","Diagnostics Port
IANA assigned this well-formed service name as a replacement for ""redstorm_diag""., Diagnostics Port",IANA,IT
2350,psbserver,"tcp, udp",Pharos Booking Server,IANA,IT
2351,psrserver,"tcp, udp",psrserver,IANA,IT
2352,pslserver,"tcp, udp",pslserver,IANA,IT
2353,pspserver,"tcp, udp",pspserver,IANA,IT
2354,psprserver,"tcp, udp",psprserver,IANA,IT
2355,psdbserver,"tcp, udp",psdbserver,IANA,IT
2356,gxtelmd,"tcp, udp",GXT License Managemant,IANA,IT
2357,unihub-server,"tcp, udp",UniHub Server,IANA,IT
2358,futrix,"tcp, udp",Futrix,IANA,IT
2359,flukeserver,"tcp, udp",FlukeServer,IANA,IT
2360,nexstorindltd,"tcp, udp",NexstorIndLtd,IANA,IT
2361,tl1,"tcp, udp",TL1,IANA,IT
2362,digiman,"tcp, udp",digiman,IANA,IT
2363,mediacntrlnfsd,"tcp, udp",Media Central NFSD,IANA,IT
2364,oi-2000,"tcp, udp",OI-2000,IANA,IT
2365,dbref,"tcp, udp",dbref,IANA,IT
2366,qip-login,"tcp, udp",qip-login,IANA,IT
2367,service-ctrl,"tcp, udp",Service Control,IANA,IT
2368,opentable,"tcp, udp",OpenTable,IANA,IT
2369,bif-p2p,"tcp, udp",Blockchain Identifier InFrastructure P2P,IANA,IT
2370,l3-hbmon,"tcp, udp",L3-HBMon,IANA,IT
2371,rda,"tcp, udp",Remote Device Access,IANA,IT
2372,lanmessenger,"tcp, udp",LanMessenger,IANA,IT
2373,remographlm,"tcp, udp",Remograph License Manager,IANA,IT
2374,hydra,"tcp, udp",Hydra RPC,IANA,IT
2375,docker,"tcp, udp",Docker REST API (plain text),IANA,IT
2376,docker-s,tcp,Docker REST API (ssl),IANA,IT
2377,swarm,"tcp, udp",RPC interface for Docker Swarm,IANA,IT
2378,dali,"tcp, udp",DALI lighting control,IANA,IT
2379,etcd-client,"tcp, udp",etcd client communication,IANA,IT
2380,etcd-server,"tcp, udp",etcd server to server communication,IANA,IT
2381,compaq-https,"tcp, udp",Compaq HTTPS,IANA,IT
2382,ms-olap3,"tcp, udp",Microsoft OLAP,IANA,IT
2383,ms-olap4,"tcp, udp",Microsoft OLAP,IANA,IT
2384,"sd-request, sd-capacity","tcp, udp","SD-REQUEST, SD-CAPACITY",IANA,IT
2385,sd-data,"tcp, udp",SD-DATA,IANA,IT
2386,virtualtape,"tcp, udp",Virtual Tape,IANA,IT
2387,vsamredirector,"tcp, udp",VSAM Redirector,IANA,IT
2388,mynahautostart,"tcp, udp",MYNAH AutoStart,IANA,IT
2389,ovsessionmgr,"tcp, udp",OpenView Session Mgr,IANA,IT
2390,rsmtp,"tcp, udp",RSMTP,IANA,IT
2391,3com-net-mgmt,"tcp, udp",3COM Net Management,IANA,IT
2392,tacticalauth,"tcp, udp",Tactical Auth,IANA,IT
2393,ms-olap1,"tcp, udp",MS OLAP 1,IANA,IT
2394,ms-olap2,"tcp, udp",MS OLAP 2,IANA,IT
2395,"lan900_remote, lan900-remote","tcp, udp","LAN900 Remote
IANA assigned this well-formed service name as a replacement for ""lan900_remote""., LAN900 Remote",IANA,IT
2396,wusage,"tcp, udp",Wusage,IANA,IT
2397,ncl,"tcp, udp",NCL,IANA,IT
2398,orbiter,"tcp, udp",Orbiter,IANA,IT
2399,fmpro-fdal,"tcp, udp","FileMaker, Inc. - Data Access Layer",IANA,IT
2400,opequus-server,"tcp, udp",OpEquus Server,IANA,IT
2401,cvspserver,"tcp, udp",cvspserver,IANA,IT
2402,taskmaster2000,"tcp, udp",TaskMaster 2000 Server,IANA,IT
2403,taskmaster2000,"tcp, udp",TaskMaster 2000 Web,IANA,IT
2404,iec-104,"tcp, udp",IEC 60870-5-104 process control over IP,IANA,IT
2405,trc-netpoll,"tcp, udp",TRC Netpoll,IANA,IT
2406,jediserver,"tcp, udp",JediServer,IANA,IT
2407,orion,"tcp, udp",Orion,IANA,IT
2408,railgun-webaccl,"tcp, udp",CloudFlare Railgun Web Acceleration Protocol,IANA,IT
2409,sns-protocol,"tcp, udp",SNS Protocol,IANA,IT
2410,vrts-registry,"tcp, udp",VRTS Registry,IANA,IT
2411,netwave-ap-mgmt,"tcp, udp",Netwave AP Management,IANA,IT
2412,cdn,"tcp, udp",CDN,IANA,IT
2413,orion-rmi-reg,"tcp, udp",orion-rmi-reg,IANA,IT
2414,beeyond,"tcp, udp",Beeyond,IANA,IT
2415,codima-rtp,"tcp, udp",Codima Remote Transaction Protocol,IANA,IT
2416,rmtserver,"tcp, udp",RMT Server,IANA,IT
2417,composit-server,"tcp, udp",Composit Server,IANA,IT
2418,cas,"tcp, udp",cas,IANA,IT
2419,attachmate-s2s,"tcp, udp",Attachmate S2S,IANA,IT
2420,dslremote-mgmt,"tcp, udp",DSL Remote Management,IANA,IT
2421,g-talk,"tcp, udp",G-Talk,IANA,IT
2422,crmsbits,"tcp, udp",CRMSBITS,IANA,IT
2423,rnrp,"tcp, udp",RNRP,IANA,IT
2424,kofax-svr,"tcp, udp",KOFAX-SVR,IANA,IT
2425,fjitsuappmgr,"tcp, udp",Fujitsu App Manager,IANA,IT
2426,vcmp,"tcp, udp",VeloCloud MultiPath Protocol,IANA,IT
2427,mgcp-gateway,"tcp, udp",Media Gateway Control Protocol Gateway,IANA,IT
2428,ott,"tcp, udp",One Way Trip Time,IANA,IT
2429,ft-role,"tcp, udp",FT-ROLE,IANA,IT
2430,venus,"tcp, udp",venus,IANA,IT
2431,venus-se,"tcp, udp",venus-se,IANA,IT
2432,codasrv,"tcp, udp",codasrv,IANA,IT
2433,codasrv-se,"tcp, udp",codasrv-se,IANA,IT
2434,pxc-epmap,"tcp, udp",pxc-epmap,IANA,IT
2435,optilogic,"tcp, udp",OptiLogic,IANA,IT
2436,topx,"tcp, udp",TOP/X,IANA,IT
2437,unicontrol,"tcp, udp",UniControl,IANA,IT
2438,msp,"tcp, udp",MSP,IANA,IT
2439,sybasedbsynch,"tcp, udp",SybaseDBSynch,IANA,IT
2440,spearway,"tcp, udp",Spearway Lockers,IANA,IT
2441,pvsw-inet,"tcp, udp",Pervasive I*net Data Server,IANA,IT
2442,netangel,"tcp, udp",Netangel,IANA,IT
2443,powerclientcsf,"tcp, udp",PowerClient Central Storage Facility,IANA,IT
2444,btpp2sectrans,"tcp, udp",BT PP2 Sectrans,IANA,IT
2445,dtn1,"tcp, udp",DTN1,IANA,IT
2446,"bues_service, bues-service","tcp, udp","bues_service, bues_service
IANA assigned this well-formed service name as a replacement for ""bues_service"".",IANA,IT
2447,ovwdb,"tcp, udp",OpenView NNM daemon,IANA,IT
2448,hpppssvr,"tcp, udp",hpppsvr,IANA,IT
2449,ratl,"tcp, udp",RATL,IANA,IT
2450,netadmin,"tcp, udp",netadmin,IANA,IT
2451,netchat,"tcp, udp",netchat,IANA,IT
2452,snifferclient,"tcp, udp",SnifferClient,IANA,IT
2453,madge-ltd,"tcp, udp",madge ltd,IANA,IT
2454,indx-dds,"tcp, udp",IndX-DDS,IANA,IT
2455,wago-io-system,"tcp, udp",WAGO-IO-SYSTEM,IANA,IT
2456,altav-remmgt,"tcp, udp",altav-remmgt,IANA,IT
2457,rapido-ip,"tcp, udp",Rapido_IP,IANA,IT
2458,griffin,"tcp, udp",griffin,IANA,IT
2459,xrpl,"tcp, udp",Community,IANA,IT
2460,ms-theater,"tcp, udp",ms-theater,IANA,IT
2461,qadmifoper,"tcp, udp",qadmifoper,IANA,IT
2462,qadmifevent,"tcp, udp",qadmifevent,IANA,IT
2463,lsi-raid-mgmt,"tcp, udp",LSI RAID Management,IANA,IT
2464,direcpc-si,"tcp, udp",DirecPC SI,IANA,IT
2465,lbm,"tcp, udp",Load Balance Management,IANA,IT
2466,lbf,"tcp, udp",Load Balance Forwarding,IANA,IT
2467,high-criteria,"tcp, udp",High Criteria,IANA,IT
2468,qip-msgd,"tcp, udp",qip_msgd,IANA,IT
2469,mti-tcs-comm,"tcp, udp",MTI-TCS-COMM,IANA,IT
2470,taskman-port,"tcp, udp",taskman port,IANA,IT
2471,seaodbc,"tcp, udp",SeaODBC,IANA,IT
2472,c3,"tcp, udp",C3,IANA,IT
2473,aker-cdp,"tcp, udp",Aker-cdp,IANA,IT
2474,vitalanalysis,"tcp, udp",Vital Analysis,IANA,IT
2475,ace-server,"tcp, udp",ACE Server,IANA,IT
2476,ace-svr-prop,"tcp, udp",ACE Server Propagation,IANA,IT
2477,ssm-cvs,"tcp, udp",SecurSight Certificate Valifation Service,IANA,IT
2478,ssm-cssps,"tcp, udp",SecurSight Authentication Server (SSL),IANA,IT
2479,ssm-els,"tcp, udp",SecurSight Event Logging Server (SSL),IANA,IT
2480,powerexchange,"tcp, udp",Informatica PowerExchange Listener,IANA,IT
2481,giop,"tcp, udp",Oracle GIOP,IANA,IT
2482,giop-ssl,"tcp, udp",Oracle GIOP SSL,IANA,IT
2483,ttc,"tcp, udp",Oracle TTC,IANA,IT
2484,ttc-ssl,"tcp, udp",Oracle TTC SSL,IANA,IT
2485,netobjects1,"tcp, udp",Net Objects1,IANA,IT
2486,netobjects2,"tcp, udp",Net Objects2,IANA,IT
2487,pns,"tcp, udp",Policy Notice Service,IANA,IT
2488,moy-corp,"tcp, udp",Moy Corporation,IANA,IT
2489,tsilb,"tcp, udp",TSILB,IANA,IT
2490,qip-qdhcp,"tcp, udp",qip_qdhcp,IANA,IT
2491,conclave-cpp,"tcp, udp",Conclave CPP,IANA,IT
2492,groove,"tcp, udp",GROOVE,IANA,IT
2493,talarian-mqs,"tcp, udp",Talarian MQS,IANA,IT
2494,bmc-ar,"tcp, udp",BMC AR,IANA,IT
2495,fast-rem-serv,"tcp, udp",Fast Remote Services,IANA,IT
2496,dirgis,"tcp, udp",DIRGIS,IANA,IT
2497,quaddb,"tcp, udp",Quad DB,IANA,IT
2498,odn-castraq,"tcp, udp",ODN-CasTraq,IANA,IT
2500,rtsserv,"tcp, udp",Resource Tracking system server,IANA,IT
2501,rtsclient,"tcp, udp",Resource Tracking system client,IANA,IT
2502,kentrox-prot,"tcp, udp",Kentrox Protocol,IANA,IT
2503,nms-dpnss,"tcp, udp",NMS-DPNSS,IANA,IT
2504,wlbs,"tcp, udp",WLBS,IANA,IT
2505,ppcontrol,"tcp, udp",PowerPlay Control,IANA,IT
2506,jbroker,"tcp, udp",jbroker,IANA,IT
2507,spock,"tcp, udp",spock,IANA,IT
2508,jdatastore,"tcp, udp",JDataStore,IANA,IT
2509,fjmpss,"tcp, udp",fjmpss,IANA,IT
2510,fjappmgrbulk,"tcp, udp",fjappmgrbulk,IANA,IT
2511,metastorm,"tcp, udp",Metastorm,IANA,IT
2512,citrixima,"tcp, udp",Citrix IMA,IANA,IT
2513,citrixadmin,"tcp, udp",Citrix ADMIN,IANA,IT
2514,facsys-ntp,"tcp, udp",Facsys NTP,IANA,IT
2515,facsys-router,"tcp, udp",Facsys Router,IANA,IT
2516,maincontrol,"tcp, udp",Main Control,IANA,IT
2517,call-sig-trans,"tcp, udp",H.323 Annex E Call Control Signalling Transport,IANA,IT
2518,willy,"tcp, udp",Willy,IANA,IT
2519,globmsgsvc,"tcp, udp",globmsgsvc,IANA,IT
2520,pvsw,"tcp, udp",Pervasive Listener,IANA,IT
2521,adaptecmgr,"tcp, udp",Adaptec Manager,IANA,IT
2522,windb,"tcp, udp",WinDb,IANA,IT
2523,qke-llc-v3,"tcp, udp",Qke LLC V.3,IANA,IT
2524,optiwave-lm,"tcp, udp",Optiwave License Management,IANA,IT
2525,ms-v-worlds,"tcp, udp",MS V-Worlds,IANA,IT
2526,ema-sent-lm,"tcp, udp",EMA License Manager,IANA,IT
2527,iqserver,"tcp, udp",IQ Server,IANA,IT
2528,"ncr_ccl, ncr-ccl","tcp, udp","NCR CCL
IANA assigned this well-formed service name as a replacement for ""ncr_ccl""., NCR CCL",IANA,IT
2529,utsftp,"tcp, udp",UTS FTP,IANA,IT
2530,vrcommerce,"tcp, udp",VR Commerce,IANA,IT
2531,ito-e-gui,"tcp, udp",ITO-E GUI,IANA,IT
2532,ovtopmd,"tcp, udp",OVTOPMD,IANA,IT
2533,snifferserver,"tcp, udp",SnifferServer,IANA,IT
2534,combox-web-acc,"tcp, udp",Combox Web Access,IANA,IT
2535,madcap,"tcp, udp",MADCAP,IANA,IT
2536,btpp2audctr1,"tcp, udp",btpp2audctr1,IANA,IT
2537,upgrade,"tcp, udp",Upgrade Protocol,IANA,IT
2538,vnwk-prapi,"tcp, udp",vnwk-prapi,IANA,IT
2539,vsiadmin,"tcp, udp",VSI Admin,IANA,IT
2540,lonworks,"tcp, udp",LonWorks,IANA,IT
2541,lonworks2,"tcp, udp",LonWorks2,IANA,IT
2542,udrawgraph,"tcp, udp",uDraw(Graph),IANA,IT
2543,reftek,"tcp, udp",REFTEK,IANA,IT
2544,novell-zen,"tcp, udp",Management Daemon Refresh,IANA,IT
2545,sis-emt,"tcp, udp",sis-emt,IANA,IT
2546,vytalvaultbrtp,"tcp, udp",vytalvaultbrtp,IANA,IT
2547,vytalvaultvsmp,"tcp, udp",vytalvaultvsmp,IANA,IT
2548,vytalvaultpipe,"tcp, udp",vytalvaultpipe,IANA,IT
2549,ipass,"tcp, udp",IPASS,IANA,IT
2550,ads,"tcp, udp",ADS,IANA,IT
2551,isg-uda-server,"tcp, udp",ISG UDA Server,IANA,IT
2552,call-logging,"tcp, udp",Call Logging,IANA,IT
2553,efidiningport,"tcp, udp",efidiningport,IANA,IT
2554,vcnet-link-v10,"tcp, udp",VCnet-Link v10,IANA,IT
2555,compaq-wcp,"tcp, udp",Compaq WCP,IANA,IT
2556,nicetec-nmsvc,"tcp, udp",nicetec-nmsvc,IANA,IT
2557,nicetec-mgmt,"tcp, udp",nicetec-mgmt,IANA,IT
2558,pclemultimedia,"tcp, udp",PCLE Multi Media,IANA,IT
2559,lstp,"tcp, udp",LSTP,IANA,IT
2560,labrat,"tcp, udp",labrat,IANA,IT
2561,mosaixcc,"tcp, udp",MosaixCC,IANA,IT
2562,delibo,"tcp, udp",Delibo,IANA,IT
2563,cti-redwood,"tcp, udp",CTI Redwood,IANA,IT
2564,hp-3000-telnet,"tcp, udp",HP 3000 NS/VT block mode telnet,IANA,IT
2565,coord-svr,"tcp, udp",Coordinator Server,IANA,IT
2566,pcs-pcw,"tcp, udp",pcs-pcw,IANA,IT
2567,clp,"tcp, udp",Cisco Line Protocol,IANA,IT
2568,spamtrap,"tcp, udp",SPAM TRAP,IANA,IT
2569,sonuscallsig,"tcp, udp",Sonus Call Signal,IANA,IT
2570,hs-port,"tcp, udp",HS Port,IANA,IT
2571,cecsvc,"tcp, udp",CECSVC,IANA,IT
2572,ibp,"tcp, udp",IBP,IANA,IT
2573,trustestablish,"tcp, udp",Trust Establish,IANA,IT
2574,blockade-bpsp,"tcp, udp",Blockade BPSP,IANA,IT
2575,hl7,"tcp, udp",HL7,IANA,IT
2576,tclprodebugger,"tcp, udp",TCL Pro Debugger,IANA,IT
2577,scipticslsrvr,"tcp, udp",Scriptics Lsrvr,IANA,IT
2578,rvs-isdn-dcp,"tcp, udp",RVS ISDN DCP,IANA,IT
2579,mpfoncl,"tcp, udp",mpfoncl,IANA,IT
2580,tributary,"tcp, udp",Tributary,IANA,IT
2581,argis-te,"tcp, udp",ARGIS TE,IANA,IT
2582,argis-ds,"tcp, udp",ARGIS DS,IANA,IT
2583,mon,"tcp, udp",MON,IANA,IT
2584,cyaserv,"tcp, udp",cyaserv,IANA,IT
2585,netx-server,"tcp, udp",NETX Server,IANA,IT
2586,netx-agent,"tcp, udp",NETX Agent,IANA,IT
2587,masc,"tcp, udp",MASC,IANA,IT
2588,privilege,"tcp, udp",Privilege,IANA,IT
2589,quartus-tcl,"tcp, udp",quartus tcl,IANA,IT
2590,idotdist,"tcp, udp",idotdist,IANA,IT
2591,maytagshuffle,"tcp, udp",Maytag Shuffle,IANA,IT
2592,netrek,"tcp, udp",netrek,IANA,IT
2593,mns-mail,"tcp, udp",MNS Mail Notice Service,IANA,IT
2594,dts,"tcp, udp",Data Base Server,IANA,IT
2595,worldfusion1,"tcp, udp",World Fusion 1,IANA,IT
2596,worldfusion2,"tcp, udp",World Fusion 2,IANA,IT
2597,homesteadglory,"tcp, udp",Homestead Glory,IANA,IT
2598,citriximaclient,"tcp, udp",Citrix MA Client,IANA,IT
2599,snapd,"tcp, udp",Snap Discovery,IANA,IT
2600,hpstgmgr,"tcp, udp",HPSTGMGR,IANA,IT
2601,discp-client,"tcp, udp",discp client,IANA,IT
2602,discp-server,"tcp, udp",discp server,IANA,IT
2603,servicemeter,"tcp, udp",Service Meter,IANA,IT
2604,nsc-ccs,"tcp, udp",NSC CCS,IANA,IT
2605,nsc-posa,"tcp, udp",NSC POSA,IANA,IT
2606,netmon,"tcp, udp",Dell Netmon,IANA,IT
2607,connection,"tcp, udp",Dell Connection,IANA,IT
2608,wag-service,"tcp, udp",Wag Service,IANA,IT
2609,system-monitor,"tcp, udp",System Monitor,IANA,IT
2610,versa-tek,"tcp, udp",VersaTek,IANA,IT
2611,lionhead,"tcp, udp",LIONHEAD,IANA,IT
2612,qpasa-agent,"tcp, udp",Qpasa Agent,IANA,IT
2613,smntubootstrap,"tcp, udp",SMNTUBootstrap,IANA,IT
2614,neveroffline,"tcp, udp",Never Offline,IANA,IT
2615,firepower,"tcp, udp",firepower,IANA,IT
2616,appswitch-emp,"tcp, udp",appswitch-emp,IANA,IT
2617,cmadmin,"tcp, udp",Clinical Context Managers,IANA,IT
2618,priority-e-com,"tcp, udp",Priority E-Com,IANA,IT
2619,bruce,"tcp, udp",bruce,IANA,IT
2620,lpsrecommender,"tcp, udp",LPSRecommender,IANA,IT
2621,miles-apart,"tcp, udp",Miles Apart Jukebox Server,IANA,IT
2622,metricadbc,"tcp, udp",MetricaDBC,IANA,IT
2623,lmdp,"tcp, udp",LMDP,IANA,IT
2624,aria,"tcp, udp",Aria,IANA,IT
2625,blwnkl-port,"tcp, udp",Blwnkl Port,IANA,IT
2626,gbjd816,"tcp, udp",gbjd816,IANA,IT
2627,moshebeeri,"tcp, udp",Moshe Beeri,IANA,IT
2628,dict,"tcp, udp",DICT,IANA,IT
2629,sitaraserver,"tcp, udp",Sitara Server,IANA,IT
2630,sitaramgmt,"tcp, udp",Sitara Management,IANA,IT
2631,sitaradir,"tcp, udp",Sitara Dir,IANA,IT
2632,irdg-post,"tcp, udp",IRdg Post,IANA,IT
2633,interintelli,"tcp, udp",InterIntelli,IANA,IT
2634,pk-electronics,"tcp, udp",PK Electronics,IANA,IT
2635,backburner,"tcp, udp",Back Burner,IANA,IT
2636,solve,"tcp, udp",Solve,IANA,IT
2637,imdocsvc,"tcp, udp",Import Document Service,IANA,IT
2638,sybaseanywhere,"tcp, udp",Sybase Anywhere,IANA,IT
2639,aminet,"tcp, udp",AMInet,IANA,IT
2640,ami-control,"tcp, udp",Alcorn McBride Inc protocol used for device control,IANA,IT
2641,hdl-srv,"tcp, udp",HDL Server,IANA,IT
2642,tragic,"tcp, udp",Tragic,IANA,IT
2643,gte-samp,"tcp, udp",GTE-SAMP,IANA,IT
2644,travsoft-ipx-t,"tcp, udp",Travsoft IPX Tunnel,IANA,IT
2645,novell-ipx-cmd,"tcp, udp",Novell IPX CMD,IANA,IT
2646,and-lm,"tcp, udp",AND License Manager,IANA,IT
2647,syncserver,"tcp, udp",SyncServer,IANA,IT
2648,upsnotifyprot,"tcp, udp",Upsnotifyprot,IANA,IT
2649,vpsipport,"tcp, udp",VPSIPPORT,IANA,IT
2650,eristwoguns,"tcp, udp",eristwoguns,IANA,IT
2651,ebinsite,"tcp, udp",EBInSite,IANA,IT
2652,interpathpanel,"tcp, udp",InterPathPanel,IANA,IT
2653,sonus,"tcp, udp",Sonus,IANA,IT
2654,"corel_vncadmin, corel-vncadmin","tcp, udp","Corel VNC Admin
IANA assigned this well-formed service name as a replacement for ""corel_vncadmin""., Corel VNC Admin",IANA,IT
2655,unglue,"tcp, udp",UNIX Nt Glue,IANA,IT
2656,kana,"tcp, udp",Kana,IANA,IT
2657,sns-dispatcher,"tcp, udp",SNS Dispatcher,IANA,IT
2658,sns-admin,"tcp, udp",SNS Admin,IANA,IT
2659,sns-query,"tcp, udp",SNS Query,IANA,IT
2660,gcmonitor,"tcp, udp",GC Monitor,IANA,IT
2661,olhost,"tcp, udp",OLHOST,IANA,IT
2662,bintec-capi,"tcp, udp",BinTec-CAPI,IANA,IT
2663,bintec-tapi,"tcp, udp",BinTec-TAPI,IANA,IT
2664,patrol-mq-gm,"tcp, udp",Patrol for MQ GM,IANA,IT
2665,patrol-mq-nm,"tcp, udp",Patrol for MQ NM,IANA,IT
2666,extensis,"tcp, udp",extensis,IANA,IT
2667,alarm-clock-s,"tcp, udp",Alarm Clock Server,IANA,IT
2668,alarm-clock-c,"tcp, udp",Alarm Clock Client,IANA,IT
2669,toad,"tcp, udp",TOAD,IANA,IT
2670,tve-announce,"tcp, udp",TVE Announce,IANA,IT
2671,newlixreg,"tcp, udp",newlixreg,IANA,IT
2672,nhserver,"tcp, udp",nhserver,IANA,IT
2673,firstcall42,"tcp, udp",First Call 42,IANA,IT
2674,ewnn,"tcp, udp",ewnn,IANA,IT
2675,ttc-etap,"tcp, udp",TTC ETAP,IANA,IT
2676,simslink,"tcp, udp",SIMSLink,IANA,IT
2677,gadgetgate1way,"tcp, udp",Gadget Gate 1 Way,IANA,IT
2678,gadgetgate2way,"tcp, udp",Gadget Gate 2 Way,IANA,IT
2679,syncserverssl,"tcp, udp",Sync Server SSL,IANA,IT
2680,pxc-sapxom,"tcp, udp",pxc-sapxom,IANA,IT
2681,mpnjsomb,"tcp, udp",mpnjsomb,IANA,IT
2683,ncdloadbalance,"tcp, udp",NCDLoadBalance,IANA,IT
2684,mpnjsosv,"tcp, udp",mpnjsosv,IANA,IT
2685,mpnjsocl,"tcp, udp",mpnjsocl,IANA,IT
2686,mpnjsomg,"tcp, udp",mpnjsomg,IANA,IT
2687,pq-lic-mgmt,"tcp, udp",pq-lic-mgmt,IANA,IT
2688,md-cg-http,"tcp, udp",md-cf-http,IANA,IT
2689,fastlynx,"tcp, udp",FastLynx,IANA,IT
2690,hp-nnm-data,"tcp, udp",HP NNM Embedded Database,IANA,IT
2691,itinternet,"tcp, udp",ITInternet ISM Server,IANA,IT
2692,admins-lms,"tcp, udp",Admins LMS,IANA,IT
2694,pwrsevent,"tcp, udp",pwrsevent,IANA,IT
2695,vspread,"tcp, udp",VSPREAD,IANA,IT
2696,unifyadmin,"tcp, udp",Unify Admin,IANA,IT
2697,oce-snmp-trap,"tcp, udp",Oce SNMP Trap Port,IANA,IT
2698,mck-ivpip,"tcp, udp",MCK-IVPIP,IANA,IT
2699,csoft-plusclnt,"tcp, udp",Csoft Plus Client,IANA,IT
2700,tqdata,"tcp, udp",tqdata,IANA,IT
2701,sms-rcinfo,"tcp, udp",SMS RCINFO,IANA,IT
2702,sms-xfer,"tcp, udp",SMS XFER,IANA,IT
2703,sms-chat,"tcp, udp",SMS CHAT,IANA,IT
2704,sms-remctrl,"tcp, udp",SMS REMCTRL,IANA,IT
2705,sds-admin,"tcp, udp",SDS Admin,IANA,IT
2706,ncdmirroring,"tcp, udp",NCD Mirroring,IANA,IT
2707,emcsymapiport,"tcp, udp",EMCSYMAPIPORT,IANA,IT
2708,banyan-net,"tcp, udp",Banyan-Net,IANA,IT
2709,supermon,"tcp, udp",Supermon,IANA,IT
2710,sso-service,"tcp, udp",SSO Service,IANA,IT
2711,sso-control,"tcp, udp",SSO Control,IANA,IT
2712,aocp,"tcp, udp",Axapta Object Communication Protocol,IANA,IT
2713,raventbs,"tcp, udp",Raven Trinity Broker Service,IANA,IT
2714,raventdm,"tcp, udp",Raven Trinity Data Mover,IANA,IT
2715,hpstgmgr2,"tcp, udp",HPSTGMGR2,IANA,IT
2716,inova-ip-disco,"tcp, udp",Inova IP Disco,IANA,IT
2717,pn-requester,"tcp, udp",PN REQUESTER,IANA,IT
2718,pn-requester2,"tcp, udp",PN REQUESTER 2,IANA,IT
2719,scan-change,"tcp, udp",Scan & Change,IANA,IT
2720,wkars,"tcp, udp",wkars,IANA,IT
2721,smart-diagnose,"tcp, udp",Smart Diagnose,IANA,IT
2722,proactivesrvr,"tcp, udp",Proactive Server,IANA,IT
2723,watchdog-nt,"tcp, udp",WatchDog NT Protocol,IANA,IT
2724,qotps,"tcp, udp",qotps,IANA,IT
2725,msolap-ptp2,"tcp, udp",MSOLAP PTP2,IANA,IT
2726,tams,"tcp, udp",TAMS,IANA,IT
2727,mgcp-callagent,"tcp, udp",Media Gateway Control Protocol Call Agent,IANA,IT
2728,sqdr,"tcp, udp",SQDR,IANA,IT
2729,tcim-control,"tcp, udp",TCIM Control,IANA,IT
2730,nec-raidplus,"tcp, udp",NEC RaidPlus,IANA,IT
2731,fyre-messanger,"tcp, udp",Fyre Messanger,IANA,IT
2732,g5m,"tcp, udp",G5M,IANA,IT
2733,signet-ctf,"tcp, udp",Signet CTF,IANA,IT
2734,ccs-software,"tcp, udp",CCS Software,IANA,IT
2735,netiq-mc,"tcp, udp",NetIQ Monitor Console,IANA,IT
2736,radwiz-nms-srv,"tcp, udp",RADWIZ NMS SRV,IANA,IT
2737,srp-feedback,"tcp, udp",SRP Feedback,IANA,IT
2738,ndl-tcp-ois-gw,"tcp, udp",NDL TCP-OSI Gateway,IANA,IT
2739,tn-timing,"tcp, udp",TN Timing,IANA,IT
2740,alarm,"tcp, udp",Alarm,IANA,IT
2741,tsb,"tcp, udp",TSB,IANA,IT
2742,tsb2,"tcp, udp",TSB2,IANA,IT
2743,murx,"tcp, udp",murx,IANA,IT
2744,honyaku,"tcp, udp",honyaku,IANA,IT
2745,urbisnet,"tcp, udp",URBISNET,IANA,IT
2746,cpudpencap,"tcp, udp",CPUDPENCAP,IANA,IT
2747,fjippol-swrly,"tcp, udp",,IANA,IT
2748,fjippol-polsvr,"tcp, udp",,IANA,IT
2749,fjippol-cnsl,"tcp, udp",,IANA,IT
2750,fjippol-port1,"tcp, udp",,IANA,IT
2751,fjippol-port2,"tcp, udp",,IANA,IT
2752,rsisysaccess,"tcp, udp",RSISYS ACCESS,IANA,IT
2753,de-spot,"tcp, udp",de-spot,IANA,IT
2754,apollo-cc,"tcp, udp",APOLLO CC,IANA,IT
2755,expresspay,"tcp, udp",Express Pay,IANA,IT
2756,simplement-tie,"tcp, udp",simplement-tie,IANA,IT
2757,cnrp,"tcp, udp",CNRP,IANA,IT
2758,apollo-status,"tcp, udp",APOLLO Status,IANA,IT
2759,apollo-gms,"tcp, udp",APOLLO GMS,IANA,IT
2760,sabams,"tcp, udp",Saba MS,IANA,IT
2761,dicom-iscl,"tcp, udp",DICOM ISCL,IANA,IT
2762,dicom-tls,"tcp, udp",DICOM TLS,IANA,IT
2763,desktop-dna,"tcp, udp",Desktop DNA,IANA,IT
2764,data-insurance,"tcp, udp",Data Insurance,IANA,IT
2765,qip-audup,"tcp, udp",qip-audup,IANA,IT
2766,compaq-scp,"tcp, udp",Compaq SCP,IANA,IT
2767,uadtc,"tcp, udp",UADTC,IANA,IT
2768,uacs,"tcp, udp",UACS,IANA,IT
2769,exce,"tcp, udp",eXcE,IANA,IT
2770,veronica,"tcp, udp",Veronica,IANA,IT
2771,vergencecm,"tcp, udp",Vergence CM,IANA,IT
2772,auris,"tcp, udp",auris,IANA,IT
2773,rbakcup1,"tcp, udp",RBackup Remote Backup,IANA,IT
2774,rbakcup2,"tcp, udp",RBackup Remote Backup,IANA,IT
2775,smpp,"tcp, udp",SMPP,IANA,IT
2776,ridgeway1,"tcp, udp",Ridgeway Systems & Software,IANA,IT
2777,ridgeway2,"tcp, udp",Ridgeway Systems & Software,IANA,IT
2778,gwen-sonya,"tcp, udp",Gwen-Sonya,IANA,IT
2779,lbc-sync,"tcp, udp",LBC Sync,IANA,IT
2780,lbc-control,"tcp, udp",LBC Control,IANA,IT
2781,whosells,"tcp, udp",whosells,IANA,IT
2782,everydayrc,"tcp, udp",everydayrc,IANA,IT
2783,aises,"tcp, udp",AISES,IANA,IT
2784,www-dev,"tcp, udp",world wide web - development,IANA,IT
2785,aic-np,"tcp, udp",aic-np,IANA,IT
2786,aic-oncrpc,"tcp, udp",aic-oncrpc - Destiny MCD database,IANA,IT
2787,piccolo,"tcp, udp",piccolo - Cornerstone Software,IANA,IT
2788,fryeserv,"tcp, udp",NetWare Loadable Module - Seagate Software,IANA,IT
2789,media-agent,"tcp, udp",Media Agent,IANA,IT
2790,plgproxy,"tcp, udp",PLG Proxy,IANA,IT
2791,mtport-regist,"tcp, udp",MT Port Registrator,IANA,IT
2792,f5-globalsite,"tcp, udp",f5-globalsite,IANA,IT
2793,initlsmsad,"tcp, udp",initlsmsad,IANA,IT
2794,urp,"tcp, udp",Uniform Resource Platform,IANA,IT
2795,livestats,"tcp, udp",LiveStats,IANA,IT
2796,ac-tech,"tcp, udp",ac-tech,IANA,IT
2797,esp-encap,"tcp, udp",esp-encap,IANA,IT
2798,tmesis-upshot,"tcp, udp",TMESIS-UPShot,IANA,IT
2799,icon-discover,"tcp, udp",ICON Discover,IANA,IT
2800,acc-raid,"tcp, udp",ACC RAID,IANA,IT
2801,igcp,"tcp, udp",IGCP,IANA,IT
2802,"veritas-tcp1, veritas-udp1","tcp, udp","Veritas TCP1, Veritas UDP1",IANA,IT
2803,btprjctrl,"tcp, udp",btprjctrl,IANA,IT
2804,dvr-esm,"tcp, udp",March Networks Digital Video Recorders and Enterprise Service Manager products,IANA,IT
2805,wta-wsp-s,"tcp, udp",WTA WSP-S,IANA,IT
2806,cspuni,"tcp, udp",cspuni,IANA,IT
2807,cspmulti,"tcp, udp",cspmulti,IANA,IT
2808,j-lan-p,"tcp, udp",J-LAN-P,IANA,IT
2809,corbaloc,"tcp, udp",CORBA LOC,IANA,IT
2810,netsteward,"tcp, udp",Active Net Steward,IANA,IT
2811,gsiftp,"tcp, udp",GSI FTP,IANA,IT
2812,atmtcp,"tcp, udp",atmtcp,IANA,IT
2813,llm-pass,"tcp, udp",llm-pass,IANA,IT
2814,llm-csv,"tcp, udp",llm-csv,IANA,IT
2815,lbc-measure,"tcp, udp",LBC Measurement,IANA,IT
2816,lbc-watchdog,"tcp, udp",LBC Watchdog,IANA,IT
2817,nmsigport,"tcp, udp",NMSig Port,IANA,IT
2818,rmlnk,"tcp, udp",rmlnk,IANA,IT
2819,fc-faultnotify,"tcp, udp",FC Fault Notification,IANA,IT
2820,univision,"tcp, udp",UniVision,IANA,IT
2821,vrts-at-port,"tcp, udp",VERITAS Authentication Service,IANA,IT
2822,ka0wuc,"tcp, udp",ka0wuc,IANA,IT
2823,cqg-netlan,"tcp, udp",CQG Net/LAN,IANA,IT
2824,cqg-netlan-1,"tcp, udp","CQG Net/Lan 1, CQG Net/LAN 1",IANA,IT
2825,,,(unassigned) Possibly assigned,IANA,IT
2826,slc-systemlog,"tcp, udp",slc systemlog,IANA,IT
2827,slc-ctrlrloops,"tcp, udp",slc ctrlrloops,IANA,IT
2828,itm-lm,"tcp, udp",ITM License Manager,IANA,IT
2829,silkp1,"tcp, udp",silkp1,IANA,IT
2830,silkp2,"tcp, udp",silkp2,IANA,IT
2831,silkp3,"tcp, udp",silkp3,IANA,IT
2832,silkp4,"tcp, udp",silkp4,IANA,IT
2833,glishd,"tcp, udp",glishd,IANA,IT
2834,evtp,"tcp, udp",EVTP,IANA,IT
2835,evtp-data,"tcp, udp",EVTP-DATA,IANA,IT
2836,catalyst,"tcp, udp",catalyst,IANA,IT
2837,repliweb,"tcp, udp",Repliweb,IANA,IT
2838,starbot,"tcp, udp",Starbot,IANA,IT
2839,nmsigport,"tcp, udp",NMSigPort,IANA,IT
2840,l3-exprt,"tcp, udp",l3-exprt,IANA,IT
2841,l3-ranger,"tcp, udp",l3-ranger,IANA,IT
2842,l3-hawk,"tcp, udp",l3-hawk,IANA,IT
2843,pdnet,"tcp, udp",PDnet,IANA,IT
2844,bpcp-poll,"tcp, udp",BPCP POLL,IANA,IT
2845,bpcp-trap,"tcp, udp",BPCP TRAP,IANA,IT
2846,aimpp-hello,"tcp, udp",AIMPP Hello,IANA,IT
2847,aimpp-port-req,"tcp, udp",AIMPP Port Req,IANA,IT
2848,amt-blc-port,"tcp, udp",AMT-BLC-PORT,IANA,IT
2849,fxp,"tcp, udp",FXP,IANA,IT
2850,metaconsole,"tcp, udp",MetaConsole,IANA,IT
2851,webemshttp,"tcp, udp",webemshttp,IANA,IT
2852,bears-01,"tcp, udp",bears-01,IANA,IT
2853,ispipes,"tcp, udp",ISPipes,IANA,IT
2854,infomover,"tcp, udp",InfoMover,IANA,IT
2855,msrp,"tcp, udp",MSRP over TCP,IANA,IT
2856,cesdinv,"tcp, udp",cesdinv,IANA,IT
2857,simctlp,"tcp, udp",SimCtIP,IANA,IT
2858,ecnp,"tcp, udp",ECNP,IANA,IT
2859,activememory,"tcp, udp",Active Memory,IANA,IT
2860,dialpad-voice1,"tcp, udp",Dialpad Voice 1,IANA,IT
2861,dialpad-voice2,"tcp, udp",Dialpad Voice 2,IANA,IT
2862,ttg-protocol,"tcp, udp",TTG Protocol,IANA,IT
2863,sonardata,"tcp, udp",Sonar Data,IANA,IT
2864,astronova-main,"tcp, udp",main 5001 cmd,IANA,IT
2865,pit-vpn,"tcp, udp",pit-vpn,IANA,IT
2866,iwlistener,"tcp, udp",iwlistener,IANA,IT
2867,esps-portal,"tcp, udp",esps-portal,IANA,IT
2868,npep-messaging,"tcp, udp",Norman Proprietaqry Events Protocol,IANA,IT
2869,icslap,"tcp, udp",ICSLAP,IANA,IT
2870,daishi,"tcp, udp",daishi,IANA,IT
2871,msi-selectplay,"tcp, udp",MSI Select Play,IANA,IT
2872,radix,"tcp, udp",RADIX,IANA,IT
2873,psrt,"tcp, udp",PubSub Realtime Telemetry Protocol,IANA,IT
2874,dxmessagebase1,"tcp, udp",DX Message Base Transport Protocol,IANA,IT
2875,dxmessagebase2,"tcp, udp",DX Message Base Transport Protocol,IANA,IT
2876,sps-tunnel,"tcp, udp",SPS Tunnel,IANA,IT
2877,bluelance,"tcp, udp",BLUELANCE,IANA,IT
2878,aap,"tcp, udp",AAP,IANA,IT
2879,ucentric-ds,"tcp, udp",ucentric-ds,IANA,IT
2880,synapse,"tcp, udp",Synapse Transport,IANA,IT
2881,ndsp,"tcp, udp",NDSP,IANA,IT
2882,ndtp,"tcp, udp",NDTP,IANA,IT
2883,ndnp,"tcp, udp",NDNP,IANA,IT
2884,flashmsg,"tcp, udp",Flash Msg,IANA,IT
2885,topflow,"tcp, udp",TopFlow,IANA,IT
2886,responselogic,"tcp, udp",RESPONSELOGIC,IANA,IT
2887,aironetddp,"tcp, udp",aironet,IANA,IT
2888,spcsdlobby,"tcp, udp",SPCSDLOBBY,IANA,IT
2889,rsom,"tcp, udp",RSOM,IANA,IT
2890,cspclmulti,"tcp, udp",CSPCLMULTI,IANA,IT
2891,cinegrfx-elmd,"tcp, udp",CINEGRFX-ELMD License Manager,IANA,IT
2892,snifferdata,"tcp, udp",SNIFFERDATA,IANA,IT
2893,vseconnector,"tcp, udp",VSECONNECTOR,IANA,IT
2894,abacus-remote,"tcp, udp",ABACUS-REMOTE,IANA,IT
2895,natuslink,"tcp, udp",NATUS LINK,IANA,IT
2896,ecovisiong6-1,"tcp, udp",ECOVISIONG6-1,IANA,IT
2897,citrix-rtmp,"tcp, udp",Citrix RTMP,IANA,IT
2898,appliance-cfg,"tcp, udp",APPLIANCE-CFG,IANA,IT
2899,powergemplus,"tcp, udp",POWERGEMPLUS,IANA,IT
2900,quicksuite,"tcp, udp",QUICKSUITE,IANA,IT
2901,allstorcns,"tcp, udp",ALLSTORCNS,IANA,IT
2902,netaspi,"tcp, udp",NET ASPI,IANA,IT
2903,suitcase,"tcp, udp",SUITCASE,IANA,IT
2904,m2ua,"sctp, tcp, udp",M2UA,IANA,IT
2905,"nan, m3ua","sctp, tcp, udp","De-registered, M3UA",IANA,IT
2906,caller9,"tcp, udp",CALLER9,IANA,IT
2907,webmethods-b2b,"tcp, udp",WEBMETHODS B2B,IANA,IT
2908,mao,"tcp, udp",mao,IANA,IT
2909,funk-dialout,"tcp, udp",Funk Dialout,IANA,IT
2910,tdaccess,"tcp, udp",TDAccess,IANA,IT
2911,blockade,"tcp, udp",Blockade,IANA,IT
2912,epicon,"tcp, udp",Epicon,IANA,IT
2913,boosterware,"tcp, udp",Booster Ware,IANA,IT
2914,gamelobby,"tcp, udp",Game Lobby,IANA,IT
2915,tksocket,"tcp, udp",TK Socket,IANA,IT
2916,"elvin-server, elvin_server","tcp, udp","Elvin Server, Elvin Server
IANA assigned this well-formed service name as a replacement for ""elvin_server"".",IANA,IT
2917,"elvin_client, elvin-client","tcp, udp","Elvin Client
IANA assigned this well-formed service name as a replacement for ""elvin_client""., Elvin Client",IANA,IT
2918,kastenchasepad,"tcp, udp",Kasten Chase Pad,IANA,IT
2919,roboer,"tcp, udp",roboER,IANA,IT
2920,roboeda,"tcp, udp",roboEDA,IANA,IT
2921,cesdcdman,"tcp, udp",CESD Contents Delivery Management,IANA,IT
2922,cesdcdtrn,"tcp, udp",CESD Contents Delivery Data Transfer,IANA,IT
2923,wta-wsp-wtp-s,"tcp, udp",WTA-WSP-WTP-S,IANA,IT
2924,precise-vip,"tcp, udp",PRECISE-VIP,IANA,IT
2925,,,Unassigned (FRP-Released 12/7/00),IANA,IT
2926,mobile-file-dl,"tcp, udp",MOBILE-FILE-DL,IANA,IT
2927,unimobilectrl,"tcp, udp",UNIMOBILECTRL,IANA,IT
2928,redstone-cpss,"tcp, udp",REDSTONE-CPSS,IANA,IT
2929,amx-webadmin,"tcp, udp",AMX-WEBADMIN,IANA,IT
2930,amx-weblinx,"tcp, udp",AMX-WEBLINX,IANA,IT
2931,circle-x,"tcp, udp",Circle-X,IANA,IT
2932,incp,"tcp, udp",INCP,IANA,IT
2933,4-tieropmgw,"tcp, udp",4-TIER OPM GW,IANA,IT
2934,4-tieropmcli,"tcp, udp",4-TIER OPM CLI,IANA,IT
2935,qtp,"tcp, udp",QTP,IANA,IT
2936,otpatch,"tcp, udp",OTPatch,IANA,IT
2937,pnaconsult-lm,"tcp, udp",PNACONSULT-LM,IANA,IT
2938,sm-pas-1,"tcp, udp",SM-PAS-1,IANA,IT
2939,sm-pas-2,"tcp, udp",SM-PAS-2,IANA,IT
2940,sm-pas-3,"tcp, udp",SM-PAS-3,IANA,IT
2941,sm-pas-4,"tcp, udp",SM-PAS-4,IANA,IT
2942,sm-pas-5,"tcp, udp",SM-PAS-5,IANA,IT
2943,ttnrepository,"tcp, udp",TTNRepository,IANA,IT
2944,megaco-h248,"sctp, tcp, udp","Megaco-H.248 text, Megaco H-248",IANA,IT
2945,h248-binary,"sctp, tcp, udp","Megaco/H.248 binary, H248 Binary",IANA,IT
2946,fjsvmpor,"tcp, udp",FJSVmpor,IANA,IT
2947,gpsd,"tcp, udp",GPS Daemon request/response protocol,IANA,IT
2948,wap-push,"tcp, udp",WAP PUSH,IANA,IT
2949,wap-pushsecure,"tcp, udp",WAP PUSH SECURE,IANA,IT
2950,esip,"tcp, udp",ESIP,IANA,IT
2951,ottp,"tcp, udp",OTTP,IANA,IT
2952,mpfwsas,"tcp, udp",MPFWSAS,IANA,IT
2953,ovalarmsrv,"tcp, udp",OVALARMSRV,IANA,IT
2954,ovalarmsrv-cmd,"tcp, udp",OVALARMSRV-CMD,IANA,IT
2955,csnotify,"tcp, udp",CSNOTIFY,IANA,IT
2956,ovrimosdbman,"tcp, udp",OVRIMOSDBMAN,IANA,IT
2957,jmact5,"tcp, udp",JAMCT5,IANA,IT
2958,jmact6,"tcp, udp",JAMCT6,IANA,IT
2959,rmopagt,"tcp, udp",RMOPAGT,IANA,IT
2960,dfoxserver,"tcp, udp",DFOXSERVER,IANA,IT
2961,boldsoft-lm,"tcp, udp",BOLDSOFT-LM,IANA,IT
2962,iph-policy-cli,"tcp, udp",IPH-POLICY-CLI,IANA,IT
2963,iph-policy-adm,"tcp, udp",IPH-POLICY-ADM,IANA,IT
2964,bullant-srap,"tcp, udp",BULLANT SRAP,IANA,IT
2965,bullant-rap,"tcp, udp",BULLANT RAP,IANA,IT
2966,idp-infotrieve,"tcp, udp",IDP-INFOTRIEVE,IANA,IT
2967,ssc-agent,"tcp, udp",SSC-AGENT,IANA,IT
2968,enpp,"tcp, udp",ENPP,IANA,IT
2969,essp,"tcp, udp",ESSP,IANA,IT
2970,index-net,"tcp, udp",INDEX-NET,IANA,IT
2971,netclip,"tcp, udp",NetClip clipboard daemon,IANA,IT
2972,pmsm-webrctl,"tcp, udp",PMSM Webrctl,IANA,IT
2973,svnetworks,"tcp, udp",SV Networks,IANA,IT
2974,signal,"tcp, udp",Signal,IANA,IT
2975,fjmpcm,"tcp, udp",Fujitsu Configuration Management Service,IANA,IT
2976,cns-srv-port,"tcp, udp",CNS Server Port,IANA,IT
2977,ttc-etap-ns,"tcp, udp",TTCs Enterprise Test Access Protocol - NS,IANA,IT
2978,ttc-etap-ds,"tcp, udp",TTCs Enterprise Test Access Protocol - DS,IANA,IT
2979,h263-video,"tcp, udp",H.263 Video Streaming,IANA,IT
2980,wimd,"tcp, udp",Instant Messaging Service,IANA,IT
2981,mylxamport,"tcp, udp",MYLXAMPORT,IANA,IT
2982,iwb-whiteboard,"tcp, udp",IWB-WHITEBOARD,IANA,IT
2983,netplan,"tcp, udp",NETPLAN,IANA,IT
2984,hpidsadmin,"tcp, udp",HPIDSADMIN,IANA,IT
2985,hpidsagent,"tcp, udp",HPIDSAGENT,IANA,IT
2986,stonefalls,"tcp, udp",STONEFALLS,IANA,IT
2987,identify,"tcp, udp",identify,IANA,IT
2988,hippad,"tcp, udp",HIPPA Reporting Protocol,IANA,IT
2989,zarkov,"tcp, udp",ZARKOV Intelligent Agent Communication,IANA,IT
2990,boscap,"tcp, udp",BOSCAP,IANA,IT
2991,wkstn-mon,"tcp, udp",WKSTN-MON,IANA,IT
2992,avenyo,"tcp, udp",Avenyo Server,IANA,IT
2993,veritas-vis1,"tcp, udp",VERITAS VIS1,IANA,IT
2994,veritas-vis2,"tcp, udp",VERITAS VIS2,IANA,IT
2995,idrs,"tcp, udp",IDRS,IANA,IT
2996,vsixml,"tcp, udp",vsixml,IANA,IT
2997,rebol,"tcp, udp",REBOL,IANA,IT
2998,realsecure,"tcp, udp",Real Secure,IANA,IT
2999,remoteware-un,"tcp, udp",RemoteWare Unassigned,IANA,IT
3000,"hbci, remoteware-cl","tcp, udp","HBCI, RemoteWare Client",IANA,IT
3001,origo-native,"tcp, udp",OrigoDB Server Native Interface,IANA,IT
3002,"remoteware-srv, exlm-agent","tcp, udp","RemoteWare Server, EXLM Agent",IANA,IT
3003,cgms,"tcp, udp",CGMS,IANA,IT
3004,csoftragent,"tcp, udp",Csoft Agent,IANA,IT
3005,geniuslm,"tcp, udp",Genius License Manager,IANA,IT
3006,ii-admin,"tcp, udp",Instant Internet Admin,IANA,IT
3007,lotusmtap,"tcp, udp",Lotus Mail Tracking Agent Protocol,IANA,IT
3008,midnight-tech,"tcp, udp",Midnight Technologies,IANA,IT
3009,pxc-ntfy,"tcp, udp",PXC-NTFY,IANA,IT
3010,"ping-pong, gw","tcp, udp",Telerate Workstation,IANA,IT
3011,trusted-web,"tcp, udp",Trusted Web,IANA,IT
3012,twsdss,"tcp, udp",Trusted Web Client,IANA,IT
3013,gilatskysurfer,"tcp, udp",Gilat Sky Surfer,IANA,IT
3014,"broker-service, broker_service","tcp, udp","Broker Service
IANA assigned this well-formed service name as a replacement for ""broker_service""., Broker Service",IANA,IT
3015,nati-dstp,"tcp, udp",NATI DSTP,IANA,IT
3016,"notify_srvr, notify-srvr","tcp, udp","Notify Server
IANA assigned this well-formed service name as a replacement for ""notify_srvr""., Notify Server",IANA,IT
3017,"event-listener, event_listener","tcp, udp","Event Listener, Event Listener
IANA assigned this well-formed service name as a replacement for ""event_listener"".",IANA,IT
3018,"srvc_registry, srvc-registry","tcp, udp","Service Registry, Service Registry
IANA assigned this well-formed service name as a replacement for ""srvc_registry"".",IANA,IT
3019,"resource-mgr, resource_mgr","tcp, udp","Resource Manager, Resource Manager
IANA assigned this well-formed service name as a replacement for ""resource_mgr"".",IANA,IT
3020,cifs,"tcp, udp",CIFS,IANA,IT
3021,agriserver,"tcp, udp",AGRI Server,IANA,IT
3022,csregagent,"tcp, udp",CSREGAGENT,IANA,IT
3023,magicnotes,"tcp, udp",magicnotes,IANA,IT
3024,"nds-sso, nds_sso","tcp, udp","NDS_SSO
IANA assigned this well-formed service name as a replacement for ""nds_sso""., NDS_SSO",IANA,IT
3025,arepa-raft,"tcp, udp",Arepa Raft,IANA,IT
3026,agri-gateway,"tcp, udp",AGRI Gateway,IANA,IT
3027,"LiebDevMgmt_C, LiebDevMgmt-C","tcp, udp","LiebDevMgmt_C
IANA assigned this well-formed service name as a replacement for ""LiebDevMgmt_C""., LiebDevMgmt_C",IANA,IT
3028,"LiebDevMgmt-DM, LiebDevMgmt_DM","tcp, udp","LiebDevMgmt_DM
IANA assigned this well-formed service name as a replacement for ""LiebDevMgmt_DM""., LiebDevMgmt_DM",IANA,IT
3029,"LiebDevMgmt_A, LiebDevMgmt-A","tcp, udp","LiebDevMgmt_A, LiebDevMgmt_A
IANA assigned this well-formed service name as a replacement for ""LiebDevMgmt_A"".",IANA,IT
3030,arepa-cas,"tcp, udp",Arepa Cas,IANA,IT
3031,eppc,"tcp, udp",Remote AppleEvents/PPC Toolbox,IANA,IT
3032,redwood-chat,"tcp, udp",Redwood Chat,IANA,IT
3033,pdb,"tcp, udp",PDB,IANA,IT
3034,osmosis-aeea,"tcp, udp",Osmosis / Helix (R) AEEA Port,IANA,IT
3035,fjsv-gssagt,"tcp, udp",FJSV gssagt,IANA,IT
3036,hagel-dump,"tcp, udp",Hagel DUMP,IANA,IT
3037,hp-san-mgmt,"tcp, udp",HP SAN Mgmt,IANA,IT
3038,santak-ups,"tcp, udp",Santak UPS,IANA,IT
3039,cogitate,"tcp, udp","Inc., Cogitate",IANA,IT
3040,tomato-springs,"tcp, udp",Tomato Springs,IANA,IT
3041,di-traceware,"tcp, udp",di-traceware,IANA,IT
3042,journee,"tcp, udp",journee,IANA,IT
3043,brp,"tcp, udp",Broadcast Routing Protocol,IANA,IT
3044,epp,"tcp, udp",EndPoint Protocol,IANA,IT
3045,responsenet,"tcp, udp",ResponseNet,IANA,IT
3046,di-ase,"tcp, udp",di-ase,IANA,IT
3047,hlserver,"tcp, udp",Fast Security HL Server,IANA,IT
3048,pctrader,"tcp, udp",Sierra Net PC Trader,IANA,IT
3049,nsws,"tcp, udp",NSWS,IANA,IT
3050,"gds_db, gds-db","tcp, udp","gds_db, gds_db
IANA assigned this well-formed service name as a replacement for ""gds_db"".",IANA,IT
3051,galaxy-server,"tcp, udp",Galaxy Server,IANA,IT
3052,apc-3052,"tcp, udp",APC 3052,IANA,IT
3053,dsom-server,"tcp, udp",dsom-server,IANA,IT
3054,amt-cnf-prot,"tcp, udp",AMT CNF PROT,IANA,IT
3055,policyserver,"tcp, udp",Policy Server,IANA,IT
3056,cdl-server,"tcp, udp",CDL Server,IANA,IT
3057,goahead-fldup,"tcp, udp",GoAhead FldUp,IANA,IT
3058,videobeans,"tcp, udp",videobeans,IANA,IT
3059,qsoft,"tcp, udp",qsoft,IANA,IT
3060,interserver,"tcp, udp",interserver,IANA,IT
3061,cautcpd,"tcp, udp",cautcpd,IANA,IT
3062,ncacn-ip-tcp,"tcp, udp",ncacn-ip-tcp,IANA,IT
3063,ncadg-ip-udp,"tcp, udp",ncadg-ip-udp,IANA,IT
3064,rprt,"tcp, udp",Remote Port Redirector,IANA,IT
3065,slinterbase,"tcp, udp",slinterbase,IANA,IT
3066,netattachsdmp,"tcp, udp",NETATTACHSDMP,IANA,IT
3067,fjhpjp,"tcp, udp",FJHPJP,IANA,IT
3068,ls3bcast,"tcp, udp",ls3 Broadcast,IANA,IT
3069,ls3,"tcp, udp",ls3,IANA,IT
3070,mgxswitch,"tcp, udp",MGXSWITCH,IANA,IT
3071,xplat-replicate,"tcp, udp",Crossplatform replication protocol,IANA,IT
3072,csd-monitor,"tcp, udp",ContinuStor Monitor Port,IANA,IT
3073,vcrp,"tcp, udp",Very simple chatroom prot,IANA,IT
3074,xbox,"tcp, udp",Xbox game port,IANA,IT
3075,orbix-locator,"tcp, udp",Orbix 2000 Locator,IANA,IT
3076,orbix-config,"tcp, udp",Orbix 2000 Config,IANA,IT
3077,orbix-loc-ssl,"tcp, udp",Orbix 2000 Locator SSL,IANA,IT
3078,orbix-cfg-ssl,"tcp, udp",Orbix 2000 Locator SSL,IANA,IT
3079,lv-frontpanel,"tcp, udp",LV Front Panel,IANA,IT
3080,"stm-pproc, stm_pproc","tcp, udp","stm_pproc, stm_pproc
IANA assigned this well-formed service name as a replacement for ""stm_pproc"".",IANA,IT
3081,tl1-lv,"tcp, udp",TL1-LV,IANA,IT
3082,tl1-raw,"tcp, udp",TL1-RAW,IANA,IT
3083,tl1-telnet,"tcp, udp",TL1-TELNET,IANA,IT
3084,itm-mccs,"tcp, udp",ITM-MCCS,IANA,IT
3085,pcihreq,"tcp, udp",PCIHReq,IANA,IT
3086,jdl-dbkitchen,"tcp, udp",JDL-DBKitchen,IANA,IT
3087,asoki-sma,"tcp, udp",Asoki SMA,IANA,IT
3088,xdtp,"tcp, udp",eXtensible Data Transfer Protocol,IANA,IT
3089,ptk-alink,"tcp, udp",ParaTek Agent Linking,IANA,IT
3090,stss,"tcp, udp",Senforce Session Services,IANA,IT
3091,1ci-smcs,"tcp, udp",1Ci Server Management,IANA,IT
3093,rapidmq-center,"tcp, udp",Jiiva RapidMQ Center,IANA,IT
3094,rapidmq-reg,"tcp, udp",Jiiva RapidMQ Registry,IANA,IT
3095,panasas,"tcp, udp",Panasas rendezvous port,IANA,IT
3096,ndl-aps,"tcp, udp",Active Print Server Port,IANA,IT
3097,itu-bicc-stc,"sctp, tcp, udp",ITU-T Q.1902.1/Q.2150.3,IANA,IT
3098,umm-port,"tcp, udp",Universal Message Manager,IANA,IT
3099,chmd,"tcp, udp",CHIPSY Machine Daemon,IANA,IT
3100,opcon-xps,"tcp, udp",OpCon/xps,IANA,IT
3101,hp-pxpib,"tcp, udp",HP PolicyXpert PIB Server,IANA,IT
3102,slslavemon,"tcp, udp",SoftlinK Slave Mon Port,IANA,IT
3103,autocuesmi,"tcp, udp",Autocue SMI Protocol,IANA,IT
3104,"autocuelog, autocuetime","tcp, udp","Autocue Time Service, Autocue Logger Protocol",IANA,IT
3105,cardbox,"tcp, udp",Cardbox,IANA,IT
3106,cardbox-http,"tcp, udp",Cardbox HTTP,IANA,IT
3107,business,"tcp, udp",Business protocol,IANA,IT
3108,geolocate,"tcp, udp",Geolocate protocol,IANA,IT
3109,personnel,"tcp, udp",Personnel protocol,IANA,IT
3110,sim-control,"tcp, udp",simulator control port,IANA,IT
3111,wsynch,"tcp, udp",Web Synchronous Services,IANA,IT
3112,ksysguard,"tcp, udp",KDE System Guard,IANA,IT
3113,cs-auth-svr,"tcp, udp",CS-Authenticate Svr Port,IANA,IT
3114,ccmad,"tcp, udp",CCM AutoDiscover,IANA,IT
3115,mctet-master,"tcp, udp",MCTET Master,IANA,IT
3116,mctet-gateway,"tcp, udp",MCTET Gateway,IANA,IT
3117,mctet-jserv,"tcp, udp",MCTET Jserv,IANA,IT
3118,pkagent,"tcp, udp",PKAgent,IANA,IT
3119,d2000kernel,"tcp, udp",D2000 Kernel Port,IANA,IT
3120,d2000webserver,"tcp, udp",D2000 Webserver Port,IANA,IT
3121,pcmk-remote,"tcp, udp",The pacemaker remote (pcmk-remote) service extends high availability functionality outside of the Linux cluster into remote nodes.,IANA,IT
3122,vtr-emulator,"tcp, udp",MTI VTR Emulator port,IANA,IT
3123,edix,"tcp, udp",EDI Translation Protocol,IANA,IT
3124,beacon-port,"tcp, udp",Beacon Port,IANA,IT
3125,a13-an,"tcp, udp",A13-AN Interface,IANA,IT
3127,ctx-bridge,"tcp, udp",CTX Bridge Port,IANA,IT
3128,ndl-aas,"tcp, udp",Active API Server Port,IANA,IT
3129,netport-id,"tcp, udp",NetPort Discovery Port,IANA,IT
3130,icpv2,"tcp, udp",ICPv2,IANA,IT
3131,netbookmark,"tcp, udp",Net Book Mark,IANA,IT
3132,ms-rule-engine,"tcp, udp",Microsoft Business Rule Engine Update Service,IANA,IT
3133,prism-deploy,"tcp, udp",Prism Deploy User Port,IANA,IT
3134,ecp,"tcp, udp",Extensible Code Protocol,IANA,IT
3135,peerbook-port,"tcp, udp",PeerBook Port,IANA,IT
3136,grubd,"tcp, udp",Grub Server Port,IANA,IT
3137,rtnt-1,"tcp, udp",rtnt-1 data packets,IANA,IT
3138,rtnt-2,"tcp, udp",rtnt-2 data packets,IANA,IT
3139,incognitorv,"tcp, udp",Incognito Rendez-Vous,IANA,IT
3140,ariliamulti,"tcp, udp",Arilia Multiplexor,IANA,IT
3141,vmodem,"tcp, udp",VMODEM,IANA,IT
3142,rdc-wh-eos,"tcp, udp",RDC WH EOS,IANA,IT
3143,seaview,"tcp, udp",Sea View,IANA,IT
3144,tarantella,"tcp, udp",Tarantella,IANA,IT
3145,csi-lfap,"tcp, udp",CSI-LFAP,IANA,IT
3146,bears-02,"tcp, udp",bears-02,IANA,IT
3147,rfio,"tcp, udp",RFIO,IANA,IT
3148,nm-game-admin,"tcp, udp",NetMike Game Administrator,IANA,IT
3149,nm-game-server,"tcp, udp",NetMike Game Server,IANA,IT
3150,nm-asses-admin,"tcp, udp",NetMike Assessor Administrator,IANA,IT
3151,nm-assessor,"tcp, udp",NetMike Assessor,IANA,IT
3152,feitianrockey,"tcp, udp",FeiTian Port,IANA,IT
3153,s8-client-port,"tcp, udp",S8Cargo Client Port,IANA,IT
3154,ccmrmi,"tcp, udp",ON RMI Registry,IANA,IT
3155,jpegmpeg,"tcp, udp",JpegMpeg Port,IANA,IT
3156,indura,"tcp, udp",Indura Collector,IANA,IT
3157,lsa-comm,"tcp, udp",LSA Communicator,IANA,IT
3158,stvp,"tcp, udp",SmashTV Protocol,IANA,IT
3159,navegaweb-port,"tcp, udp",NavegaWeb Tarification,IANA,IT
3160,tip-app-server,"tcp, udp",TIP Application Server,IANA,IT
3161,doc1lm,"tcp, udp",DOC1 License Manager,IANA,IT
3162,sflm,"tcp, udp",SFLM,IANA,IT
3163,res-sap,"tcp, udp",RES-SAP,IANA,IT
3164,imprs,"tcp, udp",IMPRS,IANA,IT
3165,newgenpay,"tcp, udp",Newgenpay Engine Service,IANA,IT
3166,sossecollector,"tcp, udp",Quest Spotlight Out-Of-Process Collector,IANA,IT
3167,nowcontact,"tcp, udp",Now Contact Public Server,IANA,IT
3168,poweronnud,"tcp, udp",Now Up-to-Date Public Server,IANA,IT
3169,serverview-as,"tcp, udp",SERVERVIEW-AS,IANA,IT
3170,serverview-asn,"tcp, udp",SERVERVIEW-ASN,IANA,IT
3171,serverview-gf,"tcp, udp",SERVERVIEW-GF,IANA,IT
3172,serverview-rm,"tcp, udp",SERVERVIEW-RM,IANA,IT
3173,serverview-icc,"tcp, udp",SERVERVIEW-ICC,IANA,IT
3174,armi-server,"tcp, udp",ARMI Server,IANA,IT
3175,t1-e1-over-ip,"tcp, udp",T1_E1_Over_IP,IANA,IT
3176,ars-master,"tcp, udp",ARS Master,IANA,IT
3177,phonex-port,"tcp, udp",Phonex Protocol,IANA,IT
3178,radclientport,"tcp, udp",Radiance UltraEdge Port,IANA,IT
3179,h2gf-w-2m,"tcp, udp",H2GF W.2m Handover prot.,IANA,IT
3180,mc-brk-srv,"tcp, udp",Millicent Broker Server,IANA,IT
3181,bmcpatrolagent,"tcp, udp",BMC Patrol Agent,IANA,IT
3182,bmcpatrolrnvu,"tcp, udp",BMC Patrol Rendezvous,IANA,IT
3183,cops-tls,"tcp, udp",COPS/TLS,IANA,IT
3184,apogeex-port,"tcp, udp",ApogeeX Port,IANA,IT
3185,smpppd,"tcp, udp",SuSE Meta PPPD,IANA,IT
3186,iiw-port,"tcp, udp",IIW Monitor User Port,IANA,IT
3187,odi-port,"tcp, udp",Open Design Listen Port,IANA,IT
3188,brcm-comm-port,"tcp, udp",Broadcom Port,IANA,IT
3189,pcle-infex,"tcp, udp",Pinnacle Sys InfEx Port,IANA,IT
3190,csvr-proxy,"tcp, udp",ConServR Proxy,IANA,IT
3191,csvr-sslproxy,"tcp, udp",ConServR SSL Proxy,IANA,IT
3192,firemonrcc,"tcp, udp",FireMon Revision Control,IANA,IT
3193,spandataport,"tcp, udp",SpanDataPort,IANA,IT
3194,magbind,"tcp, udp",Rockstorm MAG protocol,IANA,IT
3195,ncu-1,"tcp, udp",Network Control Unit,IANA,IT
3196,ncu-2,"tcp, udp",Network Control Unit,IANA,IT
3197,embrace-dp-s,"tcp, udp",Embrace Device Protocol Server,IANA,IT
3198,embrace-dp-c,"tcp, udp",Embrace Device Protocol Client,IANA,IT
3199,dmod-workspace,"tcp, udp",DMOD WorkSpace,IANA,IT
3200,tick-port,"tcp, udp",Press-sense Tick Port,IANA,IT
3201,cpq-tasksmart,"tcp, udp",CPQ-TaskSmart,IANA,IT
3202,intraintra,"tcp, udp",IntraIntra,IANA,IT
3203,netwatcher-mon,"tcp, udp",Network Watcher Monitor,IANA,IT
3204,netwatcher-db,"tcp, udp",Network Watcher DB Access,IANA,IT
3205,isns,"tcp, udp",iSNS Server Port,IANA,IT
3206,ironmail,"tcp, udp",IronMail POP Proxy,IANA,IT
3207,vx-auth-port,"tcp, udp",Veritas Authentication Port,IANA,IT
3208,pfu-prcallback,"tcp, udp",PFU PR Callback,IANA,IT
3209,netwkpathengine,"tcp, udp",HP OpenView Network Path Engine Server,IANA,IT
3210,flamenco-proxy,"tcp, udp",Flamenco Networks Proxy,IANA,IT
3211,avsecuremgmt,"tcp, udp",Avocent Secure Management,IANA,IT
3212,surveyinst,"tcp, udp",Survey Instrument,IANA,IT
3213,neon24x7,"tcp, udp",NEON 24X7 Mission Control,IANA,IT
3214,jmq-daemon-1,"tcp, udp",JMQ Daemon Port 1,IANA,IT
3215,jmq-daemon-2,"tcp, udp",JMQ Daemon Port 2,IANA,IT
3216,ferrari-foam,"tcp, udp",Ferrari electronic FOAM,IANA,IT
3217,unite,"tcp, udp",Unified IP & Telecom Environment,IANA,IT
3218,smartpackets,"tcp, udp",EMC SmartPackets,IANA,IT
3219,wms-messenger,"tcp, udp",WMS Messenger,IANA,IT
3220,xnm-ssl,"tcp, udp",XML NM over SSL,IANA,IT
3221,xnm-clear-text,"tcp, udp",XML NM over TCP,IANA,IT
3222,glbp,"tcp, udp",Gateway Load Balancing Pr,IANA,IT
3223,digivote,"tcp, udp",DIGIVOTE (R) Vote-Server,IANA,IT
3224,aes-discovery,"tcp, udp",AES Discovery Port,IANA,IT
3225,fcip-port,"tcp, udp",FCIP,IANA,IT
3226,isi-irp,"tcp, udp",ISI Industry Software IRP,IANA,IT
3227,dwnmshttp,"tcp, udp",DiamondWave NMS Server,IANA,IT
3228,dwmsgserver,"tcp, udp",DiamondWave MSG Server,IANA,IT
3229,global-cd-port,"tcp, udp",Global CD Port,IANA,IT
3230,sftdst-port,"tcp, udp",Software Distributor Port,IANA,IT
3231,vidigo,"tcp, udp",VidiGo communication (previous was: Delta Solutions Direct),IANA,IT
3232,mdtp,"tcp, udp",MDT port,IANA,IT
3233,whisker,"tcp, udp",WhiskerControl main port,IANA,IT
3234,alchemy,"tcp, udp",Alchemy Server,IANA,IT
3235,mdap-port,"tcp, udp","MDAP port, MDAP Port",IANA,IT
3236,apparenet-ts,"tcp, udp",appareNet Test Server,IANA,IT
3237,apparenet-tps,"tcp, udp",appareNet Test Packet Sequencer,IANA,IT
3238,apparenet-as,"tcp, udp",appareNet Analysis Server,IANA,IT
3239,apparenet-ui,"tcp, udp",appareNet User Interface,IANA,IT
3240,triomotion,"tcp, udp",Trio Motion Control Port,IANA,IT
3241,sysorb,"tcp, udp",SysOrb Monitoring Server,IANA,IT
3242,sdp-id-port,"tcp, udp",Session Description ID,IANA,IT
3243,timelot,"tcp, udp",Timelot Port,IANA,IT
3244,onesaf,"tcp, udp",OneSAF,IANA,IT
3245,vieo-fe,"tcp, udp",VIEO Fabric Executive,IANA,IT
3246,dvt-system,"tcp, udp",DVT SYSTEM PORT,IANA,IT
3247,dvt-data,"tcp, udp",DVT DATA LINK,IANA,IT
3248,procos-lm,"tcp, udp",PROCOS LM,IANA,IT
3249,ssp,"tcp, udp",State Sync Protocol,IANA,IT
3250,hicp,"tcp, udp",HMS hicp port,IANA,IT
3251,sysscanner,"tcp, udp",Sys Scanner,IANA,IT
3252,dhe,"tcp, udp",DHE port,IANA,IT
3253,pda-data,"tcp, udp",PDA Data,IANA,IT
3254,pda-sys,"tcp, udp",PDA System,IANA,IT
3255,semaphore,"tcp, udp",Semaphore Connection Port,IANA,IT
3256,cpqrpm-agent,"tcp, udp",Compaq RPM Agent Port,IANA,IT
3257,cpqrpm-server,"tcp, udp",Compaq RPM Server Port,IANA,IT
3258,ivecon-port,"tcp, udp",Ivecon Server Port,IANA,IT
3259,epncdp2,"tcp, udp",Epson Network Common Devi,IANA,IT
3260,iscsi-target,"tcp, udp",iSCSI port,IANA,IT
3261,winshadow,"tcp, udp",winShadow,IANA,IT
3262,necp,"tcp, udp",NECP,IANA,IT
3263,ecolor-imager,"tcp, udp",E-Color Enterprise Imager,IANA,IT
3264,ccmail,"tcp, udp",cc:mail/lotus,IANA,IT
3265,altav-tunnel,"tcp, udp",Altav Tunnel,IANA,IT
3266,ns-cfg-server,"tcp, udp",NS CFG Server,IANA,IT
3267,ibm-dial-out,"tcp, udp",IBM Dial Out,IANA,IT
3268,msft-gc,"tcp, udp",Microsoft Global Catalog,IANA,IT
3269,msft-gc-ssl,"tcp, udp",Microsoft Global Catalog with LDAP/SSL,IANA,IT
3270,verismart,"tcp, udp",Verismart,IANA,IT
3271,csoft-prev,"tcp, udp",CSoft Prev Port,IANA,IT
3272,user-manager,"tcp, udp",Fujitsu User Manager,IANA,IT
3273,sxmp,"tcp, udp",Simple Extensible Multiplexed Protocol,IANA,IT
3274,ordinox-server,"tcp, udp",Ordinox Server,IANA,IT
3275,samd,"tcp, udp",SAMD,IANA,IT
3276,maxim-asics,"tcp, udp",Maxim ASICs,IANA,IT
3277,awg-proxy,"tcp, udp",AWG Proxy,IANA,IT
3278,lkcmserver,"tcp, udp",LKCM Server,IANA,IT
3279,admind,"tcp, udp",admind,IANA,IT
3280,vs-server,"tcp, udp",VS Server,IANA,IT
3281,sysopt,"tcp, udp",SYSOPT,IANA,IT
3282,datusorb,"tcp, udp",Datusorb,IANA,IT
3283,net-assistant,"tcp, udp",Net Assistant,IANA,IT
3284,4talk,"tcp, udp",4Talk,IANA,IT
3285,plato,"tcp, udp",Plato,IANA,IT
3286,e-net,"tcp, udp",E-Net,IANA,IT
3287,directvdata,"tcp, udp",DIRECTVDATA,IANA,IT
3288,cops,"tcp, udp",COPS,IANA,IT
3289,enpc,"tcp, udp",ENPC,IANA,IT
3290,caps-lm,"tcp, udp",CAPS LOGISTICS TOOLKIT - LM,IANA,IT
3291,sah-lm,"tcp, udp",S A Holditch & Associates - LM,IANA,IT
3292,cart-o-rama,"tcp, udp",Cart O Rama,IANA,IT
3293,fg-fps,"tcp, udp",fg-fps,IANA,IT
3294,fg-gip,"tcp, udp",fg-gip,IANA,IT
3295,dyniplookup,"tcp, udp",Dynamic IP Lookup,IANA,IT
3296,rib-slm,"tcp, udp",Rib License Manager,IANA,IT
3297,cytel-lm,"tcp, udp",Cytel License Manager,IANA,IT
3298,deskview,"tcp, udp",DeskView,IANA,IT
3299,pdrncs,"tcp, udp",pdrncs,IANA,IT
3300,ceph,"tcp, udp",Ceph monitor,IANA,IT
3301,tarantool,"tcp, udp",Tarantool in-memory computing platform,IANA,IT
3302,mcs-fastmail,"tcp, udp",MCS Fastmail,IANA,IT
3303,opsession-clnt,"tcp, udp",OP Session Client,IANA,IT
3304,opsession-srvr,"tcp, udp",OP Session Server,IANA,IT
3305,odette-ftp,"tcp, udp",ODETTE-FTP,IANA,IT
3306,mysql,"tcp, udp",MySQL,IANA,IT
3307,opsession-prxy,"tcp, udp",OP Session Proxy,IANA,IT
3308,tns-server,"tcp, udp",TNS Server,IANA,IT
3309,tns-adv,"tcp, udp",TNS ADV,IANA,IT
3310,dyna-access,"tcp, udp",Dyna Access,IANA,IT
3311,mcns-tel-ret,"tcp, udp",MCNS Tel Ret,IANA,IT
3312,appman-server,"tcp, udp",Application Management Server,IANA,IT
3313,uorb,"tcp, udp",Unify Object Broker,IANA,IT
3314,uohost,"tcp, udp",Unify Object Host,IANA,IT
3315,cdid,"tcp, udp",CDID,IANA,IT
3316,aicc-cmi,"tcp, udp",AICC/CMI,IANA,IT
3317,vsaiport,"tcp, udp",VSAI PORT,IANA,IT
3318,ssrip,"tcp, udp",Swith to Swith Routing Information Protocol,IANA,IT
3319,sdt-lmd,"tcp, udp",SDT License Manager,IANA,IT
3320,officelink2000,"tcp, udp",Office Link 2000,IANA,IT
3321,vnsstr,"tcp, udp",VNSSTR,IANA,IT
3322,active-net,,Active Networks,IANA,IT
3323,active-net,,Active Networks,IANA,IT
3324,active-net,,Active Networks,IANA,IT
3325,active-net,,Active Networks,IANA,IT
3326,sftu,"tcp, udp",SFTU,IANA,IT
3327,bbars,"tcp, udp",BBARS,IANA,IT
3328,egptlm,"tcp, udp",Eaglepoint License Manager,IANA,IT
3329,hp-device-disc,"tcp, udp",HP Device Disc,IANA,IT
3330,mcs-calypsoicf,"tcp, udp",MCS Calypso ICF,IANA,IT
3331,mcs-messaging,"tcp, udp",MCS Messaging,IANA,IT
3332,mcs-mailsvr,"tcp, udp",MCS Mail Server,IANA,IT
3333,dec-notes,"tcp, udp",DEC Notes,IANA,IT
3334,directv-web,"tcp, udp",Direct TV Webcasting,IANA,IT
3335,directv-soft,"tcp, udp",Direct TV Software Updates,IANA,IT
3336,directv-tick,"tcp, udp",Direct TV Tickers,IANA,IT
3337,directv-catlg,"tcp, udp",Direct TV Data Catalog,IANA,IT
3338,anet-b,"tcp, udp",OMF data b,IANA,IT
3339,anet-l,"tcp, udp",OMF data l,IANA,IT
3340,anet-m,"tcp, udp",OMF data m,IANA,IT
3341,anet-h,"tcp, udp",OMF data h,IANA,IT
3342,webtie,"tcp, udp",WebTIE,IANA,IT
3343,ms-cluster-net,"tcp, udp",MS Cluster Net,IANA,IT
3344,bnt-manager,"tcp, udp",BNT Manager,IANA,IT
3345,influence,"tcp, udp",Influence,IANA,IT
3346,trnsprntproxy,"tcp, udp",Trnsprnt Proxy,IANA,IT
3347,phoenix-rpc,"tcp, udp",Phoenix RPC,IANA,IT
3348,pangolin-laser,"tcp, udp",Pangolin Laser,IANA,IT
3349,chevinservices,"tcp, udp",Chevin Services,IANA,IT
3350,findviatv,"tcp, udp",FINDVIATV,IANA,IT
3351,btrieve,"tcp, udp",Btrieve port,IANA,IT
3352,ssql,"tcp, udp",Scalable SQL,IANA,IT
3353,fatpipe,"tcp, udp",FATPIPE,IANA,IT
3354,suitjd,"tcp, udp",SUITJD,IANA,IT
3355,ordinox-dbase,"tcp, udp",Ordinox Dbase,IANA,IT
3356,upnotifyps,"tcp, udp",UPNOTIFYPS,IANA,IT
3357,adtech-test,"tcp, udp",Adtech Test IP,IANA,IT
3358,mpsysrmsvr,"tcp, udp",Mp Sys Rmsvr,IANA,IT
3359,wg-netforce,"tcp, udp",WG NetForce,IANA,IT
3360,kv-server,"tcp, udp",KV Server,IANA,IT
3361,kv-agent,"tcp, udp",KV Agent,IANA,IT
3362,dj-ilm,"tcp, udp",DJ ILM,IANA,IT
3363,nati-vi-server,"tcp, udp",NATI Vi Server,IANA,IT
3364,creativeserver,"tcp, udp",Creative Server,IANA,IT
3365,contentserver,"tcp, udp",Content Server,IANA,IT
3366,creativepartnr,"tcp, udp",Creative Partner,IANA,IT
3367,satvid-datalnk,,Satellite Video Data Link,IANA,IT
3368,satvid-datalnk,,Satellite Video Data Link,IANA,IT
3369,satvid-datalnk,,Satellite Video Data Link,IANA,IT
3370,satvid-datalnk,,Satellite Video Data Link,IANA,IT
3371,satvid-datalnk,,Satellite Video Data Link,IANA,IT
3372,tip2,"tcp, udp",TIP 2,IANA,IT
3373,lavenir-lm,"tcp, udp",Lavenir License Manager,IANA,IT
3374,cluster-disc,"tcp, udp",Cluster Disc,IANA,IT
3375,vsnm-agent,"tcp, udp",VSNM Agent,IANA,IT
3376,cdbroker,"tcp, udp",CD Broker,IANA,IT
3377,cogsys-lm,"tcp, udp",Cogsys Network License Manager,IANA,IT
3378,wsicopy,"tcp, udp",WSICOPY,IANA,IT
3379,socorfs,"tcp, udp",SOCORFS,IANA,IT
3380,sns-channels,"tcp, udp",SNS Channels,IANA,IT
3381,geneous,"tcp, udp",Geneous,IANA,IT
3382,fujitsu-neat,"tcp, udp",Fujitsu Network Enhanced Antitheft function,IANA,IT
3383,esp-lm,"tcp, udp",Enterprise Software Products License Manager,IANA,IT
3384,hp-clic,"tcp, udp","Hardware Management, Cluster Management Services",IANA,IT
3385,qnxnetman,"tcp, udp",qnxnetman,IANA,IT
3386,"gprs-sig, gprs-data","tcp, udp","GPRS SIG, GPRS Data",IANA,IT
3387,backroomnet,"tcp, udp",Back Room Net,IANA,IT
3388,cbserver,"tcp, udp",CB Server,IANA,IT
3389,ms-wbt-server,"tcp, udp",MS WBT Server,IANA,IT
3390,dsc,"tcp, udp",Distributed Service Coordinator,IANA,IT
3391,savant,"tcp, udp",SAVANT,IANA,IT
3392,efi-lm,"tcp, udp",EFI License Management,IANA,IT
3393,d2k-tapestry1,"tcp, udp",D2K Tapestry Client to Server,IANA,IT
3394,d2k-tapestry2,"tcp, udp",D2K Tapestry Server to Server,IANA,IT
3395,dyna-lm,"tcp, udp",Dyna License Manager (Elam),IANA,IT
3396,"printer_agent, printer-agent","tcp, udp","Printer Agent
IANA assigned this well-formed service name as a replacement for ""printer_agent""., Printer Agent",IANA,IT
3397,cloanto-lm,"tcp, udp",Cloanto License Manager,IANA,IT
3398,mercantile,"tcp, udp",Mercantile,IANA,IT
3399,csms,"tcp, udp",CSMS,IANA,IT
3400,csms2,"tcp, udp",CSMS2,IANA,IT
3401,filecast,"tcp, udp",filecast,IANA,IT
3402,fxaengine-net,"tcp, udp",FXa Engine Network Port,IANA,IT
3405,nokia-ann-ch1,"tcp, udp",Nokia Announcement ch 1,IANA,IT
3406,nokia-ann-ch2,"tcp, udp",Nokia Announcement ch 2,IANA,IT
3407,ldap-admin,"tcp, udp",LDAP admin server port,IANA,IT
3408,BESApi,"tcp, udp",BES Api Port,IANA,IT
3409,networklens,"tcp, udp",NetworkLens Event Port,IANA,IT
3410,networklenss,"tcp, udp",NetworkLens SSL Event,IANA,IT
3411,biolink-auth,"tcp, udp",BioLink Authenteon server,IANA,IT
3412,xmlblaster,"tcp, udp",xmlBlaster,IANA,IT
3413,svnet,"tcp, udp",SpecView Networking,IANA,IT
3414,wip-port,"tcp, udp",BroadCloud WIP Port,IANA,IT
3415,bcinameservice,"tcp, udp",BCI Name Service,IANA,IT
3416,commandport,"tcp, udp",AirMobile IS Command Port,IANA,IT
3417,csvr,"tcp, udp",ConServR file translation,IANA,IT
3418,rnmap,"tcp, udp",Remote nmap,IANA,IT
3419,softaudit,"tcp, udp","Isogon SoftAudit, ISogon SoftAudit",IANA,IT
3420,ifcp-port,"tcp, udp",iFCP User Port,IANA,IT
3421,bmap,"tcp, udp",Bull Apprise portmapper,IANA,IT
3422,rusb-sys-port,"tcp, udp",Remote USB System Port,IANA,IT
3423,xtrm,"tcp, udp",xTrade Reliable Messaging,IANA,IT
3424,xtrms,"tcp, udp",xTrade over TLS/SSL,IANA,IT
3425,agps-port,"tcp, udp",AGPS Access Port,IANA,IT
3426,arkivio,"tcp, udp",Arkivio Storage Protocol,IANA,IT
3427,websphere-snmp,"tcp, udp",WebSphere SNMP,IANA,IT
3428,twcss,"tcp, udp",2Wire CSS,IANA,IT
3429,gcsp,"tcp, udp",GCSP user port,IANA,IT
3430,ssdispatch,"tcp, udp",Scott Studios Dispatch,IANA,IT
3431,ndl-als,"tcp, udp",Active License Server Port,IANA,IT
3432,osdcp,"tcp, udp",Secure Device Protocol,IANA,IT
3433,opnet-smp,"tcp, udp",OPNET Service Management Platform,IANA,IT
3434,opencm,"tcp, udp",OpenCM Server,IANA,IT
3435,pacom,"tcp, udp",Pacom Security User Port,IANA,IT
3436,gc-config,"tcp, udp",GuardControl Exchange Protocol,IANA,IT
3437,autocueds,"tcp, udp",Autocue Directory Service,IANA,IT
3438,spiral-admin,"tcp, udp",Spiralcraft Admin,IANA,IT
3439,hri-port,"tcp, udp",HRI Interface Port,IANA,IT
3440,ans-console,"tcp, udp",Net Steward Mgmt Console,IANA,IT
3441,connect-client,"tcp, udp",OC Connect Client,IANA,IT
3442,connect-server,"tcp, udp",OC Connect Server,IANA,IT
3443,ov-nnm-websrv,"tcp, udp",OpenView Network Node Manager WEB Server,IANA,IT
3444,denali-server,"tcp, udp",Denali Server,IANA,IT
3445,monp,"tcp, udp",Media Object Network Protocol,IANA,IT
3446,3comfaxrpc,"tcp, udp",3Com FAX RPC port,IANA,IT
3447,directnet,"tcp, udp",DirectNet IM System,IANA,IT
3448,dnc-port,"tcp, udp",Discovery and Net Config,IANA,IT
3449,hotu-chat,"tcp, udp",HotU Chat,IANA,IT
3450,castorproxy,"tcp, udp",CAStorProxy,IANA,IT
3451,asam,"tcp, udp",ASAM Services,IANA,IT
3452,sabp-signal,"tcp, udp",SABP-Signalling Protocol,IANA,IT
3453,pscupd,"tcp, udp",PSC Update,IANA,IT
3454,mira,"tcp, udp",Apple Remote Access Protocol,IANA,IT
3455,prsvp,"tcp, udp",RSVP Port,IANA,IT
3456,vat,"tcp, udp",VAT default data,IANA,IT
3457,vat-control,"tcp, udp",VAT default control,IANA,IT
3458,d3winosfi,"tcp, udp",D3WinOSFI,IANA,IT
3459,integral,"tcp, udp",TIP Integral,IANA,IT
3460,edm-manager,"tcp, udp",EDM Manger,IANA,IT
3461,edm-stager,"tcp, udp",EDM Stager,IANA,IT
3462,edm-std-notify,"tcp, udp",EDM STD Notify,IANA,IT
3463,edm-adm-notify,"tcp, udp",EDM ADM Notify,IANA,IT
3464,edm-mgr-sync,"tcp, udp",EDM MGR Sync,IANA,IT
3465,edm-mgr-cntrl,"tcp, udp",EDM MGR Cntrl,IANA,IT
3466,workflow,"tcp, udp",WORKFLOW,IANA,IT
3467,rcst,"tcp, udp",RCST,IANA,IT
3468,ttcmremotectrl,"tcp, udp",TTCM Remote Controll,IANA,IT
3469,pluribus,"tcp, udp",Pluribus,IANA,IT
3470,jt400,"tcp, udp",jt400,IANA,IT
3471,jt400-ssl,"tcp, udp",jt400-ssl,IANA,IT
3472,jaugsremotec-1,"tcp, udp",JAUGS N-G Remotec 1,IANA,IT
3473,jaugsremotec-2,"tcp, udp",JAUGS N-G Remotec 2,IANA,IT
3474,ttntspauto,"tcp, udp",TSP Automation,IANA,IT
3475,genisar-port,"tcp, udp",Genisar Comm Port,IANA,IT
3476,nppmp,"tcp, udp",NVIDIA Mgmt Protocol,IANA,IT
3477,ecomm,"tcp, udp",eComm link port,IANA,IT
3478,"stun-behavior, stun, turn","tcp, udp","STUN Behavior Discovery over UDP, TURN over UDP, TURN over TCP, Session Traversal Utilities for NAT (STUN) port, STUN Behavior Discovery over TCP",IANA,IT
3479,twrpc,"tcp, udp",2Wire RPC,IANA,IT
3480,"plethora, OPC UA Discovery Server","tcp, udp","Secure Virtual Workspace, OPC UA Discovery Server","IANA, https://github.com/ITI/ICS-Security-Tools/tree/master/protocols","IT, ICS"
3481,cleanerliverc,"tcp, udp",CleanerLive remote ctrl,IANA,IT
3482,vulture,"tcp, udp",Vulture Monitoring System,IANA,IT
3483,slim-devices,"tcp, udp",Slim Devices Protocol,IANA,IT
3484,gbs-stp,"tcp, udp",GBS SnapTalk Protocol,IANA,IT
3485,celatalk,"tcp, udp",CelaTalk,IANA,IT
3486,ifsf-hb-port,"tcp, udp",IFSF Heartbeat Port,IANA,IT
3487,"ltcudp, ltctcp","tcp, udp","LISA TCP Transfer Channel, LISA UDP Transfer Channel",IANA,IT
3488,fs-rh-srv,"tcp, udp",FS Remote Host Server,IANA,IT
3489,dtp-dia,"tcp, udp",DTP/DIA,IANA,IT
3490,colubris,"tcp, udp",Colubris Management Port,IANA,IT
3491,swr-port,"tcp, udp",SWR Port,IANA,IT
3492,tvdumtray-port,"tcp, udp",TVDUM Tray Port,IANA,IT
3493,nut,"tcp, udp",Network UPS Tools,IANA,IT
3494,ibm3494,"tcp, udp",IBM 3494,IANA,IT
3495,seclayer-tcp,"tcp, udp",securitylayer over tcp,IANA,IT
3496,seclayer-tls,"tcp, udp",securitylayer over tls,IANA,IT
3497,ipether232port,"tcp, udp",ipEther232Port,IANA,IT
3498,dashpas-port,"tcp, udp",DASHPAS user port,IANA,IT
3499,sccip-media,"tcp, udp",SccIP Media,IANA,IT
3500,rtmp-port,"tcp, udp",RTMP Port,IANA,IT
3501,isoft-p2p,"tcp, udp",iSoft-P2P,IANA,IT
3502,avinstalldisc,"tcp, udp",Avocent Install Discovery,IANA,IT
3503,lsp-ping,"tcp, udp",MPLS LSP-echo Port,IANA,IT
3504,ironstorm,"tcp, udp",IronStorm game server,IANA,IT
3505,ccmcomm,"tcp, udp",CCM communications port,IANA,IT
3506,apc-3506,"tcp, udp",APC 3506,IANA,IT
3507,nesh-broker,"tcp, udp",Nesh Broker Port,IANA,IT
3508,interactionweb,"tcp, udp",Interaction Web,IANA,IT
3509,vt-ssl,"tcp, udp",Virtual Token SSL Port,IANA,IT
3510,xss-port,"tcp, udp",XSS Port,IANA,IT
3511,webmail-2,"tcp, udp",WebMail/2,IANA,IT
3512,aztec,"tcp, udp",Aztec Distribution Port,IANA,IT
3513,arcpd,"tcp, udp",Adaptec Remote Protocol,IANA,IT
3514,must-p2p,"tcp, udp",MUST Peer to Peer,IANA,IT
3515,must-backplane,"tcp, udp",MUST Backplane,IANA,IT
3516,smartcard-port,"tcp, udp",Smartcard Port,IANA,IT
3517,802-11-iapp,"tcp, udp",IEEE 802.11 WLANs WG IAPP,IANA,IT
3518,artifact-msg,"tcp, udp",Artifact Message Server,IANA,IT
3519,"galileo, nvmsgd","tcp, udp","Netvion Messenger Port, Netvion Galileo Port",IANA,IT
3520,galileolog,"tcp, udp",Netvion Galileo Log Port,IANA,IT
3521,mc3ss,"tcp, udp",Telequip Labs MC3SS,IANA,IT
3522,nssocketport,"tcp, udp",DO over NSSocketPort,IANA,IT
3523,odeumservlink,"tcp, udp",Odeum Serverlink,IANA,IT
3524,ecmport,"tcp, udp",ECM Server port,IANA,IT
3525,eisport,"tcp, udp",EIS Server port,IANA,IT
3526,starquiz-port,"tcp, udp",starQuiz Port,IANA,IT
3527,beserver-msg-q,"tcp, udp",VERITAS Backup Exec Server,IANA,IT
3528,jboss-iiop,"tcp, udp",JBoss IIOP,IANA,IT
3529,jboss-iiop-ssl,"tcp, udp",JBoss IIOP/SSL,IANA,IT
3530,gf,"tcp, udp",Grid Friendly,IANA,IT
3531,joltid,"tcp, udp",Joltid,IANA,IT
3532,raven-rmp,"tcp, udp",Raven Remote Management Control,IANA,IT
3533,raven-rdp,"tcp, udp",Raven Remote Management Data,IANA,IT
3534,urld-port,"tcp, udp",URL Daemon Port,IANA,IT
3535,ms-la,"tcp, udp",MS-LA,IANA,IT
3536,snac,"tcp, udp",SNAC,IANA,IT
3537,ni-visa-remote,"tcp, udp",Remote NI-VISA port,IANA,IT
3538,ibm-diradm,"tcp, udp",IBM Directory Server,IANA,IT
3539,ibm-diradm-ssl,"tcp, udp",IBM Directory Server SSL,IANA,IT
3540,pnrp-port,"tcp, udp",PNRP User Port,IANA,IT
3541,voispeed-port,"tcp, udp",VoiSpeed Port,IANA,IT
3542,hacl-monitor,"tcp, udp",HA cluster monitor,IANA,IT
3543,qftest-lookup,"tcp, udp",qftest Lookup Port,IANA,IT
3544,teredo,"tcp, udp",Teredo Port,IANA,IT
3545,camac,"tcp, udp",CAMAC equipment,IANA,IT
3547,symantec-sim,"tcp, udp",Symantec SIM,IANA,IT
3548,interworld,"tcp, udp",Interworld,IANA,IT
3549,tellumat-nms,"tcp, udp",Tellumat MDR NMS,IANA,IT
3550,ssmpp,"tcp, udp",Secure SMPP,IANA,IT
3551,apcupsd,"tcp, udp",Apcupsd Information Port,IANA,IT
3552,taserver,"tcp, udp",TeamAgenda Server Port,IANA,IT
3553,rbr-discovery,"tcp, udp",Red Box Recorder ADP,IANA,IT
3554,questnotify,"tcp, udp",Quest Notification Server,IANA,IT
3555,razor,"tcp, udp",Vipul's Razor,IANA,IT
3556,sky-transport,"tcp, udp",Sky Transport Protocol,IANA,IT
3557,personalos-001,"tcp, udp",PersonalOS Comm Port,IANA,IT
3558,mcp-port,"tcp, udp",MCP user port,IANA,IT
3559,cctv-port,"tcp, udp",CCTV control port,IANA,IT
3560,iniserve-port,"tcp, udp",INIServe port,IANA,IT
3561,bmc-onekey,"tcp, udp",BMC-OneKey,IANA,IT
3562,sdbproxy,"tcp, udp",SDBProxy,IANA,IT
3563,watcomdebug,"tcp, udp",Watcom Debug,IANA,IT
3564,esimport,"tcp, udp",Electromed SIM port,IANA,IT
3565,m2pa,"sctp, tcp, udp",M2PA,IANA,IT
3566,quest-data-hub,"tcp, udp",Quest Data Hub,IANA,IT
3567,dof-eps,"tcp, udp",DOF Protocol Stack,IANA,IT
3568,dof-tunnel-sec,"tcp, udp",DOF Secure Tunnel,IANA,IT
3569,mbg-ctrl,"tcp, udp",Meinberg Control Service,IANA,IT
3570,mccwebsvr-port,"tcp, udp",MCC Web Server Port,IANA,IT
3571,megardsvr-port,"tcp, udp",MegaRAID Server Port,IANA,IT
3572,megaregsvrport,"tcp, udp",Registration Server Port,IANA,IT
3573,tag-ups-1,"tcp, udp",Advantage Group UPS Suite,IANA,IT
3574,"dmaf-caster, dmaf-server","tcp, udp","DMAF Server, DMAF Caster",IANA,IT
3575,ccm-port,"tcp, udp",Coalsere CCM Port,IANA,IT
3576,cmc-port,"tcp, udp",Coalsere CMC Port,IANA,IT
3577,config-port,"tcp, udp",Configuration Port,IANA,IT
3578,data-port,"tcp, udp",Data Port,IANA,IT
3579,ttat3lb,"tcp, udp",Tarantella Load Balancing,IANA,IT
3580,nati-svrloc,"tcp, udp",NATI-ServiceLocator,IANA,IT
3581,kfxaclicensing,"tcp, udp",Ascent Capture Licensing,IANA,IT
3582,press,"tcp, udp",PEG PRESS Server,IANA,IT
3583,canex-watch,"tcp, udp",CANEX Watch System,IANA,IT
3584,u-dbap,"tcp, udp",U-DBase Access Protocol,IANA,IT
3585,emprise-lls,"tcp, udp",Emprise License Server,IANA,IT
3586,emprise-lsc,"tcp, udp",License Server Console,IANA,IT
3587,p2pgroup,"tcp, udp",Peer to Peer Grouping,IANA,IT
3588,sentinel,"tcp, udp",Sentinel Server,IANA,IT
3589,isomair,"tcp, udp",isomair,IANA,IT
3590,wv-csp-sms,"tcp, udp",WV CSP SMS Binding,IANA,IT
3591,gtrack-server,"tcp, udp",LOCANIS G-TRACK Server,IANA,IT
3592,gtrack-ne,"tcp, udp",LOCANIS G-TRACK NE Port,IANA,IT
3593,bpmd,"tcp, udp",BP Model Debugger,IANA,IT
3594,mediaspace,"tcp, udp",MediaSpace,IANA,IT
3595,shareapp,"tcp, udp",ShareApp,IANA,IT
3596,iw-mmogame,"tcp, udp",Illusion Wireless MMOG,IANA,IT
3597,a14,"tcp, udp",A14 (AN-to-SC/MM),IANA,IT
3598,a15,"tcp, udp",A15 (AN-to-AN),IANA,IT
3599,quasar-server,"tcp, udp",Quasar Accounting Server,IANA,IT
3600,trap-daemon,"tcp, udp",text relay-answer,IANA,IT
3601,visinet-gui,"tcp, udp",Visinet Gui,IANA,IT
3602,infiniswitchcl,"tcp, udp",InfiniSwitch Mgr Client,IANA,IT
3603,int-rcv-cntrl,"tcp, udp",Integrated Rcvr Control,IANA,IT
3604,bmc-jmx-port,"tcp, udp",BMC JMX Port,IANA,IT
3605,comcam-io,"tcp, udp",ComCam IO Port,IANA,IT
3606,splitlock,"tcp, udp",Splitlock Server,IANA,IT
3607,precise-i3,"tcp, udp",Precise I3,IANA,IT
3608,trendchip-dcp,"tcp, udp",Trendchip control protocol,IANA,IT
3609,cpdi-pidas-cm,"tcp, udp",CPDI PIDAS Connection Mon,IANA,IT
3610,echonet,"tcp, udp",ECHONET,IANA,IT
3611,six-degrees,"tcp, udp",Six Degrees Port,IANA,IT
3612,dataprotector,"tcp, udp",Micro Focus Data Protector,IANA,IT
3613,alaris-disc,"tcp, udp",Alaris Device Discovery,IANA,IT
3614,sigma-port,"tcp, udp",Satchwell Sigma,IANA,IT
3615,start-network,"tcp, udp",Start Messaging Network,IANA,IT
3616,cd3o-protocol,"tcp, udp",cd3o Control Protocol,IANA,IT
3617,sharp-server,"tcp, udp",ATI SHARP Logic Engine,IANA,IT
3618,aairnet-1,"tcp, udp",AAIR-Network 1,IANA,IT
3619,aairnet-2,"tcp, udp",AAIR-Network 2,IANA,IT
3620,ep-pcp,"tcp, udp",EPSON Projector Control Port,IANA,IT
3621,ep-nsp,"tcp, udp",EPSON Network Screen Port,IANA,IT
3622,ff-lr-port,"tcp, udp",FF LAN Redundancy Port,IANA,IT
3623,haipe-discover,"tcp, udp",HAIPIS Dynamic Discovery,IANA,IT
3624,dist-upgrade,"tcp, udp",Distributed Upgrade Port,IANA,IT
3625,volley,"tcp, udp",Volley,IANA,IT
3626,bvcdaemon-port,"tcp, udp",bvControl Daemon,IANA,IT
3627,jamserverport,"tcp, udp",Jam Server Port,IANA,IT
3628,ept-machine,"tcp, udp",EPT Machine Interface,IANA,IT
3629,escvpnet,"tcp, udp",ESC/VP.net,IANA,IT
3630,cs-remote-db,"tcp, udp",C&S Remote Database Port,IANA,IT
3631,cs-services,"tcp, udp",C&S Web Services Port,IANA,IT
3632,distcc,"tcp, udp",distributed compiler,IANA,IT
3633,wacp,"tcp, udp",Wyrnix AIS port,IANA,IT
3634,hlibmgr,"tcp, udp",hNTSP Library Manager,IANA,IT
3635,sdo,"tcp, udp",Simple Distributed Objects,IANA,IT
3636,servistaitsm,"tcp, udp",SerVistaITSM,IANA,IT
3637,scservp,"tcp, udp",Customer Service Port,IANA,IT
3638,ehp-backup,"tcp, udp",EHP Backup Protocol,IANA,IT
3639,xap-ha,"tcp, udp",Extensible Automation,IANA,IT
3640,netplay-port1,"tcp, udp",Netplay Port 1,IANA,IT
3641,netplay-port2,"tcp, udp",Netplay Port 2,IANA,IT
3642,juxml-port,"tcp, udp",Juxml Replication port,IANA,IT
3643,audiojuggler,"tcp, udp",AudioJuggler,IANA,IT
3644,ssowatch,"tcp, udp",ssowatch,IANA,IT
3645,cyc,"tcp, udp",Cyc,IANA,IT
3646,xss-srv-port,"tcp, udp",XSS Server Port,IANA,IT
3647,splitlock-gw,"tcp, udp",Splitlock Gateway,IANA,IT
3648,fjcp,"tcp, udp",Fujitsu Cooperation Port,IANA,IT
3649,nmmp,"tcp, udp",Nishioka Miyuki Msg Protocol,IANA,IT
3650,prismiq-plugin,"tcp, udp",PRISMIQ VOD plug-in,IANA,IT
3651,xrpc-registry,"tcp, udp",XRPC Registry,IANA,IT
3652,vxcrnbuport,"tcp, udp",VxCR NBU Default Port,IANA,IT
3653,tsp,"tcp, udp",Tunnel Setup Protocol,IANA,IT
3654,vaprtm,"tcp, udp",VAP RealTime Messenger,IANA,IT
3655,abatemgr,"tcp, udp",ActiveBatch Exec Agent,IANA,IT
3656,abatjss,"tcp, udp",ActiveBatch Job Scheduler,IANA,IT
3657,immedianet-bcn,"tcp, udp",ImmediaNet Beacon,IANA,IT
3658,ps-ams,"tcp, udp",PlayStation AMS (Secure),IANA,IT
3659,apple-sasl,"tcp, udp",Apple SASL,IANA,IT
3660,can-nds-ssl,"tcp, udp",IBM Tivoli Directory Service using SSL,IANA,IT
3661,can-ferret-ssl,"tcp, udp",IBM Tivoli Directory Service using SSL,IANA,IT
3662,pserver,"tcp, udp",pserver,IANA,IT
3663,dtp,"tcp, udp",DIRECWAY Tunnel Protocol,IANA,IT
3664,ups-engine,"tcp, udp",UPS Engine Port,IANA,IT
3665,ent-engine,"tcp, udp",Enterprise Engine Port,IANA,IT
3666,eserver-pap,"tcp, udp","IBM eServer PAP, IBM EServer PAP",IANA,IT
3667,infoexch,"tcp, udp",IBM Information Exchange,IANA,IT
3668,dell-rm-port,"tcp, udp",Dell Remote Management,IANA,IT
3669,casanswmgmt,"tcp, udp",CA SAN Switch Management,IANA,IT
3670,smile,"tcp, udp",SMILE TCP/UDP Interface,IANA,IT
3671,efcp,"tcp, udp",e Field Control (EIBnet),IANA,IT
3672,lispworks-orb,"tcp, udp",LispWorks ORB,IANA,IT
3673,mediavault-gui,"tcp, udp",Openview Media Vault GUI,IANA,IT
3674,wininstall-ipc,"tcp, udp",WinINSTALL IPC Port,IANA,IT
3675,calltrax,"tcp, udp",CallTrax Data Port,IANA,IT
3676,va-pacbase,"tcp, udp",VisualAge Pacbase server,IANA,IT
3677,roverlog,"tcp, udp",RoverLog IPC,IANA,IT
3678,ipr-dglt,"tcp, udp",DataGuardianLT,IANA,IT
3679,newton-dock,"tcp, udp",Newton Dock,IANA,IT
3680,npds-tracker,"tcp, udp",NPDS Tracker,IANA,IT
3681,bts-x73,"tcp, udp",BTS X73 Port,IANA,IT
3682,cas-mapi,"tcp, udp",EMC SmartPackets-MAPI,IANA,IT
3683,bmc-ea,"tcp, udp",BMC EDV/EA,IANA,IT
3684,faxstfx-port,"tcp, udp",FAXstfX,IANA,IT
3685,dsx-agent,"tcp, udp",DS Expert Agent,IANA,IT
3686,tnmpv2,"tcp, udp",Trivial Network Management,IANA,IT
3687,simple-push,"tcp, udp",simple-push,IANA,IT
3688,simple-push-s,"tcp, udp",simple-push Secure,IANA,IT
3689,daap,"tcp, udp",Digital Audio Access Protocol (iTunes),IANA,IT
3690,svn,"tcp, udp",Subversion,IANA,IT
3691,magaya-network,"tcp, udp",Magaya Network Port,IANA,IT
3692,intelsync,"tcp, udp",Brimstone IntelSync,IANA,IT
3693,easl,"tcp, udp",Emergency Automatic Structure Lockdown System,IANA,IT
3695,bmc-data-coll,"tcp, udp",BMC Data Collection,IANA,IT
3696,telnetcpcd,"tcp, udp",Telnet Com Port Control,IANA,IT
3697,nw-license,"tcp, udp",NavisWorks License System,IANA,IT
3698,sagectlpanel,"tcp, udp",SAGECTLPANEL,IANA,IT
3699,kpn-icw,"tcp, udp",Internet Call Waiting,IANA,IT
3700,lrs-paging,"tcp, udp",LRS NetPage,IANA,IT
3701,netcelera,"tcp, udp",NetCelera,IANA,IT
3702,ws-discovery,"tcp, udp",Web Service Discovery,IANA,IT
3703,adobeserver-3,"tcp, udp",Adobe Server 3,IANA,IT
3704,adobeserver-4,"tcp, udp",Adobe Server 4,IANA,IT
3705,adobeserver-5,"tcp, udp",Adobe Server 5,IANA,IT
3706,rt-event,"tcp, udp",Real-Time Event Port,IANA,IT
3707,rt-event-s,"tcp, udp",Real-Time Event Secure Port,IANA,IT
3708,sun-as-iiops,"tcp, udp",Sun App Svr - Naming,IANA,IT
3709,ca-idms,"tcp, udp",CA-IDMS Server,IANA,IT
3710,portgate-auth,"tcp, udp",PortGate Authentication,IANA,IT
3711,edb-server2,"tcp, udp",EBD Server 2,IANA,IT
3712,sentinel-ent,"tcp, udp",Sentinel Enterprise,IANA,IT
3713,tftps,"tcp, udp",TFTP over TLS,IANA,IT
3714,delos-dms,"tcp, udp",DELOS Direct Messaging,IANA,IT
3715,anoto-rendezv,"tcp, udp",Anoto Rendezvous Port,IANA,IT
3716,wv-csp-sms-cir,"tcp, udp",WV CSP SMS CIR Channel,IANA,IT
3717,wv-csp-udp-cir,"tcp, udp",WV CSP UDP/IP CIR Channel,IANA,IT
3718,opus-services,"tcp, udp",OPUS Server Port,IANA,IT
3719,itelserverport,"tcp, udp",iTel Server Port,IANA,IT
3720,ufastro-instr,"tcp, udp",UF Astro. Instr. Services,IANA,IT
3721,xsync,"tcp, udp",Xsync,IANA,IT
3722,xserveraid,"tcp, udp",Xserve RAID,IANA,IT
3723,sychrond,"tcp, udp",Sychron Service Daemon,IANA,IT
3724,blizwow,"tcp, udp",World of Warcraft,IANA,IT
3725,na-er-tip,"tcp, udp",Netia NA-ER Port,IANA,IT
3726,array-manager,"tcp, udp",Xyratex Array Manager,IANA,IT
3727,e-mdu,"tcp, udp",Ericsson Mobile Data Unit,IANA,IT
3728,e-woa,"tcp, udp",Ericsson Web on Air,IANA,IT
3729,fksp-audit,"tcp, udp",Fireking Audit Port,IANA,IT
3730,client-ctrl,"tcp, udp",Client Control,IANA,IT
3731,smap,"tcp, udp",Service Manager,IANA,IT
3732,m-wnn,"tcp, udp",Mobile Wnn,IANA,IT
3733,multip-msg,"tcp, udp",Multipuesto Msg Port,IANA,IT
3734,synel-data,"tcp, udp",Synel Data Collection Port,IANA,IT
3735,pwdis,"tcp, udp",Password Distribution,IANA,IT
3736,rs-rmi,"tcp, udp",RealSpace RMI,IANA,IT
3737,xpanel,"tcp, udp",XPanel Daemon,IANA,IT
3738,versatalk,"tcp, udp",versaTalk Server Port,IANA,IT
3739,launchbird-lm,"tcp, udp",Launchbird LicenseManager,IANA,IT
3740,heartbeat,"tcp, udp",Heartbeat Protocol,IANA,IT
3741,wysdma,"tcp, udp",WysDM Agent,IANA,IT
3742,cst-port,"tcp, udp",CST - Configuration & Service Tracker,IANA,IT
3743,ipcs-command,"tcp, udp",IP Control Systems Ltd.,IANA,IT
3744,sasg,"tcp, udp",SASG,IANA,IT
3745,gw-call-port,"tcp, udp",GWRTC Call Port,IANA,IT
3746,linktest,"tcp, udp",LXPRO.COM LinkTest,IANA,IT
3747,linktest-s,"tcp, udp",LXPRO.COM LinkTest SSL,IANA,IT
3748,webdata,"tcp, udp",webData,IANA,IT
3749,cimtrak,"tcp, udp",CimTrak,IANA,IT
3750,cbos-ip-port,"tcp, udp",CBOS/IP ncapsalation port,IANA,IT
3751,gprs-cube,"tcp, udp",CommLinx GPRS Cube,IANA,IT
3752,vipremoteagent,"tcp, udp",Vigil-IP RemoteAgent,IANA,IT
3753,nattyserver,"tcp, udp",NattyServer Port,IANA,IT
3754,timestenbroker,"tcp, udp",TimesTen Broker Port,IANA,IT
3755,sas-remote-hlp,"tcp, udp",SAS Remote Help Server,IANA,IT
3756,canon-capt,"tcp, udp",Canon CAPT Port,IANA,IT
3757,grf-port,"tcp, udp",GRF Server Port,IANA,IT
3758,apw-registry,"tcp, udp",apw RMI registry,IANA,IT
3759,exapt-lmgr,"tcp, udp",Exapt License Manager,IANA,IT
3760,adtempusclient,"tcp, udp","adTEmpus Client, adTempus Client",IANA,IT
3761,gsakmp,"tcp, udp",gsakmp port,IANA,IT
3762,gbs-smp,"tcp, udp",GBS SnapMail Protocol,IANA,IT
3763,xo-wave,"tcp, udp",XO Wave Control Port,IANA,IT
3764,mni-prot-rout,"tcp, udp",MNI Protected Routing,IANA,IT
3765,rtraceroute,"tcp, udp",Remote Traceroute,IANA,IT
3766,sitewatch-s,"tcp, udp",SSL e-watch sitewatch server,IANA,IT
3767,listmgr-port,"tcp, udp",ListMGR Port,IANA,IT
3768,rblcheckd,"tcp, udp",rblcheckd server daemon,IANA,IT
3769,haipe-otnk,"tcp, udp",HAIPE Network Keying,IANA,IT
3770,cindycollab,"tcp, udp",Cinderella Collaboration,IANA,IT
3771,paging-port,"tcp, udp",RTP Paging Port,IANA,IT
3772,ctp,"tcp, udp",Chantry Tunnel Protocol,IANA,IT
3773,ctdhercules,"tcp, udp",ctdhercules,IANA,IT
3774,zicom,"tcp, udp",ZICOM,IANA,IT
3775,ispmmgr,"tcp, udp",ISPM Manager Port,IANA,IT
3776,dvcprov-port,"tcp, udp",Device Provisioning Port,IANA,IT
3777,jibe-eb,"tcp, udp",Jibe EdgeBurst,IANA,IT
3778,c-h-it-port,"tcp, udp",Cutler-Hammer IT Port,IANA,IT
3779,cognima,"tcp, udp",Cognima Replication,IANA,IT
3780,nnp,"tcp, udp",Nuzzler Network Protocol,IANA,IT
3781,abcvoice-port,"tcp, udp",ABCvoice server port,IANA,IT
3782,iso-tp0s,"tcp, udp",Secure ISO TP0 port,IANA,IT
3783,bim-pem,"tcp, udp",Impact Mgr./PEM Gateway,IANA,IT
3784,bfd-control,"tcp, udp",BFD Control Protocol,IANA,IT
3785,bfd-echo,"tcp, udp",BFD Echo Protocol,IANA,IT
3786,upstriggervsw,"tcp, udp",VSW Upstrigger port,IANA,IT
3787,fintrx,"tcp, udp",Fintrx,IANA,IT
3788,isrp-port,"tcp, udp",SPACEWAY Routing port,IANA,IT
3789,remotedeploy,"tcp, udp",RemoteDeploy Administration Port [July 2003],IANA,IT
3790,quickbooksrds,"tcp, udp",QuickBooks RDS,IANA,IT
3791,tvnetworkvideo,"tcp, udp",TV NetworkVideo Data port,IANA,IT
3792,sitewatch,"tcp, udp",e-Watch Corporation SiteWatch,IANA,IT
3793,dcsoftware,"tcp, udp",DataCore Software,IANA,IT
3794,jaus,"tcp, udp",JAUS Robots,IANA,IT
3795,myblast,"tcp, udp",myBLAST Mekentosj port,IANA,IT
3796,spw-dialer,"tcp, udp",Spaceway Dialer,IANA,IT
3797,idps,"tcp, udp",idps,IANA,IT
3798,minilock,"tcp, udp",Minilock,IANA,IT
3799,radius-dynauth,"tcp, udp",RADIUS Dynamic Authorization,IANA,IT
3800,pwgpsi,"tcp, udp",Print Services Interface,IANA,IT
3801,ibm-mgr,"tcp, udp",ibm manager service,IANA,IT
3802,vhd,"tcp, udp",VHD,IANA,IT
3803,soniqsync,"tcp, udp",SoniqSync,IANA,IT
3804,iqnet-port,"tcp, udp",Harman IQNet Port,IANA,IT
3805,tcpdataserver,"tcp, udp",ThorGuard Server Port,IANA,IT
3806,wsmlb,"tcp, udp",Remote System Manager,IANA,IT
3807,spugna,"tcp, udp",SpuGNA Communication Port,IANA,IT
3808,sun-as-iiops-ca,"tcp, udp",Sun App Svr-IIOPClntAuth,IANA,IT
3809,apocd,"tcp, udp",Java Desktop System Configuration Agent,IANA,IT
3810,wlanauth,"tcp, udp",WLAN AS server,IANA,IT
3811,amp,"tcp, udp",AMP,IANA,IT
3812,neto-wol-server,"tcp, udp",netO WOL Server,IANA,IT
3813,rap-ip,"tcp, udp",Rhapsody Interface Protocol,IANA,IT
3814,neto-dcs,"tcp, udp",netO DCS,IANA,IT
3815,lansurveyorxml,"tcp, udp",LANsurveyor XML,IANA,IT
3816,sunlps-http,"tcp, udp",Sun Local Patch Server,IANA,IT
3817,tapeware,"tcp, udp",Yosemite Tech Tapeware,IANA,IT
3818,crinis-hb,"tcp, udp",Crinis Heartbeat,IANA,IT
3819,epl-slp,"tcp, udp",EPL Sequ Layer Protocol,IANA,IT
3820,scp,"tcp, udp",Siemens AuD SCP,IANA,IT
3821,pmcp,"tcp, udp",ATSC PMCP Standard,IANA,IT
3822,acp-discovery,"tcp, udp",Compute Pool Discovery,IANA,IT
3823,acp-conduit,"tcp, udp",Compute Pool Conduit,IANA,IT
3824,acp-policy,"tcp, udp",Compute Pool Policy,IANA,IT
3825,ffserver,"tcp, udp",Antera FlowFusion Process Simulation,IANA,IT
3826,warmux,"tcp, udp",WarMUX game server,IANA,IT
3827,netmpi,"tcp, udp",Netadmin Systems MPI service,IANA,IT
3828,neteh,"tcp, udp",Netadmin Systems Event Handler,IANA,IT
3829,neteh-ext,"tcp, udp",Netadmin Systems Event Handler External,IANA,IT
3830,cernsysmgmtagt,"tcp, udp",Cerner System Management Agent,IANA,IT
3831,dvapps,"tcp, udp",Docsvault Application Service,IANA,IT
3832,xxnetserver,"tcp, udp",xxNETserver,IANA,IT
3833,aipn-auth,"tcp, udp",AIPN LS Authentication,IANA,IT
3834,spectardata,"tcp, udp",Spectar Data Stream Service,IANA,IT
3835,spectardb,"tcp, udp",Spectar Database Rights Service,IANA,IT
3836,markem-dcp,"tcp, udp",MARKEM NEXTGEN DCP,IANA,IT
3837,mkm-discovery,"tcp, udp",MARKEM Auto-Discovery,IANA,IT
3838,sos,"tcp, udp",Scito Object Server,IANA,IT
3839,amx-rms,"tcp, udp",AMX Resource Management Suite,IANA,IT
3840,flirtmitmir,"tcp, udp",www.FlirtMitMir.de,IANA,IT
3841,shiprush-db-svr,"tcp, udp",ShipRush Database Server,IANA,IT
3842,nhci,"tcp, udp",NHCI status port,IANA,IT
3843,quest-agent,"tcp, udp",Quest Common Agent,IANA,IT
3844,rnm,"tcp, udp",RNM,IANA,IT
3845,v-one-spp,"tcp, udp",V-ONE Single Port Proxy,IANA,IT
3846,an-pcp,"tcp, udp",Astare Network PCP,IANA,IT
3847,msfw-control,"tcp, udp",MS Firewall Control,IANA,IT
3848,item,"tcp, udp",IT Environmental Monitor,IANA,IT
3849,spw-dnspreload,"tcp, udp",SPACEWAY DNS Preload,IANA,IT
3850,qtms-bootstrap,"tcp, udp",QTMS Bootstrap Protocol,IANA,IT
3851,spectraport,"tcp, udp",SpectraTalk Port,IANA,IT
3852,sse-app-config,"tcp, udp",SSE App Configuration,IANA,IT
3853,sscan,"tcp, udp",SONY scanning protocol,IANA,IT
3854,stryker-com,"tcp, udp",Stryker Comm Port,IANA,IT
3855,opentrac,"tcp, udp",OpenTRAC,IANA,IT
3856,informer,"tcp, udp",INFORMER,IANA,IT
3857,trap-port,"tcp, udp",Trap Port,IANA,IT
3858,trap-port-mom,"tcp, udp",Trap Port MOM,IANA,IT
3859,nav-port,"tcp, udp",Navini Port,IANA,IT
3860,sasp,"tcp, udp",Server/Application State Protocol (SASP),IANA,IT
3861,winshadow-hd,"tcp, udp",winShadow Host Discovery,IANA,IT
3862,giga-pocket,"tcp, udp",GIGA-POCKET,IANA,IT
3863,"asap-udp, asap-tcp, asap-sctp","sctp, tcp, udp","asap udp port, asap sctp, asap tcp port",IANA,IT
3864,"asap-tcp-tls, asap-sctp-tls","sctp, tcp, udp","asap-sctp/tls, asap/tls tcp port",IANA,IT
3865,xpl,"tcp, udp",xpl automation protocol,IANA,IT
3866,dzdaemon,"tcp, udp",Sun SDViz DZDAEMON Port,IANA,IT
3867,dzoglserver,"tcp, udp",Sun SDViz DZOGLSERVER Port,IANA,IT
3868,diameter,"sctp, tcp, udp",DIAMETER,IANA,IT
3869,ovsam-mgmt,"tcp, udp",hp OVSAM MgmtServer Disco,IANA,IT
3870,ovsam-d-agent,"tcp, udp",hp OVSAM HostAgent Disco,IANA,IT
3871,avocent-adsap,"tcp, udp",Avocent DS Authorization,IANA,IT
3872,oem-agent,"tcp, udp",OEM Agent,IANA,IT
3873,fagordnc,"tcp, udp",fagordnc,IANA,IT
3874,sixxsconfig,"tcp, udp",SixXS Configuration,IANA,IT
3875,pnbscada,"tcp, udp",PNBSCADA,IANA,IT
3876,"dl_agent, dl-agent","tcp, udp","DirectoryLockdown Agent, DirectoryLockdown Agent
IANA assigned this well-formed service name as a replacement for ""dl_agent"".",IANA,IT
3877,xmpcr-interface,"tcp, udp",XMPCR Interface Port,IANA,IT
3878,fotogcad,"tcp, udp",FotoG CAD interface,IANA,IT
3879,appss-lm,"tcp, udp",appss license manager,IANA,IT
3880,igrs,"tcp, udp",IGRS,IANA,IT
3881,idac,"tcp, udp",Data Acquisition and Control,IANA,IT
3882,msdts1,"tcp, udp",DTS Service Port,IANA,IT
3883,vrpn,"tcp, udp",VR Peripheral Network,IANA,IT
3884,softrack-meter,"tcp, udp",SofTrack Metering,IANA,IT
3885,topflow-ssl,"tcp, udp",TopFlow SSL,IANA,IT
3886,nei-management,"tcp, udp",NEI management port,IANA,IT
3887,ciphire-data,"tcp, udp",Ciphire Data Transport,IANA,IT
3888,ciphire-serv,"tcp, udp",Ciphire Services,IANA,IT
3889,dandv-tester,"tcp, udp",D and V Tester Control Port,IANA,IT
3890,ndsconnect,"tcp, udp",Niche Data Server Connect,IANA,IT
3891,rtc-pm-port,"tcp, udp",Oracle RTC-PM port,IANA,IT
3892,pcc-image-port,"tcp, udp",PCC-image-port,IANA,IT
3893,cgi-starapi,"tcp, udp",CGI StarAPI Server,IANA,IT
3894,syam-agent,"tcp, udp",SyAM Agent Port,IANA,IT
3895,syam-smc,"tcp, udp",SyAm SMC Service Port,IANA,IT
3896,sdo-tls,"tcp, udp",Simple Distributed Objects over TLS,IANA,IT
3897,sdo-ssh,"tcp, udp",Simple Distributed Objects over SSH,IANA,IT
3898,senip,"tcp, udp","Inc. SmartEye NET Internet Protocol, IAS",IANA,IT
3899,itv-control,"tcp, udp",ITV Port,IANA,IT
3900,"udt_os, udt-os","tcp, udp","Unidata UDT OS, Unidata UDT OS
IANA assigned this well-formed service name as a replacement for ""udt_os"".",IANA,IT
3901,nimsh,"tcp, udp",NIM Service Handler,IANA,IT
3902,nimaux,"tcp, udp",NIMsh Auxiliary Port,IANA,IT
3903,charsetmgr,"tcp, udp",CharsetMGR,IANA,IT
3904,omnilink-port,"tcp, udp",Arnet Omnilink Port,IANA,IT
3905,mupdate,"tcp, udp",Mailbox Update (MUPDATE) protocol,IANA,IT
3906,topovista-data,"tcp, udp",TopoVista elevation data,IANA,IT
3907,imoguia-port,"tcp, udp",Imoguia Port,IANA,IT
3908,hppronetman,"tcp, udp",HP Procurve NetManagement,IANA,IT
3909,surfcontrolcpa,"tcp, udp",SurfControl CPA,IANA,IT
3910,prnrequest,"tcp, udp",Printer Request Port,IANA,IT
3911,prnstatus,"tcp, udp",Printer Status Port,IANA,IT
3912,gbmt-stars,"tcp, udp",Global Maintech Stars,IANA,IT
3913,listcrt-port,"tcp, udp",ListCREATOR Port,IANA,IT
3914,listcrt-port-2,"tcp, udp",ListCREATOR Port 2,IANA,IT
3915,agcat,"tcp, udp",Auto-Graphics Cataloging,IANA,IT
3916,wysdmc,"tcp, udp",WysDM Controller,IANA,IT
3917,aftmux,"tcp, udp",AFT multiplex port,IANA,IT
3918,pktcablemmcops,"tcp, udp",PacketCableMultimediaCOPS,IANA,IT
3919,hyperip,"tcp, udp",HyperIP,IANA,IT
3920,exasoftport1,"tcp, udp",Exasoft IP Port,IANA,IT
3921,herodotus-net,"tcp, udp",Herodotus Net,IANA,IT
3922,sor-update,"tcp, udp",Soronti Update Port,IANA,IT
3923,symb-sb-port,"tcp, udp",Symbian Service Broker,IANA,IT
3924,mpl-gprs-port,"tcp, udp","MPL_GPRS_Port, MPL_GPRS_PORT",IANA,IT
3925,zmp,"tcp, udp",Zoran Media Port,IANA,IT
3926,winport,"tcp, udp",WINPort,IANA,IT
3927,natdataservice,"tcp, udp",ScsTsr,IANA,IT
3928,netboot-pxe,"tcp, udp",PXE NetBoot Manager,IANA,IT
3929,smauth-port,"tcp, udp",AMS Port,IANA,IT
3930,syam-webserver,"tcp, udp",Syam Web Server Port,IANA,IT
3931,msr-plugin-port,"tcp, udp",MSR Plugin Port,IANA,IT
3932,dyn-site,"tcp, udp",Dynamic Site System,IANA,IT
3933,plbserve-port,"tcp, udp",PL/B App Server User Port,IANA,IT
3934,sunfm-port,"tcp, udp",PL/B File Manager Port,IANA,IT
3935,sdp-portmapper,"tcp, udp",SDP Port Mapper Protocol,IANA,IT
3936,mailprox,"tcp, udp",Mailprox,IANA,IT
3937,dvbservdsc,"tcp, udp",DVB Service Discovery,IANA,IT
3938,"dbcontrol_agent, dbcontrol-agent","tcp, udp","Oracle dbControl Agent po
IANA assigned this well-formed service name as a replacement for ""dbcontrol_agent""., Oracle dbControl Agent po",IANA,IT
3939,aamp,"tcp, udp",Anti-virus Application Management Port,IANA,IT
3940,xecp-node,"tcp, udp",XeCP Node Service,IANA,IT
3941,homeportal-web,"tcp, udp",Home Portal Web Server,IANA,IT
3942,srdp,"tcp, udp",satellite distribution,IANA,IT
3943,tig,"tcp, udp",TetraNode Ip Gateway,IANA,IT
3944,sops,"tcp, udp",S-Ops Management,IANA,IT
3945,emcads,"tcp, udp",EMCADS Server Port,IANA,IT
3946,backupedge,"tcp, udp",BackupEDGE Server,IANA,IT
3947,ccp,"tcp, udp","Commercial, Connect and Control Protocol for Consumer, and Industrial Electronic Devices",IANA,IT
3948,apdap,"tcp, udp",Anton Paar Device Administration Protocol,IANA,IT
3949,drip,"tcp, udp",Dynamic Routing Information Protocol,IANA,IT
3950,namemunge,"tcp, udp",Name Munging,IANA,IT
3951,pwgippfax,"tcp, udp",PWG IPP Facsimile,IANA,IT
3952,i3-sessionmgr,"tcp, udp",I3 Session Manager,IANA,IT
3953,xmlink-connect,"tcp, udp",Eydeas XMLink Connect,IANA,IT
3954,adrep,"tcp, udp",AD Replication RPC,IANA,IT
3955,p2pcommunity,"tcp, udp",p2pCommunity,IANA,IT
3956,gvcp,"tcp, udp",GigE Vision Control,IANA,IT
3957,mqe-broker,"tcp, udp",MQEnterprise Broker,IANA,IT
3958,mqe-agent,"tcp, udp",MQEnterprise Agent,IANA,IT
3959,treehopper,"tcp, udp",Tree Hopper Networking,IANA,IT
3960,bess,"tcp, udp",Bess Peer Assessment,IANA,IT
3961,proaxess,"tcp, udp",ProAxess Server,IANA,IT
3962,sbi-agent,"tcp, udp",SBI Agent Protocol,IANA,IT
3963,thrp,"tcp, udp",Teran Hybrid Routing Protocol,IANA,IT
3964,sasggprs,"tcp, udp",SASG GPRS,IANA,IT
3965,ati-ip-to-ncpe,"tcp, udp",Avanti IP to NCPE API,IANA,IT
3966,bflckmgr,"tcp, udp",BuildForge Lock Manager,IANA,IT
3967,ppsms,"tcp, udp",PPS Message Service,IANA,IT
3968,ianywhere-dbns,"tcp, udp",iAnywhere DBNS,IANA,IT
3969,landmarks,"tcp, udp",Landmark Messages,IANA,IT
3970,lanrevagent,"tcp, udp",LANrev Agent,IANA,IT
3971,lanrevserver,"tcp, udp",LANrev Server,IANA,IT
3972,iconp,"tcp, udp",ict-control Protocol,IANA,IT
3973,progistics,"tcp, udp",ConnectShip Progistics,IANA,IT
3974,xk22,"tcp, udp",Remote Applicant Tracking Service,IANA,IT
3975,airshot,"tcp, udp",Air Shot,IANA,IT
3976,opswagent,"tcp, udp",Server Automation Agent,IANA,IT
3977,opswmanager,"tcp, udp",Opsware Manager,IANA,IT
3978,secure-cfg-svr,"tcp, udp",Secured Configuration Server,IANA,IT
3979,smwan,"tcp, udp",Smith Micro Wide Area Network Service,IANA,IT
3981,starfish,"tcp, udp",Starfish System Admin,IANA,IT
3982,eis,"tcp, udp",ESRI Image Server,IANA,IT
3983,eisp,"tcp, udp",ESRI Image Service,IANA,IT
3984,mapper-nodemgr,"tcp, udp",MAPPER network node manager,IANA,IT
3985,mapper-mapethd,"tcp, udp",MAPPER TCP/IP server,IANA,IT
3986,"mapper-ws-ethd, mapper-ws_ethd","tcp, udp","MAPPER workstation server
IANA assigned this well-formed service name as a replacement for ""mapper-ws_ethd""., MAPPER workstation server",IANA,IT
3987,centerline,"tcp, udp",Centerline,IANA,IT
3988,dcs-config,"tcp, udp",DCS Configuration Port,IANA,IT
3989,bv-queryengine,"tcp, udp",BindView-Query Engine,IANA,IT
3990,bv-is,"tcp, udp",BindView-IS,IANA,IT
3991,bv-smcsrv,"tcp, udp",BindView-SMCServer,IANA,IT
3992,bv-ds,"tcp, udp",BindView-DirectoryServer,IANA,IT
3993,bv-agent,"tcp, udp",BindView-Agent,IANA,IT
3995,iss-mgmt-ssl,"tcp, udp",ISS Management Svcs SSL,IANA,IT
3996,abcsoftware,"tcp, udp",abcsoftware-01,IANA,IT
3997,agentsease-db,"tcp, udp",aes_db,IANA,IT
3998,dnx,"tcp, udp",Distributed Nagios Executor Service,IANA,IT
3999,nvcnet,"tcp, udp",Norman distributes scanning service,IANA,IT
4000,"terabase, Emerson/Fisher ROC Plus","tcp, udp","Terabase, Emerson/Fisher ROC Plus","IANA, https://github.com/ITI/ICS-Security-Tools/tree/master/protocols","IT, ICS"
4001,newoak,"tcp, udp",NewOak,IANA,IT
4002,pxc-spvr-ft,"tcp, udp",pxc-spvr-ft,IANA,IT
4003,pxc-splr-ft,"tcp, udp",pxc-splr-ft,IANA,IT
4004,pxc-roid,"tcp, udp",pxc-roid,IANA,IT
4005,pxc-pin,"tcp, udp",pxc-pin,IANA,IT
4006,pxc-spvr,"tcp, udp",pxc-spvr,IANA,IT
4007,pxc-splr,"tcp, udp",pxc-splr,IANA,IT
4008,netcheque,"tcp, udp",NetCheque accounting,IANA,IT
4009,chimera-hwm,"tcp, udp",Chimera HWM,IANA,IT
4010,samsung-unidex,"tcp, udp",Samsung Unidex,IANA,IT
4011,altserviceboot,"tcp, udp",Alternate Service Boot,IANA,IT
4012,pda-gate,"tcp, udp",PDA Gate,IANA,IT
4013,acl-manager,"tcp, udp",ACL Manager,IANA,IT
4014,taiclock,"tcp, udp",TAICLOCK,IANA,IT
4015,talarian-mcast1,"tcp, udp",Talarian Mcast,IANA,IT
4016,talarian-mcast2,"tcp, udp",Talarian Mcast,IANA,IT
4017,talarian-mcast3,"tcp, udp",Talarian Mcast,IANA,IT
4018,talarian-mcast4,"tcp, udp",Talarian Mcast,IANA,IT
4019,talarian-mcast5,"tcp, udp",Talarian Mcast,IANA,IT
4020,trap,"tcp, udp",TRAP Port,IANA,IT
4021,nexus-portal,"tcp, udp",Nexus Portal,IANA,IT
4022,dnox,"tcp, udp",DNOX,IANA,IT
4023,esnm-zoning,"tcp, udp",ESNM Zoning Port,IANA,IT
4024,tnp1-port,"tcp, udp",TNP1 User Port,IANA,IT
4025,partimage,"tcp, udp",Partition Image Port,IANA,IT
4026,as-debug,"tcp, udp",Graphical Debug Server,IANA,IT
4027,bxp,"tcp, udp",bitxpress,IANA,IT
4028,dtserver-port,"tcp, udp",DTServer Port,IANA,IT
4029,ip-qsig,"tcp, udp",IP Q signaling protocol,IANA,IT
4030,jdmn-port,"tcp, udp",Accell/JSP Daemon Port,IANA,IT
4031,suucp,"tcp, udp",UUCP over SSL,IANA,IT
4032,vrts-auth-port,"tcp, udp",VERITAS Authorization Service,IANA,IT
4033,sanavigator,"tcp, udp",SANavigator Peer Port,IANA,IT
4034,ubxd,"tcp, udp",Ubiquinox Daemon,IANA,IT
4035,wap-push-http,"tcp, udp",WAP Push OTA-HTTP port,IANA,IT
4036,wap-push-https,"tcp, udp",WAP Push OTA-HTTP secure,IANA,IT
4037,ravehd,"tcp, udp",RaveHD network control,IANA,IT
4038,fazzt-ptp,"tcp, udp",Fazzt Point-To-Point,IANA,IT
4039,fazzt-admin,"tcp, udp",Fazzt Administration,IANA,IT
4040,yo-main,"tcp, udp",Yo.net main service,IANA,IT
4041,houston,"tcp, udp",Rocketeer-Houston,IANA,IT
4042,ldxp,"tcp, udp",LDXP,IANA,IT
4043,nirp,"tcp, udp",Neighbour Identity Resolution,IANA,IT
4044,ltp,"tcp, udp",Location Tracking Protocol,IANA,IT
4045,npp,"tcp, udp",Network Paging Protocol,IANA,IT
4046,acp-proto,"tcp, udp",Accounting Protocol,IANA,IT
4047,ctp-state,"tcp, udp",Context Transfer Protocol,IANA,IT
4049,wafs,"tcp, udp",Wide Area File Services,IANA,IT
4050,cisco-wafs,"tcp, udp",Wide Area File Services,IANA,IT
4051,cppdp,"tcp, udp",Cisco Peer to Peer Distribution Protocol,IANA,IT
4052,interact,"tcp, udp",VoiceConnect Interact,IANA,IT
4053,ccu-comm-1,"tcp, udp",CosmoCall Universe Communications Port 1,IANA,IT
4054,ccu-comm-2,"tcp, udp",CosmoCall Universe Communications Port 2,IANA,IT
4055,ccu-comm-3,"tcp, udp",CosmoCall Universe Communications Port 3,IANA,IT
4056,lms,"tcp, udp",Location Message Service,IANA,IT
4057,wfm,"tcp, udp",Servigistics WFM server,IANA,IT
4058,kingfisher,"tcp, udp",Kingfisher protocol,IANA,IT
4059,dlms-cosem,"tcp, udp",DLMS/COSEM,IANA,IT
4060,"dsmeter-iatc, dsmeter_iatc","tcp, udp","DSMETER Inter-Agent Transfer Channel
IANA assigned this well-formed service name as a replacement for ""dsmeter_iatc""., DSMETER Inter-Agent Transfer Channel",IANA,IT
4061,ice-location,"tcp, udp",Ice Location Service (TCP),IANA,IT
4062,ice-slocation,"tcp, udp",Ice Location Service (SSL),IANA,IT
4063,ice-router,"tcp, udp",Ice Firewall Traversal Service (TCP),IANA,IT
4064,ice-srouter,"tcp, udp",Ice Firewall Traversal Service (SSL),IANA,IT
4065,"avanti_cdp, avanti-cdp","tcp, udp","Avanti Common Data, Avanti Common Data
IANA assigned this well-formed service name as a replacement for ""avanti_cdp"".",IANA,IT
4066,pmas,"tcp, udp",Performance Measurement and Analysis,IANA,IT
4067,idp,"tcp, udp",Information Distribution Protocol,IANA,IT
4068,ipfltbcst,"tcp, udp",IP Fleet Broadcast,IANA,IT
4069,minger,"tcp, udp",Minger Email Address Validation Service,IANA,IT
4070,tripe,"tcp, udp",Trivial IP Encryption (TrIPE),IANA,IT
4071,aibkup,"tcp, udp",Automatically Incremental Backup,IANA,IT
4072,zieto-sock,"tcp, udp",Zieto Socket Communications,IANA,IT
4073,iRAPP,"tcp, udp",Interactive Remote Application Pairing Protocol,IANA,IT
4074,cequint-cityid,"tcp, udp",Cequint City ID UI trigger,IANA,IT
4075,perimlan,"tcp, udp",ISC Alarm Message Service,IANA,IT
4076,seraph,"tcp, udp",Seraph DCS,IANA,IT
4077,ascomalarm,"tcp, udp",Ascom IP Alarming,IANA,IT
4078,cssp,"tcp, udp",Coordinated Security Service Protocol,IANA,IT
4079,santools,"tcp, udp",SANtools Diagnostic Server,IANA,IT
4080,lorica-in,"tcp, udp",Lorica inside facing,IANA,IT
4081,lorica-in-sec,"tcp, udp",Lorica inside facing (SSL),IANA,IT
4082,lorica-out,"tcp, udp",Lorica outside facing,IANA,IT
4083,lorica-out-sec,"tcp, udp",Lorica outside facing (SSL),IANA,IT
4084,fortisphere-vm,"tcp, udp",Fortisphere VM Service,IANA,IT
4085,ezmessagesrv,"tcp, udp",EZNews Newsroom Message Service,IANA,IT
4086,ftsync,"tcp, udp",Firewall/NAT state table synchronization,IANA,IT
4087,applusservice,"tcp, udp",APplus Service,IANA,IT
4088,npsp,"tcp, udp",Noah Printing Service Protocol,IANA,IT
4089,opencore,"tcp, udp",OpenCORE Remote Control Service,IANA,IT
4090,omasgport,"tcp, udp",OMA BCAST Service Guide,IANA,IT
4091,ewinstaller,"tcp, udp",EminentWare Installer,IANA,IT
4092,ewdgs,"tcp, udp",EminentWare DGS,IANA,IT
4093,pvxpluscs,"tcp, udp",Pvx Plus CS Host,IANA,IT
4094,sysrqd,"tcp, udp",sysrq daemon,IANA,IT
4095,xtgui,"tcp, udp",xtgui information service,IANA,IT
4096,bre,"tcp, udp",BRE (Bridge Relay Element),IANA,IT
4097,patrolview,"tcp, udp",Patrol View,IANA,IT
4098,drmsfsd,"tcp, udp",drmsfsd,IANA,IT
4099,dpcp,"tcp, udp",DPCP,IANA,IT
4100,igo-incognito,"tcp, udp",IGo Incognito Data Port,IANA,IT
4101,brlp-0,"tcp, udp",Braille protocol,IANA,IT
4102,brlp-1,"tcp, udp",Braille protocol,IANA,IT
4103,brlp-2,"tcp, udp",Braille protocol,IANA,IT
4104,brlp-3,"tcp, udp",Braille protocol,IANA,IT
4105,shofar,"tcp, udp",Shofar,IANA,IT
4106,synchronite,"tcp, udp",Synchronite,IANA,IT
4107,j-ac,"tcp, udp",JDL Accounting LAN Service,IANA,IT
4108,accel,"tcp, udp",ACCEL,IANA,IT
4109,izm,"tcp, udp",Instantiated Zero-control Messaging,IANA,IT
4110,g2tag,"tcp, udp",G2 RFID Tag Telemetry Data,IANA,IT
4111,xgrid,"tcp, udp",Xgrid,IANA,IT
4112,apple-vpns-rp,"tcp, udp",Apple VPN Server Reporting Protocol,IANA,IT
4113,aipn-reg,"tcp, udp",AIPN LS Registration,IANA,IT
4114,jomamqmonitor,"tcp, udp",JomaMQMonitor,IANA,IT
4115,cds,"tcp, udp",CDS Transfer Agent,IANA,IT
4116,smartcard-tls,"tcp, udp",smartcard-TLS,IANA,IT
4117,hillrserv,"tcp, udp",Hillr Connection Manager,IANA,IT
4118,netscript,"tcp, udp",Netadmin Systems NETscript service,IANA,IT
4119,assuria-slm,"tcp, udp",Assuria Log Manager,IANA,IT
4120,minirem,"tcp, udp",MiniRem Remote Telemetry and Control,IANA,IT
4121,e-builder,"tcp, udp",e-Builder Application Communication,IANA,IT
4122,fprams,"tcp, udp",Fiber Patrol Alarm Service,IANA,IT
4123,z-wave,"tcp, udp",Z-Wave Protocol,IANA,IT
4124,tigv2,"tcp, udp",Rohill TetraNode Ip Gateway v2,IANA,IT
4125,opsview-envoy,"tcp, udp",Opsview Envoy,IANA,IT
4126,ddrepl,"tcp, udp",Data Domain Replication Service,IANA,IT
4127,unikeypro,"tcp, udp",NetUniKeyServer,IANA,IT
4128,nufw,"tcp, udp",NuFW decision delegation protocol,IANA,IT
4129,nuauth,"tcp, udp",NuFW authentication protocol,IANA,IT
4130,fronet,"tcp, udp",FRONET message protocol,IANA,IT
4131,stars,"tcp, udp",Global Maintech Stars,IANA,IT
4132,"nuts-dem, nuts_dem","tcp, udp","NUTS Daemon, NUTS Daemon
IANA assigned this well-formed service name as a replacement for ""nuts_dem"".",IANA,IT
4133,"nuts-bootp, nuts_bootp","tcp, udp","NUTS Bootp Server, NUTS Bootp Server
IANA assigned this well-formed service name as a replacement for ""nuts_bootp"".",IANA,IT
4134,nifty-hmi,"tcp, udp",NIFTY-Serve HMI protocol,IANA,IT
4135,cl-db-attach,"tcp, udp",Classic Line Database Server Attach,IANA,IT
4136,cl-db-request,"tcp, udp",Classic Line Database Server Request,IANA,IT
4137,cl-db-remote,"tcp, udp",Classic Line Database Server Remote,IANA,IT
4138,nettest,"tcp, udp",nettest,IANA,IT
4139,thrtx,"tcp, udp",Imperfect Networks Server,IANA,IT
4140,"cedros-fds, cedros_fds","tcp, udp","Cedros Fraud Detection System
IANA assigned this well-formed service name as a replacement for ""cedros_fds""., Cedros Fraud Detection System",IANA,IT
4141,oirtgsvc,"tcp, udp",Workflow Server,IANA,IT
4142,oidocsvc,"tcp, udp",Document Server,IANA,IT
4143,oidsr,"tcp, udp",Document Replication,IANA,IT
4145,vvr-control,"tcp, udp",VVR Control,IANA,IT
4146,tgcconnect,"tcp, udp",TGCConnect Beacon,IANA,IT
4147,vrxpservman,"tcp, udp",Multum Service Manager,IANA,IT
4148,hhb-handheld,"tcp, udp",HHB Handheld Client,IANA,IT
4149,agslb,"tcp, udp",A10 GSLB Service,IANA,IT
4150,PowerAlert-nsa,"tcp, udp",PowerAlert Network Shutdown Agent,IANA,IT
4151,"menandmice_noh, menandmice-noh","tcp, udp","Men & Mice Remote Control
IANA assigned this well-formed service name as a replacement for ""menandmice_noh""., Men & Mice Remote Control",IANA,IT
4152,"idig-mux, idig_mux","tcp, udp","iDigTech Multiplex
IANA assigned this well-formed service name as a replacement for ""idig_mux""., iDigTech Multiplex",IANA,IT
4153,mbl-battd,"tcp, udp",MBL Remote Battery Monitoring,IANA,IT
4154,atlinks,"tcp, udp",atlinks device discovery,IANA,IT
4155,bzr,"tcp, udp",Bazaar version control system,IANA,IT
4156,stat-results,"tcp, udp",STAT Results,IANA,IT
4157,stat-scanner,"tcp, udp",STAT Scanner Control,IANA,IT
4158,stat-cc,"tcp, udp",STAT Command Center,IANA,IT
4159,nss,"tcp, udp",Network Security Service,IANA,IT
4160,jini-discovery,"tcp, udp",Jini Discovery,IANA,IT
4161,omscontact,"tcp, udp",OMS Contact,IANA,IT
4162,omstopology,"tcp, udp",OMS Topology,IANA,IT
4163,silverpeakpeer,"tcp, udp",Silver Peak Peer Protocol,IANA,IT
4164,silverpeakcomm,"tcp, udp",Silver Peak Communication Protocol,IANA,IT
4165,altcp,"tcp, udp",ArcLink over Ethernet,IANA,IT
4166,joost,"tcp, udp",Joost Peer to Peer Protocol,IANA,IT
4167,ddgn,"tcp, udp",DeskDirect Global Network,IANA,IT
4168,pslicser,"tcp, udp",PrintSoft License Server,IANA,IT
4169,"iadt, iadt-disc","tcp, udp","Automation Drive Interface Transport, Internet ADT Discovery Protocol",IANA,IT
4170,d-cinema-csp,"tcp, udp",SMPTE Content Synchonization Protocol,IANA,IT
4171,ml-svnet,"tcp, udp",Maxlogic Supervisor Communication,IANA,IT
4172,pcoip,"tcp, udp",PC over IP,IANA,IT
4173,mma-discovery,"tcp, udp",MMA Device Discovery,IANA,IT
4174,"smcluster, sm-disc","tcp, udp","StorMagic Discovery, StorMagic Cluster Services",IANA,IT
4175,bccp,"tcp, udp",Brocade Cluster Communication Protocol,IANA,IT
4176,tl-ipcproxy,"tcp, udp",Translattice Cluster IPC Proxy,IANA,IT
4177,wello,"tcp, udp",Wello P2P pubsub service,IANA,IT
4178,storman,"tcp, udp",StorMan,IANA,IT
4179,MaxumSP,"tcp, udp",Maxum Services,IANA,IT
4180,httpx,"tcp, udp",HTTPX,IANA,IT
4181,macbak,"tcp, udp",MacBak,IANA,IT
4182,pcptcpservice,"tcp, udp",Production Company Pro TCP Service,IANA,IT
4183,cyborgnet,"tcp, udp",CyborgNet communications protocol,IANA,IT
4184,"universe_suite, universe-suite","tcp, udp","UNIVERSE SUITE MESSAGE SERVICE, UNIVERSE SUITE MESSAGE SERVICE
IANA assigned this well-formed service name as a replacement for ""universe_suite"".",IANA,IT
4185,wcpp,"tcp, udp",Woven Control Plane Protocol,IANA,IT
4186,boxbackupstore,"tcp, udp",Box Backup Store Service,IANA,IT
4187,"csc-proxy, nan, csc_proxy","tcp, udp","Reserved, Cascade Proxy
IANA assigned this well-formed service name as a replacement for ""csc_proxy""., Cascade Proxy",IANA,IT
4188,vatata,"tcp, udp",Vatata Peer to Peer Protocol,IANA,IT
4189,pcep,"tcp, udp",Path Computation Element Communication Protocol,IANA,IT
4190,sieve,"tcp, udp",ManageSieve Protocol,IANA,IT
4191,dsmipv6,"tcp, udp",Dual Stack MIPv6 NAT Traversal,IANA,IT
4192,"azeti-bd, azeti","tcp, udp","azeti blinddate, Azeti Agent Service",IANA,IT
4193,pvxplusio,"tcp, udp",PxPlus remote file srvr,IANA,IT
4194,spdm,"tcp, udp",Security Protocol and Data Model,IANA,IT
4195,aws-wsp,"sctp, tcp, dccp, udp",AWS protocol for cloud remoting solution,IANA,IT
4197,hctl,"tcp, udp",Harman HControl Protocol,IANA,IT
4199,eims-admin,"tcp, udp",EIMS ADMIN,IANA,IT
4200,vrml-multi-use,,VRML Multi User Systems,IANA,IT
4201,vrml-multi-use,,VRML Multi User Systems,IANA,IT
4202,vrml-multi-use,,VRML Multi User Systems,IANA,IT
4203,vrml-multi-use,,VRML Multi User Systems,IANA,IT
4204,vrml-multi-use,,VRML Multi User Systems,IANA,IT
4205,vrml-multi-use,,VRML Multi User Systems,IANA,IT
4206,vrml-multi-use,,VRML Multi User Systems,IANA,IT
4207,vrml-multi-use,,VRML Multi User Systems,IANA,IT
4208,vrml-multi-use,,VRML Multi User Systems,IANA,IT
4209,vrml-multi-use,,VRML Multi User Systems,IANA,IT
4210,vrml-multi-use,,VRML Multi User Systems,IANA,IT
4211,vrml-multi-use,,VRML Multi User Systems,IANA,IT
4212,vrml-multi-use,,VRML Multi User Systems,IANA,IT
4213,vrml-multi-use,,VRML Multi User Systems,IANA,IT
4214,vrml-multi-use,,VRML Multi User Systems,IANA,IT
4215,vrml-multi-use,,VRML Multi User Systems,IANA,IT
4216,vrml-multi-use,,VRML Multi User Systems,IANA,IT
4217,vrml-multi-use,,VRML Multi User Systems,IANA,IT
4218,vrml-multi-use,,VRML Multi User Systems,IANA,IT
4219,vrml-multi-use,,VRML Multi User Systems,IANA,IT
4220,vrml-multi-use,,VRML Multi User Systems,IANA,IT
4221,vrml-multi-use,,VRML Multi User Systems,IANA,IT
4222,vrml-multi-use,,VRML Multi User Systems,IANA,IT
4223,vrml-multi-use,,VRML Multi User Systems,IANA,IT
4224,vrml-multi-use,,VRML Multi User Systems,IANA,IT
4225,vrml-multi-use,,VRML Multi User Systems,IANA,IT
4226,vrml-multi-use,,VRML Multi User Systems,IANA,IT
4227,vrml-multi-use,,VRML Multi User Systems,IANA,IT
4228,vrml-multi-use,,VRML Multi User Systems,IANA,IT
4229,vrml-multi-use,,VRML Multi User Systems,IANA,IT
4230,vrml-multi-use,,VRML Multi User Systems,IANA,IT
4231,vrml-multi-use,,VRML Multi User Systems,IANA,IT
4232,vrml-multi-use,,VRML Multi User Systems,IANA,IT
4233,vrml-multi-use,,VRML Multi User Systems,IANA,IT
4234,vrml-multi-use,,VRML Multi User Systems,IANA,IT
4235,vrml-multi-use,,VRML Multi User Systems,IANA,IT
4236,vrml-multi-use,,VRML Multi User Systems,IANA,IT
4237,vrml-multi-use,,VRML Multi User Systems,IANA,IT
4238,vrml-multi-use,,VRML Multi User Systems,IANA,IT
4239,vrml-multi-use,,VRML Multi User Systems,IANA,IT
4240,vrml-multi-use,,VRML Multi User Systems,IANA,IT
4241,vrml-multi-use,,VRML Multi User Systems,IANA,IT
4242,vrml-multi-use,,VRML Multi User Systems,IANA,IT
4243,vrml-multi-use,,VRML Multi User Systems,IANA,IT
4244,vrml-multi-use,,VRML Multi User Systems,IANA,IT
4245,vrml-multi-use,,VRML Multi User Systems,IANA,IT
4246,vrml-multi-use,,VRML Multi User Systems,IANA,IT
4247,vrml-multi-use,,VRML Multi User Systems,IANA,IT
4248,vrml-multi-use,,VRML Multi User Systems,IANA,IT
4249,vrml-multi-use,,VRML Multi User Systems,IANA,IT
4250,vrml-multi-use,,VRML Multi User Systems,IANA,IT
4251,vrml-multi-use,,VRML Multi User Systems,IANA,IT
4252,vrml-multi-use,,VRML Multi User Systems,IANA,IT
4253,vrml-multi-use,,VRML Multi User Systems,IANA,IT
4254,vrml-multi-use,,VRML Multi User Systems,IANA,IT
4255,vrml-multi-use,,VRML Multi User Systems,IANA,IT
4256,vrml-multi-use,,VRML Multi User Systems,IANA,IT
4257,vrml-multi-use,,VRML Multi User Systems,IANA,IT
4258,vrml-multi-use,,VRML Multi User Systems,IANA,IT
4259,vrml-multi-use,,VRML Multi User Systems,IANA,IT
4260,vrml-multi-use,,VRML Multi User Systems,IANA,IT
4261,vrml-multi-use,,VRML Multi User Systems,IANA,IT
4262,vrml-multi-use,,VRML Multi User Systems,IANA,IT
4263,vrml-multi-use,,VRML Multi User Systems,IANA,IT
4264,vrml-multi-use,,VRML Multi User Systems,IANA,IT
4265,vrml-multi-use,,VRML Multi User Systems,IANA,IT
4266,vrml-multi-use,,VRML Multi User Systems,IANA,IT
4267,vrml-multi-use,,VRML Multi User Systems,IANA,IT
4268,vrml-multi-use,,VRML Multi User Systems,IANA,IT
4269,vrml-multi-use,,VRML Multi User Systems,IANA,IT
4270,vrml-multi-use,,VRML Multi User Systems,IANA,IT
4271,vrml-multi-use,,VRML Multi User Systems,IANA,IT
4272,vrml-multi-use,,VRML Multi User Systems,IANA,IT
4273,vrml-multi-use,,VRML Multi User Systems,IANA,IT
4274,vrml-multi-use,,VRML Multi User Systems,IANA,IT
4275,vrml-multi-use,,VRML Multi User Systems,IANA,IT
4276,vrml-multi-use,,VRML Multi User Systems,IANA,IT
4277,vrml-multi-use,,VRML Multi User Systems,IANA,IT
4278,vrml-multi-use,,VRML Multi User Systems,IANA,IT
4279,vrml-multi-use,,VRML Multi User Systems,IANA,IT
4280,vrml-multi-use,,VRML Multi User Systems,IANA,IT
4281,vrml-multi-use,,VRML Multi User Systems,IANA,IT
4282,vrml-multi-use,,VRML Multi User Systems,IANA,IT
4283,vrml-multi-use,,VRML Multi User Systems,IANA,IT
4284,vrml-multi-use,,VRML Multi User Systems,IANA,IT
4285,vrml-multi-use,,VRML Multi User Systems,IANA,IT
4286,vrml-multi-use,,VRML Multi User Systems,IANA,IT
4287,vrml-multi-use,,VRML Multi User Systems,IANA,IT
4288,vrml-multi-use,,VRML Multi User Systems,IANA,IT
4289,vrml-multi-use,,VRML Multi User Systems,IANA,IT
4290,vrml-multi-use,,VRML Multi User Systems,IANA,IT
4291,vrml-multi-use,,VRML Multi User Systems,IANA,IT
4292,vrml-multi-use,,VRML Multi User Systems,IANA,IT
4293,vrml-multi-use,,VRML Multi User Systems,IANA,IT
4294,vrml-multi-use,,VRML Multi User Systems,IANA,IT
4295,vrml-multi-use,,VRML Multi User Systems,IANA,IT
4296,vrml-multi-use,,VRML Multi User Systems,IANA,IT
4297,vrml-multi-use,,VRML Multi User Systems,IANA,IT
4298,vrml-multi-use,,VRML Multi User Systems,IANA,IT
4299,vrml-multi-use,,VRML Multi User Systems,IANA,IT
4300,corelccam,"tcp, udp",Corel CCam,IANA,IT
4301,d-data,"tcp, udp",Diagnostic Data,IANA,IT
4302,d-data-control,"tcp, udp",Diagnostic Data Control,IANA,IT
4303,srcp,"tcp, udp",Simple Railroad Command Protocol,IANA,IT
4304,owserver,"tcp, udp",One-Wire Filesystem Server,IANA,IT
4305,batman,"tcp, udp",better approach to mobile ad-hoc networking,IANA,IT
4306,pinghgl,"tcp, udp",Hellgate London,IANA,IT
4307,trueconf,"tcp, udp",TrueConf Videoconference Service,IANA,IT
4308,compx-lockview,"tcp, udp",CompX-LockView,IANA,IT
4309,dserver,"tcp, udp",Exsequi Appliance Discovery,IANA,IT
4310,mirrtex,"tcp, udp",Mir-RT exchange service,IANA,IT
4311,p6ssmc,"tcp, udp",P6R Secure Server Management Console,IANA,IT
4312,pscl-mgt,"tcp, udp",Parascale Membership Manager,IANA,IT
4313,perrla,"tcp, udp",PERRLA User Services,IANA,IT
4314,choiceview-agt,"tcp, udp",ChoiceView Agent,IANA,IT
4316,choiceview-clt,"tcp, udp",ChoiceView Client,IANA,IT
4317,opentelemetry,"tcp, udp",OpenTelemetry Protocol,IANA,IT
4319,fox-skytale,"tcp, udp",Fox SkyTale encrypted communication,IANA,IT
4320,fdt-rcatp,"tcp, udp",FDT Remote Categorization Protocol,IANA,IT
4321,rwhois,"tcp, udp",Remote Who Is,IANA,IT
4322,trim-event,"tcp, udp",TRIM Event Service,IANA,IT
4323,trim-ice,"tcp, udp",TRIM ICE Service,IANA,IT
4325,"geognosisman, geognosisadmin","tcp, udp",Cadcorp GeognoSIS Administrator,IANA,IT
4326,geognosis,"tcp, udp",Cadcorp GeognoSIS,IANA,IT
4327,jaxer-web,"tcp, udp",Jaxer Web Protocol,IANA,IT
4328,jaxer-manager,"tcp, udp",Jaxer Manager Command Protocol,IANA,IT
4329,publiqare-sync,"tcp, udp",PubliQare Distributed Environment Synchronisation Engine,IANA,IT
4330,dey-sapi,"tcp, udp",DEY Storage Administration REST API,IANA,IT
4331,ktickets-rest,"tcp, udp",ktickets REST API for event management and ticketing systems (embedded POS devices),IANA,IT
4332,getty-focus,"tcp, udp",Getty Images FOCUS service,IANA,IT
4333,ahsp,"sctp, tcp, udp",ArrowHead Service Protocol (AHSP),IANA,IT
4334,netconf-ch-ssh,"tcp, udp",NETCONF Call Home (SSH),IANA,IT
4335,netconf-ch-tls,"tcp, udp",NETCONF Call Home (TLS),IANA,IT
4336,restconf-ch-tls,"tcp, udp",RESTCONF Call Home (TLS),IANA,IT
4340,gaia,"tcp, udp",Gaia Connector Protocol,IANA,IT
4341,lisp-data,"tcp, udp",LISP Data Packets,IANA,IT
4342,lisp-control,"tcp, udp",LISP Control Packets,IANA,IT
4343,unicall,"tcp, udp",UNICALL,IANA,IT
4344,vinainstall,"tcp, udp",VinaInstall,IANA,IT
4345,m4-network-as,"tcp, udp",Macro 4 Network AS,IANA,IT
4346,elanlm,"tcp, udp",ELAN LM,IANA,IT
4347,lansurveyor,"tcp, udp",LAN Surveyor,IANA,IT
4348,itose,"tcp, udp",ITOSE,IANA,IT
4349,fsportmap,"tcp, udp",File System Port Map,IANA,IT
4350,net-device,"tcp, udp",Net Device,IANA,IT
4351,plcy-net-svcs,"tcp, udp",PLCY Net Services,IANA,IT
4352,pjlink,"tcp, udp",Projector Link,IANA,IT
4353,f5-iquery,"tcp, udp",F5 iQuery,IANA,IT
4354,qsnet-trans,"tcp, udp",QSNet Transmitter,IANA,IT
4355,qsnet-workst,"tcp, udp",QSNet Workstation,IANA,IT
4356,qsnet-assist,"tcp, udp",QSNet Assistant,IANA,IT
4357,qsnet-cond,"tcp, udp",QSNet Conductor,IANA,IT
4358,qsnet-nucl,"tcp, udp",QSNet Nucleus,IANA,IT
4359,omabcastltkm,"tcp, udp",OMA BCAST Long-Term Key Messages,IANA,IT
4360,"matrix_vnet, matrix-vnet","tcp, udp","Matrix VNet Communication Protocol, Matrix VNet Communication Protocol
IANA assigned this well-formed service name as a replacement for ""matrix_vnet"".",IANA,IT
4361,nacnl,"tcp, udp",NavCom Discovery and Control Port,IANA,IT
4362,afore-vdp-disc,"tcp, udp",AFORE vNode Discovery protocol,IANA,IT
4366,shadowstream,"tcp, udp",ShadowStream System,IANA,IT
4368,wxbrief,"tcp, udp",WeatherBrief Direct,IANA,IT
4369,epmd,"tcp, udp",Erlang Port Mapper Daemon,IANA,IT
4370,"elpro-tunnel, elpro_tunnel","tcp, udp","ELPRO V2 Protocol Tunnel, ELPRO V2 Protocol Tunnel
IANA assigned this well-formed service name as a replacement for ""elpro_tunnel"".",IANA,IT
4371,"l2c-control, l2c-disc","tcp, udp","LAN2CAN Control, LAN2CAN Discovery",IANA,IT
4372,l2c-data,"tcp, udp",LAN2CAN Data,IANA,IT
4373,remctl,"tcp, udp",Remote Authenticated Command Service,IANA,IT
4374,psi-ptt,"tcp, udp",PSI Push-to-Talk Protocol,IANA,IT
4375,tolteces,"tcp, udp",Toltec EasyShare,IANA,IT
4376,bip,"tcp, udp",BioAPI Interworking,IANA,IT
4377,cp-spxsvr,"tcp, udp",Cambridge Pixel SPx Server,IANA,IT
4378,cp-spxdpy,"tcp, udp",Cambridge Pixel SPx Display,IANA,IT
4379,ctdb,"tcp, udp",CTDB,IANA,IT
4389,xandros-cms,"tcp, udp",Xandros Community Management Service,IANA,IT
4390,wiegand,"tcp, udp",Physical Access Control,IANA,IT
4391,apwi-imserver,"tcp, udp",American Printware IMServer Protocol,IANA,IT
4392,apwi-rxserver,"tcp, udp",American Printware RXServer Protocol,IANA,IT
4393,apwi-rxspooler,"tcp, udp",American Printware RXSpooler Protocol,IANA,IT
4394,apwi-disc,"tcp, udp",American Printware Discovery,IANA,IT
4395,omnivisionesx,"tcp, udp",OmniVision communication for Virtual environments,IANA,IT
4396,fly,"tcp, udp",Fly Object Space,IANA,IT
4400,ds-srv,"tcp, udp",ASIGRA Services,IANA,IT
4401,ds-srvr,"tcp, udp",ASIGRA Televaulting DS-System Service,IANA,IT
4402,ds-clnt,"tcp, udp",ASIGRA Televaulting DS-Client Service,IANA,IT
4403,ds-user,"tcp, udp",ASIGRA Televaulting DS-Client Monitoring/Management,IANA,IT
4404,ds-admin,"tcp, udp",ASIGRA Televaulting DS-System Monitoring/Management,IANA,IT
4405,ds-mail,"tcp, udp",ASIGRA Televaulting Message Level Restore service,IANA,IT
4406,ds-slp,"tcp, udp",ASIGRA Televaulting DS-Sleeper Service,IANA,IT
4407,nacagent,"tcp, udp",Network Access Control Agent,IANA,IT
4408,slscc,"tcp, udp",SLS Technology Control Centre,IANA,IT
4409,netcabinet-com,"tcp, udp",Net-Cabinet comunication,IANA,IT
4410,itwo-server,"tcp, udp",RIB iTWO Application Server,IANA,IT
4411,found,"tcp, udp",Found Messaging Protocol,IANA,IT
4412,smallchat,"tcp, udp",SmallChat,IANA,IT
4413,"avi-nms, avi-nms-disc","tcp, udp",AVI Systems NMS,IANA,IT
4414,updog,"tcp, udp",Updog Monitoring and Status Framework,IANA,IT
4415,brcd-vr-req,"tcp, udp",Brocade Virtual Router Request,IANA,IT
4416,"pjj-player-disc, pjj-player","tcp, udp","PJJ Media Player discovery, PJJ Media Player",IANA,IT
4417,workflowdir,"tcp, udp",Workflow Director Communication,IANA,IT
4418,axysbridge,"tcp, udp",AXYS communication protocol,IANA,IT
4419,cbp,"tcp, udp",Colnod Binary Protocol,IANA,IT
4420,nvme,"tcp, udp",NVM Express over Fabrics storage access,IANA,IT
4421,scaleft,"tcp, udp",Multi-Platform Remote Management for Cloud Infrastructure,IANA,IT
4422,tsepisp,"tcp, udp",TSEP Installation Service Protocol,IANA,IT
4423,thingkit,"tcp, udp",thingkit secure mesh,IANA,IT
4425,netrockey6,"tcp, udp",NetROCKEY6 SMART Plus Service,IANA,IT
4426,beacon-port-2,"tcp, udp",SMARTS Beacon Port,IANA,IT
4427,drizzle,"tcp, udp",Drizzle database server,IANA,IT
4428,omviserver,"tcp, udp",OMV-Investigation Server-Client,IANA,IT
4429,omviagent,"tcp, udp",OMV Investigation Agent-Server,IANA,IT
4430,rsqlserver,"tcp, udp",REAL SQL Server,IANA,IT
4431,wspipe,"tcp, udp",adWISE Pipe,IANA,IT
4432,l-acoustics,"tcp, udp",L-ACOUSTICS management,IANA,IT
4433,vop,"tcp, udp",Versile Object Protocol,IANA,IT
4441,netblox,"tcp, udp",Netblox Protocol,IANA,IT
4442,saris,"tcp, udp",Saris,IANA,IT
4443,pharos,"tcp, udp",Pharos,IANA,IT
4444,"nv-video, krb524","tcp, udp","KRB524, NV Video default",IANA,IT
4445,upnotifyp,"tcp, udp",UPNOTIFYP,IANA,IT
4446,n1-fwp,"tcp, udp",N1-FWP,IANA,IT
4447,n1-rmgmt,"tcp, udp",N1-RMGMT,IANA,IT
4448,asc-slmd,"tcp, udp",ASC Licence Manager,IANA,IT
4449,privatewire,"tcp, udp",PrivateWire,IANA,IT
4450,camp,"tcp, udp",Common ASCII Messaging Protocol,IANA,IT
4451,ctisystemmsg,"tcp, udp",CTI System Msg,IANA,IT
4452,ctiprogramload,"tcp, udp",CTI Program Load,IANA,IT
4453,nssalertmgr,"tcp, udp",NSS Alert Manager,IANA,IT
4454,nssagentmgr,"tcp, udp",NSS Agent Manager,IANA,IT
4455,prchat-user,"tcp, udp",PR Chat User,IANA,IT
4456,prchat-server,"tcp, udp",PR Chat Server,IANA,IT
4457,prRegister,"tcp, udp",PR Register,IANA,IT
4458,mcp,"tcp, udp",Matrix Configuration Protocol,IANA,IT
4460,ntske,"tcp, udp",Network Time Security Key Establishment,IANA,IT
4484,hpssmgmt,"tcp, udp",hpssmgmt service,IANA,IT
4485,assyst-dr,"tcp, udp",Assyst Data Repository Service,IANA,IT
4486,icms,"tcp, udp",Integrated Client Message Service,IANA,IT
4487,prex-tcp,"tcp, udp",Protocol for Remote Execution over TCP,IANA,IT
4488,awacs-ice,"tcp, udp",Apple Wide Area Connectivity Service ICE Bootstrap,IANA,IT
4489,,,Unassigned,IANA,IT
4490,,,Unassigned,IANA,IT
4491,,,Unassigned,IANA,IT
4492,,,Unassigned,IANA,IT
4493,,,Unassigned,IANA,IT
4494,,,Unassigned,IANA,IT
4495,,,Unassigned,IANA,IT
4496,,,Unassigned,IANA,IT
4497,,,Unassigned,IANA,IT
4498,,,Unassigned,IANA,IT
4499,,,Unassigned,IANA,IT
4500,ipsec-nat-t,"tcp, udp",IPsec NAT-Traversal,IANA,IT
4502,a25-fap-fgw,sctp,A25 (FAP-FGW),IANA,IT
4503,m-bus-oms,"tcp, udp",M-Bus-OMS over UDP,IANA,IT
4534,armagetronad,"tcp, udp",Armagetron Advanced Game Server,IANA,IT
4535,ehs,"tcp, udp",Event Heap Server,IANA,IT
4536,ehs-ssl,"tcp, udp",Event Heap Server SSL,IANA,IT
4537,wssauthsvc,"tcp, udp",WSS Security Service,IANA,IT
4538,swx-gate,"tcp, udp",Software Data Exchange Gateway,IANA,IT
4545,worldscores,"tcp, udp",WorldScores,IANA,IT
4546,sf-lm,"tcp, udp",SF License Manager (Sentinel),IANA,IT
4547,lanner-lm,"tcp, udp",Lanner License Manager,IANA,IT
4548,synchromesh,"tcp, udp",Synchromesh,IANA,IT
4549,aegate,"tcp, udp",Aegate PMR Service,IANA,IT
4550,gds-adppiw-db,"tcp, udp",Perman I Interbase Server,IANA,IT
4551,ieee-mih,"tcp, udp",MIH Services,IANA,IT
4552,menandmice-mon,"tcp, udp",Men and Mice Monitoring,IANA,IT
4553,icshostsvc,"tcp, udp",ICS host services,IANA,IT
4554,msfrs,"tcp, udp",MS FRS Replication,IANA,IT
4555,rsip,"tcp, udp",RSIP Port,IANA,IT
4556,dtn-bundle,"tcp, dccp, udp","DTN Bundle UDP CL Protocol, DTN Bundle DCCP CL Protocol, DTN Bundle TCP CL Protocol",IANA,IT
4557,mtcevrunqss,"tcp, udp",Marathon everRun Quorum Service Server,IANA,IT
4558,mtcevrunqman,"tcp, udp",Marathon everRun Quorum Service Manager,IANA,IT
4559,hylafax,"tcp, udp",HylaFAX,IANA,IT
4563,amahi-anywhere,"tcp, udp",Amahi Anywhere,IANA,IT
4566,kwtc,"tcp, udp",Kids Watch Time Control Service,IANA,IT
4567,tram,"tcp, udp",TRAM,IANA,IT
4568,bmc-reporting,"tcp, udp",BMC Reporting,IANA,IT
4569,iax,"tcp, udp",Inter-Asterisk eXchange,IANA,IT
4570,deploymentmap,"tcp, udp",Service to distribute and update within a site deployment information for Oracle Communications Suite,IANA,IT
4573,cardifftec-back,"tcp, udp",A port for communication between a server and client for a custom backup system,IANA,IT
4590,rid,"tcp, udp",RID over HTTP/TLS,IANA,IT
4591,l3t-at-an,"tcp, udp",HRPD L3T (AT-AN),IANA,IT
4592,hrpd-ith-at-an,"tcp, udp",HRPD-ITH (AT-AN),IANA,IT
4593,ipt-anri-anri,"tcp, udp",IPT (ANRI-ANRI),IANA,IT
4594,ias-session,"tcp, udp",IAS-Session (ANRI-ANRI),IANA,IT
4595,ias-paging,"tcp, udp",IAS-Paging (ANRI-ANRI),IANA,IT
4596,ias-neighbor,"tcp, udp",IAS-Neighbor (ANRI-ANRI),IANA,IT
4597,a21-an-1xbs,"tcp, udp",A21 (AN-1xBS),IANA,IT
4598,a16-an-an,"tcp, udp",A16 (AN-AN),IANA,IT
4599,a17-an-an,"tcp, udp",A17 (AN-AN),IANA,IT
4600,piranha1,"tcp, udp",Piranha1,IANA,IT
4601,piranha2,"tcp, udp",Piranha2,IANA,IT
4602,mtsserver,"tcp, udp",EAX MTS Server,IANA,IT
4603,menandmice-upg,"tcp, udp",Men & Mice Upgrade Agent,IANA,IT
4604,irp,"tcp, udp",Identity Registration Protocol,IANA,IT
4605,sixchat,"tcp, udp",Direct End to End Secure Chat Protocol,IANA,IT
4606,sixid,"tcp, udp",Secure ID to IP registration and lookup,IANA,IT
4621,ventoso,"tcp, udp",Bidirectional single port remote radio VOIP and Control stream,IANA,IT
4646,dots-signal,"tcp, udp","Distributed Denial-of-Service Open Threat Signaling (DOTS) Signal Channel Protocol. The service name is used to construct the SRV service names ""_dots-signal._udp"" and ""_dots-signal._tcp"" for discovering DOTS servers used to establish DOTS signal channel.",IANA,IT
4658,playsta2-app,"tcp, udp",PlayStation2 App Port,IANA,IT
4659,playsta2-lob,"tcp, udp",PlayStation2 Lobby Port,IANA,IT
4660,smaclmgr,"tcp, udp",smaclmgr,IANA,IT
4661,kar2ouche,"tcp, udp",Kar2ouche Peer location service,IANA,IT
4662,oms,"tcp, udp",OrbitNet Message Service,IANA,IT
4663,noteit,"tcp, udp",Note It! Message Service,IANA,IT
4664,ems,"tcp, udp",Rimage Messaging Server,IANA,IT
4665,contclientms,"tcp, udp",Container Client Message Service,IANA,IT
4666,eportcomm,"tcp, udp",E-Port Message Service,IANA,IT
4667,mmacomm,"tcp, udp",MMA Comm Services,IANA,IT
4668,mmaeds,"tcp, udp",MMA EDS Service,IANA,IT
4669,eportcommdata,"tcp, udp",E-Port Data Service,IANA,IT
4670,light,"tcp, udp",Light packets transfer protocol,IANA,IT
4671,acter,"tcp, udp",Bull RSF action server,IANA,IT
4672,rfa,"tcp, udp",remote file access server,IANA,IT
4673,cxws,"tcp, udp",CXWS Operations,IANA,IT
4674,appiq-mgmt,"tcp, udp",AppIQ Agent Management,IANA,IT
4675,dhct-status,"tcp, udp",BIAP Device Status,IANA,IT
4676,dhct-alerts,"tcp, udp",BIAP Generic Alert,IANA,IT
4677,bcs,"tcp, udp",Business Continuity Servi,IANA,IT
4678,traversal,"tcp, udp",boundary traversal,IANA,IT
4679,mgesupervision,"tcp, udp",MGE UPS Supervision,IANA,IT
4680,mgemanagement,"tcp, udp",MGE UPS Management,IANA,IT
4681,parliant,"tcp, udp",Parliant Telephony System,IANA,IT
4682,finisar,"tcp, udp",finisar,IANA,IT
4683,spike,"tcp, udp",Spike Clipboard Service,IANA,IT
4684,rfid-rp1,"tcp, udp",RFID Reader Protocol 1.0,IANA,IT
4685,autopac,"tcp, udp",Autopac Protocol,IANA,IT
4686,msp-os,"tcp, udp",Manina Service Protocol,IANA,IT
4687,nst,"tcp, udp",Network Scanner Tool FTP,IANA,IT
4688,mobile-p2p,"tcp, udp",Mobile P2P Service,IANA,IT
4689,altovacentral,"tcp, udp",Altova DatabaseCentral,IANA,IT
4690,prelude,"tcp, udp",Prelude IDS message proto,IANA,IT
4691,mtn,"tcp, udp",monotone Netsync Protocol,IANA,IT
4692,conspiracy,"tcp, udp",Conspiracy messaging,IANA,IT
4700,netxms-agent,"tcp, udp",NetXMS Agent,IANA,IT
4701,netxms-mgmt,"tcp, udp",NetXMS Management,IANA,IT
4702,netxms-sync,"tcp, udp",NetXMS Server Synchronization,IANA,IT
4703,npqes-test,"tcp, udp",Network Performance Quality Evaluation System Test Service,IANA,IT
4704,assuria-ins,"tcp, udp",Assuria Insider,IANA,IT
4711,trinity-dist,"sctp, tcp, udp",Trinity Trust Network Node Communication,IANA,IT
4725,truckstar,"tcp, udp",TruckStar Service,IANA,IT
4726,a26-fap-fgw,"tcp, udp",A26 (FAP-FGW),IANA,IT
4727,"fcis-disc, fcis","tcp, udp","F-Link Client Information Service Discovery, F-Link Client Information Service",IANA,IT
4728,capmux,"tcp, udp",CA Port Multiplexer,IANA,IT
4729,gsmtap,"tcp, udp",GSM Interface Tap,IANA,IT
4730,gearman,"tcp, udp",Gearman Job Queue System,IANA,IT
4731,remcap,"tcp, udp",Remote Capture Protocol,IANA,IT
4732,ohmtrigger,"tcp, udp",OHM server trigger,IANA,IT
4733,resorcs,"tcp, udp",RES Orchestration Catalog Services,IANA,IT
4737,ipdr-sp,"tcp, udp",IPDR/SP,IANA,IT
4738,solera-lpn,"tcp, udp",SoleraTec Locator,IANA,IT
4739,ipfix,"sctp, tcp, udp",IP Flow Info Export,IANA,IT
4740,ipfixs,"sctp, tcp, udp","ipfix protocol over DTLS, ipfix protocol over TLS",IANA,IT
4741,lumimgrd,"tcp, udp",Luminizer Manager,IANA,IT
4742,"sicct-sdp, sicct","tcp, udp","SICCT Service Discovery Protocol, SICCT",IANA,IT
4743,openhpid,"tcp, udp",openhpi HPI service,IANA,IT
4744,ifsp,"tcp, udp",Internet File Synchronization Protocol,IANA,IT
4745,fmp,"tcp, udp",Funambol Mobile Push,IANA,IT
4746,intelliadm-disc,"tcp, udp",IntelliAdmin Discovery,IANA,IT
4747,buschtrommel,"tcp, udp",peer-to-peer file exchange protocol,IANA,IT
4749,profilemac,"tcp, udp",Profile for Mac,IANA,IT
4750,ssad,"tcp, udp",Simple Service Auto Discovery,IANA,IT
4751,spocp,"tcp, udp",Simple Policy Control Protocol,IANA,IT
4752,snap,"tcp, udp",Simple Network Audio Protocol,IANA,IT
4753,"simon-disc, simon","tcp, udp","Simple Invocation of Methods Over Network (SIMON) Discovery, Simple Invocation of Methods Over Network (SIMON)",IANA,IT
4754,gre-in-udp,"tcp, udp",GRE-in-UDP Encapsulation,IANA,IT
4755,gre-udp-dtls,"tcp, udp",GRE-in-UDP Encapsulation with DTLS,IANA,IT
4756,RDCenter,"tcp, udp",Reticle Decision Center,IANA,IT
4774,converge,"tcp, udp",Converge RPC,IANA,IT
4784,bfd-multi-ctl,"tcp, udp",BFD Multihop Control,IANA,IT
4785,cncp,"tcp, udp",Cisco Nexus Control Protocol,IANA,IT
4786,smart-install,"tcp, udp",Smart Install Service,IANA,IT
4787,sia-ctrl-plane,"tcp, udp",Service Insertion Architecture (SIA) Control-Plane,IANA,IT
4788,xmcp,"tcp, udp",eXtensible Messaging Client Protocol,IANA,IT
4789,vxlan,"tcp, udp",Virtual eXtensible Local Area Network (VXLAN),IANA,IT
4790,vxlan-gpe,"tcp, udp",Generic Protocol Extension for Virtual eXtensible Local Area Network (VXLAN),IANA,IT
4791,roce,"tcp, udp",IP Routable RocE,IANA,IT
4792,unified-bus,"tcp, udp",IP Routable Unified Bus,IANA,IT
4800,iims,"tcp, udp",Icona Instant Messenging System,IANA,IT
4801,iwec,"tcp, udp",Icona Web Embedded Chat,IANA,IT
4802,ilss,"tcp, udp",Icona License System Server,IANA,IT
4803,"notateit-disc, notateit","tcp, udp","Notateit Messaging Discovery, Notateit Messaging",IANA,IT
4804,aja-ntv4-disc,"tcp, udp",AJA ntv4 Video System Discovery,IANA,IT
4827,htcp,"tcp, udp",HTCP,IANA,IT
4837,varadero-0,"tcp, udp",Varadero-0,IANA,IT
4838,varadero-1,"tcp, udp",Varadero-1,IANA,IT
4839,varadero-2,"tcp, udp",Varadero-2,IANA,IT
4840,"opcua-tcp, opcua-udp","tcp, udp","OPC UA Multicast Datagram Protocol, OPC UA Connection Protocol",IANA,IT
4841,quosa,"tcp, udp",QUOSA Virtual Library Service,IANA,IT
4842,gw-asv,"tcp, udp",nCode ICE-flow Library AppServer,IANA,IT
4843,opcua-tls,"tcp, udp",OPC UA TCP Protocol over TLS/SSL,IANA,IT
4844,gw-log,"tcp, udp",nCode ICE-flow Library LogServer,IANA,IT
4845,wcr-remlib,"tcp, udp",WordCruncher Remote Library Service,IANA,IT
4846,"contamac-icm, contamac_icm","tcp, udp","Contamac ICM Service, Contamac ICM Service
IANA assigned this well-formed service name as a replacement for ""contamac_icm"".",IANA,IT
4847,wfc,"tcp, udp",Web Fresh Communication,IANA,IT
4848,appserv-http,"tcp, udp",App Server - Admin HTTP,IANA,IT
4849,appserv-https,"tcp, udp",App Server - Admin HTTPS,IANA,IT
4850,sun-as-nodeagt,"tcp, udp",Sun App Server - NA,IANA,IT
4851,derby-repli,"tcp, udp",Apache Derby Replication,IANA,IT
4867,unify-debug,"tcp, udp",Unify Debugger,IANA,IT
4868,phrelay,"tcp, udp",Photon Relay,IANA,IT
4869,phrelaydbg,"tcp, udp",Photon Relay Debug,IANA,IT
4870,cc-tracking,"tcp, udp",Citcom Tracking Service,IANA,IT
4871,wired,"tcp, udp",Wired,IANA,IT
4876,tritium-can,"tcp, udp",Tritium CAN Bus Bridge Service,IANA,IT
4877,lmcs,"tcp, udp",Lighting Management Control System,IANA,IT
4878,inst-discovery,"tcp, udp",Agilent Instrument Discovery,IANA,IT
4879,wsdl-event,"tcp, udp",WSDL Event Receiver,IANA,IT
4880,hislip,"tcp, udp",IVI High-Speed LAN Instrument Protocol,IANA,IT
4881,socp-t,"tcp, udp",SOCP Time Synchronization Protocol,IANA,IT
4882,socp-c,"tcp, udp",SOCP Control Protocol,IANA,IT
4883,wmlserver,"tcp, udp",Meier-Phelps License Server,IANA,IT
4884,hivestor,"tcp, udp",HiveStor Distributed File System,IANA,IT
4885,abbs,"tcp, udp",ABBS,IANA,IT
4888,xcap-portal,"tcp, udp",xcap code analysis portal public user access,IANA,IT
4889,xcap-control,"tcp, udp",xcap code analysis portal cluster control and administration,IANA,IT
4894,lyskom,"tcp, udp",LysKOM Protocol A,IANA,IT
4899,radmin-port,"tcp, udp",RAdmin Port,IANA,IT
4900,hfcs,"tcp, udp",HFSQL Client/Server Database Engine,IANA,IT
4901,"flr-agent, flr_agent","tcp, udp","FileLocator Remote Search Agent, FileLocator Remote Search Agent
IANA assigned this well-formed service name as a replacement for ""flr_agent"".",IANA,IT
4902,magiccontrol,"tcp, udp",magicCONROL RF and Data Interface,IANA,IT
4912,lutap,"tcp, udp",Technicolor LUT Access Protocol,IANA,IT
4913,lutcp,tcp,LUTher Control Protocol,IANA,IT
4914,bones,"tcp, udp",Bones Remote Control,IANA,IT
4915,frcs,"tcp, udp",Fibics Remote Control Service,IANA,IT
4936,an-signaling,"tcp, udp",Signal protocol port for autonomic networking,IANA,IT
4937,atsc-mh-ssc,"tcp, udp",ATSC-M/H Service Signaling Channel,IANA,IT
4940,eq-office-4940,"tcp, udp",Equitrac Office,IANA,IT
4941,eq-office-4941,"tcp, udp",Equitrac Office,IANA,IT
4942,eq-office-4942,"tcp, udp",Equitrac Office,IANA,IT
4949,munin,"tcp, udp",Munin Graphing Framework,IANA,IT
4950,sybasesrvmon,"tcp, udp",Sybase Server Monitor,IANA,IT
4951,pwgwims,"tcp, udp",PWG WIMS,IANA,IT
4952,sagxtsds,"tcp, udp",SAG Directory Server,IANA,IT
4953,dbsyncarbiter,"tcp, udp",Synchronization Arbiter,IANA,IT
4954,,,Unassigned,IANA,IT
4955,,,Unassigned,IANA,IT
4956,,,Unassigned,IANA,IT
4957,,,Unassigned,IANA,IT
4958,,,Unassigned,IANA,IT
4959,,,Unassigned,IANA,IT
4960,,,Unassigned,IANA,IT
4961,,,Unassigned,IANA,IT
4962,,,Unassigned,IANA,IT
4963,,,Unassigned,IANA,IT
4964,,,Unassigned,IANA,IT
4965,,,Unassigned,IANA,IT
4966,,,Unassigned,IANA,IT
4967,,,Unassigned,IANA,IT
4968,,,Unassigned,IANA,IT
4969,ccss-qmm,"tcp, udp",CCSS QMessageMonitor,IANA,IT
4970,ccss-qsm,"tcp, udp",CCSS QSystemMonitor,IANA,IT
4971,burp,"tcp, udp",BackUp and Restore Program,IANA,IT
4980,ctxs-vpp,"tcp, udp",Citrix Virtual Path,IANA,IT
4984,webyast,"tcp, udp",WebYast,IANA,IT
4985,gerhcs,"tcp, udp",GER HC Standard,IANA,IT
4986,mrip,"tcp, udp",Model Railway Interface Program,IANA,IT
4987,smar-se-port1,"tcp, udp",SMAR Ethernet Port 1,IANA,IT
4988,smar-se-port2,"tcp, udp",SMAR Ethernet Port 2,IANA,IT
4989,parallel,"tcp, udp",Parallel for GAUSS (tm),IANA,IT
4990,busycal,"tcp, udp",BusySync Calendar Synch. Protocol,IANA,IT
4991,vrt,"tcp, udp",VITA Radio Transport,IANA,IT
4999,hfcs-manager,"tcp, udp",HFSQL Client/Server Database Engine Manager,IANA,IT
5000,commplex-main,"tcp, udp",,IANA,IT
5001,commplex-link,"tcp, udp",,IANA,IT
5002,rfe,"tcp, udp",radio free ethernet,IANA,IT
5003,fmpro-internal,"tcp, udp","FileMaker, Inc. - Proprietary transport, Inc. - Proprietary name binding",IANA,IT
5004,avt-profile-1,"tcp, dccp, udp",RTP media data,IANA,IT
5005,avt-profile-2,"tcp, dccp, udp",RTP control protocol,IANA,IT
5006,wsm-server,"tcp, udp",wsm server,IANA,IT
5007,wsm-server-ssl,"tcp, udp",wsm server ssl,IANA,IT
5008,synapsis-edge,"tcp, udp",Synapsis EDGE,IANA,IT
5009,winfs,"tcp, udp",Microsoft Windows Filesystem,IANA,IT
5010,telelpathstart,"tcp, udp",TelepathStart,IANA,IT
5011,telelpathattack,"tcp, udp",TelepathAttack,IANA,IT
5012,nsp,"tcp, udp",NetOnTap Service,IANA,IT
5013,fmpro-v6,"tcp, udp","FileMaker, Inc. - Proprietary transport",IANA,IT
5014,onpsocket,"tcp, udp",Overlay Network Protocol,IANA,IT
5015,fmwp,"tcp, udp","FileMaker, Inc. - Web publishing",IANA,IT
5020,zenginkyo-1,"tcp, udp",zenginkyo-1,IANA,IT
5021,zenginkyo-2,"tcp, udp",zenginkyo-2,IANA,IT
5022,mice,"tcp, udp",mice server,IANA,IT
5023,htuilsrv,"tcp, udp",Htuil Server for PLD2,IANA,IT
5024,scpi-telnet,"tcp, udp",SCPI-TELNET,IANA,IT
5025,scpi-raw,"tcp, udp",SCPI-RAW,IANA,IT
5026,strexec-d,"tcp, udp",Storix I/O daemon (data),IANA,IT
5027,strexec-s,"tcp, udp",Storix I/O daemon (stat),IANA,IT
5028,qvr,"tcp, udp",Quiqum Virtual Relais,IANA,IT
5029,infobright,"tcp, udp",Infobright Database Server,IANA,IT
5031,dmp,"tcp, udp",Direct Message Protocol,IANA,IT
5032,signacert-agent,"tcp, udp",SignaCert Enterprise Trust Server Agent,IANA,IT
5033,jtnetd-server,"tcp, udp",Janstor Secure Data,IANA,IT
5034,jtnetd-status,"tcp, udp",Janstor Status,IANA,IT
5042,asnaacceler8db,"tcp, udp",asnaacceler8db,IANA,IT
5043,swxadmin,"tcp, udp",ShopWorX Administration,IANA,IT
5044,lxi-evntsvc,"tcp, udp",LXI Event Service,IANA,IT
5045,osp,"tcp, udp",Open Settlement Protocol,IANA,IT
5046,vpm-udp,"tcp, udp",Vishay PM UDP Service,IANA,IT
5047,iscape,"tcp, udp",iSCAPE Data Broadcasting,IANA,IT
5048,texai,"tcp, udp",Texai Message Service,IANA,IT
5049,ivocalize,"tcp, udp",iVocalize Web Conference,IANA,IT
5050,"mmcc, Telvent OASyS DNA","tcp, udp","multimedia conference control tool, Telvent OASyS DNA","IANA, https://github.com/ITI/ICS-Security-Tools/tree/master/protocols","IT, ICS"
5051,"ita-agent, Telvent OASyS DNA","tcp, udp","ITA Agent, Telvent OASyS DNA","IANA, https://github.com/ITI/ICS-Security-Tools/tree/master/protocols","IT, ICS"
5052,"ita-manager, Telvent OASyS DNA","tcp, udp","ITA Manager, Telvent OASyS DNA","IANA, https://github.com/ITI/ICS-Security-Tools/tree/master/protocols","IT, ICS"
5053,"rlm, rlm-disc","tcp, udp","RLM Discovery Server, RLM License Server",IANA,IT
5054,rlm-admin,"tcp, udp",RLM administrative interface,IANA,IT
5055,unot,"tcp, udp",UNOT,IANA,IT
5056,intecom-ps1,"tcp, udp",Intecom Pointspan 1,IANA,IT
5057,intecom-ps2,"tcp, udp",Intecom Pointspan 2,IANA,IT
5058,locus-disc,"tcp, udp",Locus Discovery,IANA,IT
5059,sds,"tcp, udp",SIP Directory Services,IANA,IT
5060,sip,"sctp, tcp, udp",SIP,IANA,IT
5061,sips,"sctp, tcp, udp",SIP-TLS,IANA,IT
5062,na-localise,"tcp, udp",Localisation access,IANA,IT
5063,csrpc,"tcp, udp",centrify secure RPC,IANA,IT
5064,ca-1,"tcp, udp",Channel Access 1,IANA,IT
5065,"ca-2, Telvent OASyS DNA","tcp, udp","Channel Access 2, Telvent OASyS DNA","IANA, https://github.com/ITI/ICS-Security-Tools/tree/master/protocols","IT, ICS"
5066,stanag-5066,"tcp, udp",STANAG-5066-SUBNET-INTF,IANA,IT
5067,authentx,"tcp, udp",Authentx Service,IANA,IT
5068,bitforestsrv,"tcp, udp",Bitforest Data Service,IANA,IT
5069,i-net-2000-npr,"tcp, udp",I/Net 2000-NPR,IANA,IT
5070,vtsas,"tcp, udp",VersaTrans Server Agent Service,IANA,IT
5071,powerschool,"tcp, udp",PowerSchool,IANA,IT
5072,ayiya,"tcp, udp",Anything In Anything,IANA,IT
5073,tag-pm,"tcp, udp",Advantage Group Port Mgr,IANA,IT
5074,alesquery,"tcp, udp",ALES Query,IANA,IT
5075,pvaccess,"tcp, udp",Experimental Physics and Industrial Control System,IANA,IT
5078,pixelpusher,"tcp, udp",PixelPusher pixel data,IANA,IT
5079,cp-spxrpts,"tcp, udp",Cambridge Pixel SPx Reports,IANA,IT
5080,onscreen,"tcp, udp",OnScreen Data Collection Service,IANA,IT
5081,sdl-ets,"tcp, udp",SDL - Ent Trans Server,IANA,IT
5082,qcp,"tcp, udp",Qpur Communication Protocol,IANA,IT
5083,qfp,"tcp, udp",Qpur File Protocol,IANA,IT
5084,llrp,"tcp, udp",EPCglobal Low-Level Reader Protocol,IANA,IT
5085,encrypted-llrp,"tcp, udp",EPCglobal Encrypted LLRP,IANA,IT
5086,aprigo-cs,"tcp, udp",Aprigo Collection Service,IANA,IT
5087,biotic,"tcp, udp",BIOTIC - Binary Internet of Things Interoperable Communication,IANA,IT
5090,car,sctp,Candidate AR,IANA,IT
5091,cxtp,sctp,Context Transfer Protocol,IANA,IT
5092,magpie,"tcp, udp",Magpie Binary,IANA,IT
5093,sentinel-lm,"tcp, udp",Sentinel LM,IANA,IT
5094,hart-ip,"tcp, udp",HART-IP,IANA,IT
5099,sentlm-srv2srv,"tcp, udp",SentLM Srv2Srv,IANA,IT
5100,socalia,"tcp, udp",Socalia service mux,IANA,IT
5101,"talarian-udp, talarian-tcp","tcp, udp","Talarian_TCP, Talarian_UDP",IANA,IT
5102,oms-nonsecure,"tcp, udp",Oracle OMS non-secure,IANA,IT
5103,actifio-c2c,"tcp, udp",Actifio C2C,IANA,IT
5104,tinymessage,"tcp, udp",TinyMessage,IANA,IT
5105,hughes-ap,"tcp, udp",Hughes Association Protocol,IANA,IT
5106,actifioudsagent,"tcp, udp",Actifio UDS Agent,IANA,IT
5107,actifioreplic,"tcp, udp",Disk to Disk replication between Actifio Clusters,IANA,IT
5111,taep-as-svc,"tcp, udp",TAEP AS service,IANA,IT
5112,pm-cmdsvr,"tcp, udp",PeerMe Msg Cmd Service,IANA,IT
5114,ev-services,"tcp, udp",Enterprise Vault Services,IANA,IT
5115,autobuild,"tcp, udp",Symantec Autobuild Service,IANA,IT
5116,emb-proj-cmd,"tcp, udp",EPSON Projecter Image Transfer,IANA,IT
5117,gradecam,"tcp, udp",GradeCam Image Processing,IANA,IT
5120,barracuda-bbs,"tcp, udp",Barracuda Backup Protocol,IANA,IT
5133,nbt-pc,"tcp, udp",Policy Commander,IANA,IT
5134,ppactivation,"tcp, udp",PP ActivationServer,IANA,IT
5135,erp-scale,"tcp, udp",ERP-Scale,IANA,IT
5136,minotaur-sa,"tcp, udp",Minotaur SA,IANA,IT
5137,ctsd,"tcp, udp",MyCTS server port,IANA,IT
5145,"rmonitor_secure, rmonitor-secure","tcp, udp","RMONITOR SECURE, RMONITOR SECURE
IANA assigned this well-formed service name as a replacement for ""rmonitor_secure"".",IANA,IT
5146,social-alarm,"tcp, udp",Social Alarm Service,IANA,IT
5150,atmp,"tcp, udp",Ascend Tunnel Management Protocol,IANA,IT
5151,"esri_sde, esri-sde","tcp, udp","ESRI SDE Instance, ESRI SDE Instance
    IANA assigned this well-formed service name as a replacement for ""esri_sde""., ESRI SDE Remote Start
    IANA assigned this well-formed service name as a replacement for ""esri_sde""., ESRI SDE Remote Start",IANA,IT
5152,sde-discovery,"tcp, udp",ESRI SDE Instance Discovery,IANA,IT
5154,bzflag,"tcp, udp",BZFlag game server,IANA,IT
5155,asctrl-agent,"tcp, udp",Oracle asControl Agent,IANA,IT
5156,rugameonline,"tcp, udp",Russian Online Game,IANA,IT
5157,mediat,"tcp, udp",Mediat Remote Object Exchange,IANA,IT
5161,snmpssh,"tcp, udp",SNMP over SSH Transport Model,IANA,IT
5162,snmpssh-trap,"tcp, udp",SNMP Notification over SSH Transport Model,IANA,IT
5163,sbackup,"tcp, udp",Shadow Backup,IANA,IT
5164,"vpa, vpa-disc","tcp, udp","Virtual Protocol Adapter, Virtual Protocol Adapter Discovery",IANA,IT
5165,"ife_icorp, ife-icorp","tcp, udp","ife_1corp
IANA assigned this well-formed service name as a replacement for ""ife_icorp""., ife_1corp",IANA,IT
5166,winpcs,"tcp, udp",WinPCS Service Connection,IANA,IT
5167,scte104,"tcp, udp",SCTE104 Connection,IANA,IT
5168,scte30,"tcp, udp",SCTE30 Connection,IANA,IT
5172,pcoip-mgmt,"tcp, udp",PC over IP Endpoint Management,IANA,IT
5190,aol,"tcp, udp",America-Online,IANA,IT
5191,aol-1,"tcp, udp",AmericaOnline1,IANA,IT
5192,aol-2,"tcp, udp",AmericaOnline2,IANA,IT
5193,aol-3,"tcp, udp",AmericaOnline3,IANA,IT
5194,cpscomm,"tcp, udp",CipherPoint Config Service,IANA,IT
5195,ampl-lic,"tcp, udp",The protocol is used by a license server and client programs to control use of program licenses that float to networked machines,IANA,IT
5196,ampl-tableproxy,"tcp, udp","The protocol is used by two programs that exchange ""table"" data used in the AMPL modeling language",IANA,IT
5197,tunstall-lwp,"tcp, udp",Tunstall Lone worker device interface,IANA,IT
5200,targus-getdata,"tcp, udp",TARGUS GetData,IANA,IT
5201,targus-getdata1,"tcp, udp",TARGUS GetData 1,IANA,IT
5202,targus-getdata2,"tcp, udp",TARGUS GetData 2,IANA,IT
5203,targus-getdata3,"tcp, udp",TARGUS GetData 3,IANA,IT
5209,nomad,"tcp, udp",Nomad Device Video Transfer,IANA,IT
5215,noteza,"sctp, tcp, udp",NOTEZA Data Safety Service,IANA,IT
5221,3exmp,"tcp, udp",3eTI Extensible Management Protocol for OAMP,IANA,IT
5222,xmpp-client,"tcp, udp",XMPP Client Connection,IANA,IT
5223,hpvirtgrp,"tcp, udp",HP Virtual Machine Group Management,IANA,IT
5224,hpvirtctrl,"tcp, udp",HP Virtual Machine Console Operations,IANA,IT
5225,hp-server,"tcp, udp",HP Server,IANA,IT
5226,hp-status,"tcp, udp",HP Status,IANA,IT
5227,perfd,"tcp, udp",HP System Performance Metric Service,IANA,IT
5228,hpvroom,"tcp, udp",HP Virtual Room Service,IANA,IT
5229,jaxflow,"tcp, udp",Netflow/IPFIX/sFlow Collector and Forwarder Management,IANA,IT
5230,jaxflow-data,"tcp, udp",JaxMP RealFlow application and protocol data,IANA,IT
5231,crusecontrol,"tcp, udp",Remote Control of Scan Software for Cruse Scanners,IANA,IT
5232,csedaemon,"tcp, udp",Cruse Scanning System Service,IANA,IT
5233,enfs,"tcp, udp",Etinnae Network File Service,IANA,IT
5234,eenet,"tcp, udp",EEnet communications,IANA,IT
5235,galaxy-network,"tcp, udp",Galaxy Network Service,IANA,IT
5236,padl2sim,"tcp, udp",,IANA,IT
5237,mnet-discovery,"tcp, udp",m-net discovery,IANA,IT
5242,attune,"tcp, udp",ATTUne API,IANA,IT
5243,xycstatus,"tcp, udp",xyClient Status API and rendevous point,IANA,IT
5245,"downtools, downtools-disc","tcp, udp","DownTools Control Protocol, DownTools Discovery Protocol",IANA,IT
5246,capwap-control,"tcp, udp",CAPWAP Control Protocol,IANA,IT
5247,capwap-data,"tcp, udp",CAPWAP Data Protocol,IANA,IT
5248,caacws,"tcp, udp",CA Access Control Web Service,IANA,IT
5249,caaclang2,"tcp, udp",CA AC Lang Service,IANA,IT
5250,soagateway,"tcp, udp",soaGateway,IANA,IT
5251,caevms,"tcp, udp",CA eTrust VM Service,IANA,IT
5252,movaz-ssc,"tcp, udp",Movaz SSC,IANA,IT
5253,kpdp,"tcp, udp",Kohler Power Device Protocol,IANA,IT
5254,logcabin,"tcp, udp",LogCabin storage service,IANA,IT
5264,3com-njack-1,"tcp, udp",3Com Network Jack Port 1,IANA,IT
5265,3com-njack-2,"tcp, udp",3Com Network Jack Port 2,IANA,IT
5269,xmpp-server,"tcp, udp",XMPP Server Connection,IANA,IT
5270,cartographerxmp,"tcp, udp",Cartographer XMP,IANA,IT
5271,"cuelink-disc, cuelink","tcp, udp","StageSoft CueLink messaging, StageSoft CueLink discovery",IANA,IT
5272,pk,"tcp, udp",PK,IANA,IT
5280,xmpp-bosh,"tcp, udp",Bidirectional-streams Over Synchronous HTTP (BOSH),IANA,IT
5281,undo-lm,"tcp, udp",Undo License Manager,IANA,IT
5282,transmit-port,"tcp, udp",Marimba Transmitter Port,IANA,IT
5298,presence,"tcp, udp",XMPP Link-Local Messaging,IANA,IT
5299,nlg-data,"tcp, udp",NLG Data Service,IANA,IT
5300,hacl-hb,"tcp, udp",HA cluster heartbeat,IANA,IT
5301,hacl-gs,"tcp, udp",HA cluster general services,IANA,IT
5302,hacl-cfg,"tcp, udp",HA cluster configuration,IANA,IT
5303,hacl-probe,"tcp, udp",HA cluster probing,IANA,IT
5304,hacl-local,"tcp, udp",HA Cluster Commands,IANA,IT
5305,hacl-test,"tcp, udp",HA Cluster Test,IANA,IT
5306,sun-mc-grp,"tcp, udp",Sun MC Group,IANA,IT
5307,sco-aip,"tcp, udp",SCO AIP,IANA,IT
5308,cfengine,"tcp, udp",CFengine,IANA,IT
5309,jprinter,"tcp, udp",J Printer,IANA,IT
5310,outlaws,"tcp, udp",Outlaws,IANA,IT
5312,permabit-cs,"tcp, udp",Permabit Client-Server,IANA,IT
5313,rrdp,"tcp, udp",Real-time & Reliable Data,IANA,IT
5314,opalis-rbt-ipc,"tcp, udp",opalis-rbt-ipc,IANA,IT
5315,hacl-poll,"tcp, udp",HA Cluster UDP Polling,IANA,IT
5316,hpbladems,"tcp, udp",HPBladeSystem Monitor Service,IANA,IT
5317,hpdevms,"tcp, udp",HP Device Monitor Service,IANA,IT
5318,pkix-cmc,"tcp, udp",PKIX Certificate Management using CMS (CMC),IANA,IT
5320,bsfserver-zn,"tcp, udp",Webservices-based Zn interface of BSF,IANA,IT
5321,bsfsvr-zn-ssl,"tcp, udp",Webservices-based Zn interface of BSF over SSL,IANA,IT
5343,kfserver,"tcp, udp",Sculptor Database Server,IANA,IT
5344,xkotodrcp,"tcp, udp",xkoto DRCP,IANA,IT
5349,"stun-behaviors, turns, stuns","tcp, udp","TURN over DTLS, STUN Behavior Discovery over TLS, TURN over TLS, STUN over DTLS, Reserved for a future enhancement of STUN-BEHAVIOR, Session Traversal Utilities for NAT (STUN) port",IANA,IT
5350,pcp-multicast,"tcp, udp",Port Control Protocol Multicast,IANA,IT
5351,pcp,"tcp, udp",Port Control Protocol,IANA,IT
5352,dns-llq,"tcp, udp",DNS Long-Lived Queries,IANA,IT
5353,mdns,"tcp, udp",Multicast DNS,IANA,IT
5354,mdnsresponder,"tcp, udp",Multicast DNS Responder IPC,IANA,IT
5355,llmnr,"tcp, udp",LLMNR,IANA,IT
5356,ms-smlbiz,"tcp, udp",Microsoft Small Business,IANA,IT
5357,wsdapi,"tcp, udp",Web Services for Devices,IANA,IT
5358,wsdapi-s,"tcp, udp",WS for Devices Secured,IANA,IT
5359,ms-alerter,"tcp, udp",Microsoft Alerter,IANA,IT
5360,ms-sideshow,"tcp, udp",Protocol for Windows SideShow,IANA,IT
5361,ms-s-sideshow,"tcp, udp",Secure Protocol for Windows SideShow,IANA,IT
5362,serverwsd2,"tcp, udp",Microsoft Windows Server WSD2 Service,IANA,IT
5363,net-projection,"tcp, udp",Windows Network Projection,IANA,IT
5364,kdnet,"tcp, udp",Microsoft Kernel Debugger,IANA,IT
5397,stresstester,"tcp, udp",StressTester(tm) Injector,IANA,IT
5398,elektron-admin,"tcp, udp",Elektron Administration,IANA,IT
5399,securitychase,"tcp, udp",SecurityChase,IANA,IT
5400,excerpt,"tcp, udp",Excerpt Search,IANA,IT
5401,excerpts,"tcp, udp",Excerpt Search Secure,IANA,IT
5402,mftp,"tcp, udp",OmniCast MFTP,IANA,IT
5403,hpoms-ci-lstn,"tcp, udp",HPOMS-CI-LSTN,IANA,IT
5404,hpoms-dps-lstn,"tcp, udp",HPOMS-DPS-LSTN,IANA,IT
5405,netsupport,"tcp, udp",NetSupport,IANA,IT
5406,systemics-sox,"tcp, udp",Systemics Sox,IANA,IT
5407,foresyte-clear,"tcp, udp",Foresyte-Clear,IANA,IT
5408,foresyte-sec,"tcp, udp",Foresyte-Sec,IANA,IT
5409,salient-dtasrv,"tcp, udp",Salient Data Server,IANA,IT
5410,salient-usrmgr,"tcp, udp",Salient User Manager,IANA,IT
5411,actnet,"tcp, udp",ActNet,IANA,IT
5412,continuus,"tcp, udp",Continuus,IANA,IT
5413,wwiotalk,"tcp, udp",WWIOTALK,IANA,IT
5414,statusd,"tcp, udp",StatusD,IANA,IT
5415,ns-server,"tcp, udp",NS Server,IANA,IT
5416,sns-gateway,"tcp, udp",SNS Gateway,IANA,IT
5417,sns-agent,"tcp, udp",SNS Agent,IANA,IT
5418,mcntp,"tcp, udp",MCNTP,IANA,IT
5419,dj-ice,"tcp, udp",DJ-ICE,IANA,IT
5420,cylink-c,"tcp, udp",Cylink-C,IANA,IT
5421,netsupport2,"tcp, udp",Net Support 2,IANA,IT
5422,salient-mux,"tcp, udp",Salient MUX,IANA,IT
5423,virtualuser,"tcp, udp",VIRTUALUSER,IANA,IT
5424,beyond-remote,"tcp, udp",Beyond Remote,IANA,IT
5425,br-channel,"tcp, udp",Beyond Remote Command Channel,IANA,IT
5426,devbasic,"tcp, udp",DEVBASIC,IANA,IT
5427,sco-peer-tta,"tcp, udp",SCO-PEER-TTA,IANA,IT
5428,telaconsole,"tcp, udp",TELACONSOLE,IANA,IT
5429,base,"tcp, udp",Billing and Accounting System Exchange,IANA,IT
5430,radec-corp,"tcp, udp",RADEC CORP,IANA,IT
5431,park-agent,"tcp, udp",PARK AGENT,IANA,IT
5432,postgresql,"tcp, udp",PostgreSQL Database,IANA,IT
5433,pyrrho,"tcp, udp",Pyrrho DBMS,IANA,IT
5434,sgi-arrayd,"tcp, udp",SGI Array Services Daemon,IANA,IT
5435,sceanics,"tcp, udp",SCEANICS situation and action notification,IANA,IT
5436,pmip6-cntl,"tcp, udp",pmip6-cntl,IANA,IT
5437,pmip6-data,"tcp, udp",pmip6-data,IANA,IT
5443,spss,"tcp, udp",Pearson HTTPS,IANA,IT
5445,smbdirect,"sctp, tcp, udp",Server Message Block over Remote Direct Memory Access,IANA,IT
5450,"tiepie-disc, tiepie, OSIsoft PI Server","tcp, udp","TiePie engineering data acquisition, TiePie engineering data acquisition (discovery), OSIsoft PI Server",IANA,"IT, ICS"
5453,surebox,"tcp, udp",SureBox,IANA,IT
5454,apc-5454,"tcp, udp",APC 5454,IANA,IT
5455,apc-5455,"tcp, udp",APC 5455,IANA,IT
5456,apc-5456,"tcp, udp",APC 5456,IANA,IT
5461,silkmeter,"tcp, udp",SILKMETER,IANA,IT
5462,ttl-publisher,"tcp, udp",TTL Publisher,IANA,IT
5463,ttlpriceproxy,"tcp, udp",TTL Price Proxy,IANA,IT
5464,quailnet,"tcp, udp",Quail Networks Object Broker,IANA,IT
5465,netops-broker,"tcp, udp",NETOPS-BROKER,IANA,IT
5470,apsolab-col,"tcp, udp",The Apsolab company's data collection protocol (native api),IANA,IT
5471,apsolab-cols,"tcp, udp",The Apsolab company's secure data collection protocol (native api),IANA,IT
5472,apsolab-tag,"tcp, udp",The Apsolab company's dynamic tag protocol,IANA,IT
5473,apsolab-tags,"tcp, udp",The Apsolab company's secure dynamic tag protocol,IANA,IT
5474,apsolab-rpc,"tcp, udp",The Apsolab company's status query protocol,IANA,IT
5475,apsolab-data,"tcp, udp",The Apsolab company's data retrieval protocol,IANA,IT
5500,fcp-addr-srvr1,"tcp, udp",fcp-addr-srvr1,IANA,IT
5501,fcp-addr-srvr2,"tcp, udp",fcp-addr-srvr2,IANA,IT
5502,fcp-srvr-inst1,"tcp, udp",fcp-srvr-inst1,IANA,IT
5503,fcp-srvr-inst2,"tcp, udp",fcp-srvr-inst2,IANA,IT
5504,fcp-cics-gw1,"tcp, udp",fcp-cics-gw1,IANA,IT
5505,checkoutdb,"tcp, udp",Checkout Database,IANA,IT
5506,amc,"tcp, udp",Amcom Mobile Connect,IANA,IT
5507,psl-management,"tcp, udp",PowerSysLab Electrical Management,IANA,IT
5540,matter,"tcp, udp",Matter Operational Discovery and Communi,IANA,IT
5543,qftest-licserve,"tcp, udp",QF-Test License Server,IANA,IT
5550,cbus,"tcp, udp",Model Railway control using the CBUS message protocol,IANA,IT
5553,sgi-eventmond,"tcp, udp",SGI Eventmond Port,IANA,IT
5554,sgi-esphttp,"tcp, udp",SGI ESP HTTP,IANA,IT
5555,personal-agent,"tcp, udp",Personal Agent,IANA,IT
5556,freeciv,"tcp, udp",Freeciv gameplay,IANA,IT
5557,farenet,"tcp, udp",Sandlab FARENET,IANA,IT
5565,dp-bura,"tcp, udp",Data Protector BURA,IANA,IT
5566,westec-connect,"tcp, udp",Westec Connect,IANA,IT
5567,dof-dps-mc-sec,"tcp, udp",DOF Protocol Stack Multicast/Secure Transport,IANA,IT
5568,sdt,"tcp, udp",Session Data Transport Multicast,IANA,IT
5569,"rdmnet-ctrl, rdmnet-device","tcp, udp","PLASA E1.33, Remote Device Management (RDM) messages, Remote Device Management (RDM) controller status notifications",IANA,IT
5570,,,Unassigned,IANA,IT
5571,,,Unassigned,IANA,IT
5572,,,Unassigned,IANA,IT
5573,sdmmp,"tcp, udp",SAS Domain Management Messaging Protocol,IANA,IT
5574,lsi-bobcat,"tcp, udp",SAS IO Forwarding,IANA,IT
5575,ora-oap,"tcp, udp",Oracle Access Protocol,IANA,IT
5579,fdtracks,"tcp, udp",FleetDisplay Tracking Service,IANA,IT
5580,tmosms0,"tcp, udp",T-Mobile SMS Protocol Message 0,IANA,IT
5581,tmosms1,"tcp, udp",T-Mobile SMS Protocol Message 1,IANA,IT
5582,fac-restore,"tcp, udp",T-Mobile SMS Protocol Message 3,IANA,IT
5583,tmo-icon-sync,"tcp, udp",T-Mobile SMS Protocol Message 2,IANA,IT
5584,bis-web,"tcp, udp",BeInSync-Web,IANA,IT
5585,bis-sync,"tcp, udp",BeInSync-sync,IANA,IT
5586,att-mt-sms,"tcp, udp",Planning to send mobile terminated SMS to the specific port so that the SMS is not visible to the client,IANA,IT
5597,ininmessaging,"tcp, udp",inin secure messaging,IANA,IT
5598,mctfeed,"tcp, udp",MCT Market Data Feed,IANA,IT
5599,esinstall,"tcp, udp",Enterprise Security Remote Install,IANA,IT
5600,esmmanager,"tcp, udp",Enterprise Security Manager,IANA,IT
5601,esmagent,"tcp, udp",Enterprise Security Agent,IANA,IT
5602,a1-msc,"tcp, udp",A1-MSC,IANA,IT
5603,a1-bs,"tcp, udp",A1-BS,IANA,IT
5604,a3-sdunode,"tcp, udp",A3-SDUNode,IANA,IT
5605,a4-sdunode,"tcp, udp",A4-SDUNode,IANA,IT
5618,efr,"tcp, udp",Fiscal Registering Protocol,IANA,IT
5627,ninaf,"tcp, udp",Node Initiated Network Association Forma,IANA,IT
5628,htrust,"tcp, udp",HTrust API,IANA,IT
5629,symantec-sfdb,"tcp, udp",Symantec Storage Foundation for Database,IANA,IT
5630,precise-comm,"tcp, udp",PreciseCommunication,IANA,IT
5631,pcanywheredata,"tcp, udp",pcANYWHEREdata,IANA,IT
5632,pcanywherestat,"tcp, udp",pcANYWHEREstat,IANA,IT
5633,beorl,"tcp, udp",BE Operations Request Listener,IANA,IT
5634,xprtld,"tcp, udp",SF Message Service,IANA,IT
5635,sfmsso,"tcp, udp",SFM Authentication Subsystem,IANA,IT
5636,sfm-db-server,"tcp, udp",SFMdb - SFM DB server,IANA,IT
5637,cssc,"tcp, udp",Symantec CSSC,IANA,IT
5638,flcrs,"tcp, udp",Symantec Fingerprint Lookup and Container Reference Service,IANA,IT
5639,ics,"tcp, udp",Symantec Integrity Checking Service,IANA,IT
5646,vfmobile,"tcp, udp",Ventureforth Mobile,IANA,IT
5666,nrpe,"tcp, udp",Nagios Remote Plugin Executor,IANA,IT
5670,"filemq, zre-disc","tcp, udp","Local area discovery and messaging over ZeroMQ, ZeroMQ file publish-subscribe protocol",IANA,IT
5671,amqps,"tcp, udp",amqp protocol over TLS/SSL,IANA,IT
5672,amqp,"sctp, tcp, udp",AMQP,IANA,IT
5673,jms,"tcp, udp",JACL Message Server,IANA,IT
5674,hyperscsi-port,"tcp, udp",HyperSCSI Port,IANA,IT
5675,v5ua,"sctp, tcp, udp",V5UA application port,IANA,IT
5676,raadmin,"tcp, udp",RA Administration,IANA,IT
5677,questdb2-lnchr,"tcp, udp",Quest Central DB2 Launchr,IANA,IT
5678,rrac,"tcp, udp",Remote Replication Agent Connection,IANA,IT
5679,dccm,"tcp, udp",Direct Cable Connect Manager,IANA,IT
5680,auriga-router,"tcp, udp",Auriga Router Service,IANA,IT
5681,ncxcp,"tcp, udp",Net-coneX Control Protocol,IANA,IT
5682,brightcore,"tcp, udp",BrightCore control & data transfer exchange,IANA,IT
5683,coap,"tcp, udp","Constrained Application Protocol (CoAP), Constrained Application Protocol",IANA,IT
5684,coaps,"tcp, udp","Constrained Application Protocol (CoAP), DTLS-secured CoAP",IANA,IT
5687,gog-multiplayer,"tcp, udp",GOG multiplayer game protocol,IANA,IT
5688,ggz,"tcp, udp",GGZ Gaming Zone,IANA,IT
5689,qmvideo,"tcp, udp",QM video network management protocol,IANA,IT
5693,rbsystem,"tcp, udp",Robert Bosch Data Transfer,IANA,IT
5696,kmip,"tcp, udp",Key Management Interoperability Protocol,IANA,IT
5700,supportassist,"tcp, udp",Dell SupportAssist data center management,IANA,IT
5705,storageos,"tcp, udp",StorageOS REST API,IANA,IT
5713,proshareaudio,"tcp, udp",proshare conf audio,IANA,IT
5714,prosharevideo,"tcp, udp",proshare conf video,IANA,IT
5715,prosharedata,"tcp, udp",proshare conf data,IANA,IT
5716,prosharerequest,"tcp, udp",proshare conf request,IANA,IT
5717,prosharenotify,"tcp, udp",proshare conf notify,IANA,IT
5718,dpm,"tcp, udp",DPM Communication Server,IANA,IT
5719,dpm-agent,"tcp, udp",DPM Agent Coordinator,IANA,IT
5720,ms-licensing,"tcp, udp",MS-Licensing,IANA,IT
5721,dtpt,"tcp, udp",Desktop Passthru Service,IANA,IT
5722,msdfsr,"tcp, udp",Microsoft DFS Replication Service,IANA,IT
5723,omhs,"tcp, udp",Operations Manager - Health Service,IANA,IT
5724,omsdk,"tcp, udp",Operations Manager - SDK Service,IANA,IT
5725,ms-ilm,"tcp, udp",Microsoft Identity Lifecycle Manager,IANA,IT
5726,ms-ilm-sts,"tcp, udp",Microsoft Lifecycle Manager Secure Token Service,IANA,IT
5727,asgenf,"tcp, udp",ASG Event Notification Framework,IANA,IT
5728,"io-dist-group, io-dist-data","tcp, udp","Dist. I/O Comm. Service Group Membership, Dist. I/O Comm. Service Data and Control",IANA,IT
5729,openmail,"tcp, udp",Openmail User Agent Layer,IANA,IT
5730,unieng,"tcp, udp",Steltor's calendar access,IANA,IT
5741,ida-discover1,"tcp, udp",IDA Discover Port 1,IANA,IT
5742,ida-discover2,"tcp, udp",IDA Discover Port 2,IANA,IT
5743,watchdoc-pod,"tcp, udp",Watchdoc NetPOD Protocol,IANA,IT
5744,watchdoc,"tcp, udp",Watchdoc Server,IANA,IT
5745,fcopy-server,"tcp, udp",fcopy-server,IANA,IT
5746,fcopys-server,"tcp, udp",fcopys-server,IANA,IT
5747,tunatic,"tcp, udp",Wildbits Tunatic,IANA,IT
5748,tunalyzer,"tcp, udp",Wildbits Tunalyzer,IANA,IT
5750,rscd,"tcp, udp",Bladelogic Agent Service,IANA,IT
5755,openmailg,"tcp, udp",OpenMail Desk Gateway server,IANA,IT
5757,x500ms,"tcp, udp",OpenMail X.500 Directory Server,IANA,IT
5766,openmailns,"tcp, udp",OpenMail NewMail Server,IANA,IT
5767,s-openmail,"tcp, udp",OpenMail Suer Agent Layer (Secure),IANA,IT
5768,openmailpxy,"tcp, udp",OpenMail CMTS Server,IANA,IT
5769,spramsca,"tcp, udp",x509solutions Internal CA,IANA,IT
5770,spramsd,"tcp, udp",x509solutions Secure Data,IANA,IT
5771,netagent,"tcp, udp",NetAgent,IANA,IT
5777,starfield-io,"tcp, udp",Control commands and responses,IANA,IT
5780,vts-rpc,"tcp, udp",Visual Tag System RPC,IANA,IT
5781,3par-evts,"tcp, udp",3PAR Event Reporting Service,IANA,IT
5782,3par-mgmt,"tcp, udp",3PAR Management Service,IANA,IT
5783,3par-mgmt-ssl,"tcp, udp",3PAR Management Service with SSL,IANA,IT
5784,ibar,"tcp, udp",Cisco Interbox Application Redundancy,IANA,IT
5785,3par-rcopy,"tcp, udp",3PAR Inform Remote Copy,IANA,IT
5786,cisco-redu,"tcp, udp",redundancy notification,IANA,IT
5787,waascluster,"tcp, udp",Cisco WAAS Cluster Protocol,IANA,IT
5793,xtreamx,"tcp, udp",XtreamX Supervised Peer message,IANA,IT
5794,spdp,"tcp, udp",Simple Peered Discovery Protocol,IANA,IT
5798,enlabel-dpl,"tcp, udp",Proprietary Website deployment service,IANA,IT
5813,icmpd,"tcp, udp",ICMPD,IANA,IT
5814,spt-automation,"tcp, udp",Support Automation,IANA,IT
5820,autopassdaemon,"tcp, udp",AutoPass licensing,IANA,IT
5841,shiprush-d-ch,"tcp, udp",Z-firm ShipRush interface for web access and bidirectional data,IANA,IT
5842,reversion,"tcp, udp",Reversion Backup/Restore,IANA,IT
5859,wherehoo,"tcp, udp",WHEREHOO,IANA,IT
5863,ppsuitemsg,"tcp, udp",PlanetPress Suite Messeng,IANA,IT
5868,diameters,"sctp, tcp, udp","Diameter over TLS/TCP, Diameter over DTLS/SCTP",IANA,IT
5883,jute,tcp,Javascript Unit Test Environment,IANA,IT
5900,rfb,"tcp, udp",Remote Framebuffer,IANA,IT
5903,ff-ice,"sctp, tcp, udp",Flight & Flow Info for Collaborative Env,IANA,IT
5904,ag-swim,"sctp, tcp, udp",Air-Ground SWIM,IANA,IT
5905,asmgcs,"sctp, tcp, udp",Adv Surface Mvmnt and Guidance Cont Sys,IANA,IT
5906,rpas-c2,"sctp, tcp, udp",Remotely Piloted Vehicle C&C,IANA,IT
5907,dsd,"sctp, tcp, udp",Distress and Safety Data App,IANA,IT
5908,ipsma,"sctp, tcp, udp",IPS Management Application,IANA,IT
5909,agma,"sctp, tcp, udp",Air-ground media advisory,IANA,IT
5910,"ats-atn, cm","sctp, tcp, udp","Air Traffic Services applications using ATN, Context Management",IANA,IT
5911,"ats-acars, cpdlc","sctp, tcp, udp","Air Traffic Services applications using ACARS, Controller Pilot Data Link Communication",IANA,IT
5912,"ais-met, fis","sctp, tcp, udp","Flight Information Services, Aeronautical Information Service/Meteorological applications using ACARS",IANA,IT
5913,"aoc-acars, ads-c","sctp, tcp, udp","Automatic Dependent Surveillance, Airline operational communications applications using ACARS",IANA,IT
5914,ipsdtls,"sctp, tcp, udp",Security for Internet Protocol Suite,IANA,IT
5963,indy,"tcp, udp",Indy Application Server,IANA,IT
5968,mppolicy-v5,"tcp, udp",mppolicy-v5,IANA,IT
5969,mppolicy-mgr,"tcp, udp",mppolicy-mgr,IANA,IT
5984,couchdb,"tcp, udp",CouchDB,IANA,IT
5985,wsman,"tcp, udp",WBEM WS-Management HTTP,IANA,IT
5986,wsmans,"tcp, udp",WBEM WS-Management HTTP over TLS/SSL,IANA,IT
5987,wbem-rmi,"tcp, udp",WBEM RMI,IANA,IT
5988,wbem-http,"tcp, udp",WBEM CIM-XML (HTTP),IANA,IT
5989,wbem-https,"tcp, udp",WBEM CIM-XML (HTTPS),IANA,IT
5990,wbem-exp-https,"tcp, udp",WBEM Export HTTPS,IANA,IT
5991,nuxsl,"tcp, udp",NUXSL,IANA,IT
5992,consul-insight,"tcp, udp",Consul InSight Security,IANA,IT
5993,cim-rs,"tcp, udp",DMTF WBEM CIM REST,IANA,IT
5994,rms-agent,"tcp, udp",RMS Agent Listening Service,IANA,IT
5999,cvsup,"tcp, udp",CVSup,IANA,IT
6000,x11,"tcp, udp",X Window System,IANA,IT
6001,x11,"tcp, udp",X Window System,IANA,IT
6002,x11,"tcp, udp",X Window System,IANA,IT
6003,x11,"tcp, udp",X Window System,IANA,IT
6004,x11,"tcp, udp",X Window System,IANA,IT
6005,x11,"tcp, udp",X Window System,IANA,IT
6006,x11,"tcp, udp",X Window System,IANA,IT
6007,x11,"tcp, udp",X Window System,IANA,IT
6008,x11,"tcp, udp",X Window System,IANA,IT
6009,x11,"tcp, udp",X Window System,IANA,IT
6010,x11,"tcp, udp",X Window System,IANA,IT
6011,x11,"tcp, udp",X Window System,IANA,IT
6012,x11,"tcp, udp",X Window System,IANA,IT
6013,x11,"tcp, udp",X Window System,IANA,IT
6014,x11,"tcp, udp",X Window System,IANA,IT
6015,x11,"tcp, udp",X Window System,IANA,IT
6016,x11,"tcp, udp",X Window System,IANA,IT
6017,x11,"tcp, udp",X Window System,IANA,IT
6018,x11,"tcp, udp",X Window System,IANA,IT
6019,x11,"tcp, udp",X Window System,IANA,IT
6020,x11,"tcp, udp",X Window System,IANA,IT
6021,x11,"tcp, udp",X Window System,IANA,IT
6022,x11,"tcp, udp",X Window System,IANA,IT
6023,x11,"tcp, udp",X Window System,IANA,IT
6024,x11,"tcp, udp",X Window System,IANA,IT
6025,x11,"tcp, udp",X Window System,IANA,IT
6026,x11,"tcp, udp",X Window System,IANA,IT
6027,x11,"tcp, udp",X Window System,IANA,IT
6028,x11,"tcp, udp",X Window System,IANA,IT
6029,x11,"tcp, udp",X Window System,IANA,IT
6030,x11,"tcp, udp",X Window System,IANA,IT
6031,x11,"tcp, udp",X Window System,IANA,IT
6032,x11,"tcp, udp",X Window System,IANA,IT
6033,x11,"tcp, udp",X Window System,IANA,IT
6034,x11,"tcp, udp",X Window System,IANA,IT
6035,x11,"tcp, udp",X Window System,IANA,IT
6036,x11,"tcp, udp",X Window System,IANA,IT
6037,x11,"tcp, udp",X Window System,IANA,IT
6038,x11,"tcp, udp",X Window System,IANA,IT
6039,x11,"tcp, udp",X Window System,IANA,IT
6040,x11,"tcp, udp",X Window System,IANA,IT
6041,x11,"tcp, udp",X Window System,IANA,IT
6042,x11,"tcp, udp",X Window System,IANA,IT
6043,x11,"tcp, udp",X Window System,IANA,IT
6044,x11,"tcp, udp",X Window System,IANA,IT
6045,x11,"tcp, udp",X Window System,IANA,IT
6046,x11,"tcp, udp",X Window System,IANA,IT
6047,x11,"tcp, udp",X Window System,IANA,IT
6048,x11,"tcp, udp",X Window System,IANA,IT
6049,x11,"tcp, udp",X Window System,IANA,IT
6050,x11,"tcp, udp",X Window System,IANA,IT
6051,x11,"tcp, udp",X Window System,IANA,IT
6052,x11,"tcp, udp",X Window System,IANA,IT
6053,x11,"tcp, udp",X Window System,IANA,IT
6054,x11,"tcp, udp",X Window System,IANA,IT
6055,x11,"tcp, udp",X Window System,IANA,IT
6056,x11,"tcp, udp",X Window System,IANA,IT
6057,x11,"tcp, udp",X Window System,IANA,IT
6058,x11,"tcp, udp",X Window System,IANA,IT
6059,x11,"tcp, udp",X Window System,IANA,IT
6060,x11,"tcp, udp",X Window System,IANA,IT
6061,x11,"tcp, udp",X Window System,IANA,IT
6062,x11,"tcp, udp",X Window System,IANA,IT
6063,x11,"tcp, udp",X Window System,IANA,IT
6064,ndl-ahp-svc,"tcp, udp",NDL-AHP-SVC,IANA,IT
6065,winpharaoh,"tcp, udp",WinPharaoh,IANA,IT
6066,ewctsp,"tcp, udp",EWCTSP,IANA,IT
6068,gsmp-ancp,"tcp, udp",GSMP/ANCP,IANA,IT
6069,trip,"tcp, udp",TRIP,IANA,IT
6070,messageasap,"tcp, udp",Messageasap,IANA,IT
6071,ssdtp,"tcp, udp",SSDTP,IANA,IT
6072,diagnose-proc,"tcp, udp",DIAGNOSE-PROC,IANA,IT
6073,directplay8,"tcp, udp",DirectPlay8,IANA,IT
6074,max,"tcp, udp",Microsoft Max,IANA,IT
6075,dpm-acm,"tcp, udp",Microsoft DPM Access Control Manager,IANA,IT
6076,msft-dpm-cert,"tcp, udp",Microsoft DPM WCF Certificates,IANA,IT
6077,iconstructsrv,"tcp, udp",iConstruct Server,IANA,IT
6080,gue,"tcp, udp",Generic UDP Encapsulation,IANA,IT
6081,geneve,"tcp, udp",Generic Network Virtualization Encapsulation (Geneve),IANA,IT
6082,p25cai,"tcp, udp",APCO Project 25 Common Air Interface - UDP encapsulation,IANA,IT
6083,miami-bcast,"tcp, udp",telecomsoftware miami broadcast,IANA,IT
6084,reload-config,"tcp, udp",Peer to Peer Infrastructure Configuration,IANA,IT
6085,konspire2b,"tcp, udp",konspire2b p2p network,IANA,IT
6086,pdtp,"tcp, udp",PDTP P2P,IANA,IT
6087,ldss,"tcp, udp",Local Download Sharing Service,IANA,IT
6088,"doglms-notify, doglms","tcp, udp","SuperDog License Manager, SuperDog License Manager Notifier",IANA,IT
6099,raxa-mgmt,"tcp, udp",RAXA Management,IANA,IT
6100,synchronet-db,"tcp, udp",SynchroNet-db,IANA,IT
6101,synchronet-rtc,"tcp, udp",SynchroNet-rtc,IANA,IT
6102,synchronet-upd,"tcp, udp",SynchroNet-upd,IANA,IT
6103,rets,"tcp, udp",RETS,IANA,IT
6104,dbdb,"tcp, udp",DBDB,IANA,IT
6105,primaserver,"tcp, udp",Prima Server,IANA,IT
6106,mpsserver,"tcp, udp",MPS Server,IANA,IT
6107,etc-control,"tcp, udp",ETC Control,IANA,IT
6108,sercomm-scadmin,"tcp, udp",Sercomm-SCAdmin,IANA,IT
6109,globecast-id,"tcp, udp",GLOBECAST-ID,IANA,IT
6110,softcm,"tcp, udp",HP SoftBench CM,IANA,IT
6111,spc,"tcp, udp",HP SoftBench Sub-Process Control,IANA,IT
6112,dtspcd,"tcp, udp",Desk-Top Sub-Process Control Daemon,IANA,IT
6113,dayliteserver,"tcp, udp",Daylite Server,IANA,IT
6114,wrspice,"tcp, udp",WRspice IPC Service,IANA,IT
6115,xic,"tcp, udp",Xic IPC Service,IANA,IT
6116,xtlserv,"tcp, udp",XicTools License Manager Service,IANA,IT
6117,daylitetouch,"tcp, udp",Daylite Touch Sync,IANA,IT
6118,tipc,"tcp, udp",Transparent Inter Process Communication,IANA,IT
6121,spdy,"tcp, udp",SPDY for a faster web,IANA,IT
6122,bex-webadmin,"tcp, udp",Backup Express Web Server,IANA,IT
6123,backup-express,"tcp, udp",Backup Express,IANA,IT
6124,pnbs,"tcp, udp",Phlexible Network Backup Service,IANA,IT
6130,damewaremobgtwy,"tcp, udp",The DameWare Mobile Gateway Service,IANA,IT
6133,nbt-wol,"tcp, udp",New Boundary Tech WOL,IANA,IT
6140,pulsonixnls,"tcp, udp",Pulsonix Network License Service,IANA,IT
6141,meta-corp,"tcp, udp",Meta Corporation License Manager,IANA,IT
6142,aspentec-lm,"tcp, udp",Aspen Technology License Manager,IANA,IT
6143,watershed-lm,"tcp, udp",Watershed License Manager,IANA,IT
6144,statsci1-lm,"tcp, udp",StatSci License Manager - 1,IANA,IT
6145,statsci2-lm,"tcp, udp",StatSci License Manager - 2,IANA,IT
6146,lonewolf-lm,"tcp, udp",Lone Wolf Systems License Manager,IANA,IT
6147,montage-lm,"tcp, udp",Montage License Manager,IANA,IT
6149,tal-pod,"tcp, udp",tal-pod,IANA,IT
6159,efb-aci,"tcp, udp",EFB Application Control Interface,IANA,IT
6160,"ecmp-data, ecmp","tcp, udp","Emerson Extensible Control and Management Protocol Data, Emerson Extensible Control and Management Protocol",IANA,IT
6161,patrol-ism,"tcp, udp",PATROL Internet Srv Mgr,IANA,IT
6162,patrol-coll,"tcp, udp",PATROL Collector,IANA,IT
6163,pscribe,"tcp, udp",Precision Scribe Cnx Port,IANA,IT
6200,lm-x,"tcp, udp",LM-X License Manager by X-Formation,IANA,IT
6201,thermo-calc,"tcp, udp",Management of service nodes in a processing grid for thermodynamic calculations,IANA,IT
6209,qmtps,"tcp, udp",QMTP over TLS,IANA,IT
6222,radmind,"tcp, udp",Radmind Access Protocol,IANA,IT
6241,"jeol-nsdtp-1, jeol-nsddp-1","tcp, udp","JEOL Network Services Dynamic Discovery Protocol 1, JEOL Network Services Data Transport Protocol 1",IANA,IT
6242,"jeol-nsdtp-2, jeol-nsddp-2","tcp, udp","JEOL Network Services Data Transport Protocol 2, JEOL Network Services Dynamic Discovery Protocol 2",IANA,IT
6243,"jeol-nsddp-3, jeol-nsdtp-3","tcp, udp","JEOL Network Services Data Transport Protocol 3, JEOL Network Services Dynamic Discovery Protocol 3",IANA,IT
6244,"jeol-nsddp-4, jeol-nsdtp-4","tcp, udp","JEOL Network Services Data Transport Protocol 4, JEOL Network Services Dynamic Discovery Protocol 4",IANA,IT
6251,tl1-raw-ssl,"tcp, udp",TL1 Raw Over SSL/TLS,IANA,IT
6252,tl1-ssh,"tcp, udp",TL1 over SSH,IANA,IT
6253,crip,"tcp, udp",CRIP,IANA,IT
6267,gld,"tcp, udp",GridLAB-D User Interface,IANA,IT
6268,grid,"tcp, udp",Grid Authentication,IANA,IT
6269,grid-alt,"tcp, udp",Grid Authentication Alt,IANA,IT
6300,bmc-grx,"tcp, udp",BMC GRX,IANA,IT
6301,"bmc_ctd_ldap, bmc-ctd-ldap","tcp, udp","BMC CONTROL-D LDAP SERVER, BMC CONTROL-D LDAP SERVER
IANA assigned this well-formed service name as a replacement for ""bmc_ctd_ldap"".",IANA,IT
6306,ufmp,"tcp, udp",Unified Fabric Management Protocol,IANA,IT
6315,"scup, scup-disc","tcp, udp","Sensor Control Unit Protocol, Sensor Control Unit Protocol Discovery Protocol",IANA,IT
6316,abb-escp,"tcp, udp",Ethernet Sensor Communications Protocol,IANA,IT
6317,"nav-data-cmd, nav-data","tcp, udp","Navtech Radar Sensor Data, Navtech Radar Sensor Data Command",IANA,IT
6318,iona-data,"tcp, udp",IONA Measurement and control data,IANA,IT
6320,repsvc,"tcp, udp",Double-Take Replication Service,IANA,IT
6321,emp-server1,"tcp, udp",Empress Software Connectivity Server 1,IANA,IT
6322,emp-server2,"tcp, udp",Empress Software Connectivity Server 2,IANA,IT
6324,"hrd-ns-disc, hrd-ncs","tcp, udp","HR Device Network service, HR Device Network Configuration Service",IANA,IT
6325,dt-mgmtsvc,"tcp, udp",Double-Take Management Service,IANA,IT
6326,dt-vra,"tcp, udp",Double-Take Virtual Recovery Assistant,IANA,IT
6343,sflow,"tcp, udp",sFlow traffic monitoring,IANA,IT
6344,streletz,"tcp, udp",Argus-Spectr security and fire-prevention systems service,IANA,IT
6346,gnutella-svc,"tcp, udp",gnutella-svc,IANA,IT
6347,gnutella-rtr,"tcp, udp",gnutella-rtr,IANA,IT
6350,adap,"tcp, udp",App Discovery and Access Protocol,IANA,IT
6355,pmcs,"tcp, udp",PMCS applications,IANA,IT
6360,metaedit-mu,"tcp, udp",MetaEdit+ Multi-User,IANA,IT
6363,ndn,"tcp, udp",Named Data Networking,IANA,IT
6370,metaedit-se,"tcp, udp",MetaEdit+ Server Administration,IANA,IT
6379,redis,"tcp, udp",An advanced key-value cache and store,IANA,IT
6382,metatude-mds,"tcp, udp",Metatude Dialogue Server,IANA,IT
6389,clariion-evr01,"tcp, udp",clariion-evr01,IANA,IT
6390,metaedit-ws,"tcp, udp",MetaEdit+ WebService API,IANA,IT
6400,boe-cms,,Business Objects CMS contact port,IANA,IT
6401,boe-was,,boe-was,IANA,IT
6402,boe-eventsrv,,boe-eventsrv,IANA,IT
6403,boe-cachesvr,,boe-cachesvr,IANA,IT
6404,boe-filesvr,,Business Objects Enterprise internal server,IANA,IT
6405,boe-pagesvr,,Business Objects Enterprise internal server,IANA,IT
6406,boe-processsvr,,Business Objects Enterprise internal server,IANA,IT
6407,boe-resssvr1,,Business Objects Enterprise internal server,IANA,IT
6408,boe-resssvr2,,Business Objects Enterprise internal server,IANA,IT
6409,boe-resssvr3,,Business Objects Enterprise internal server,IANA,IT
6410,boe-resssvr4,,Business Objects Enterprise internal server,IANA,IT
6417,faxcomservice,"tcp, udp",Faxcom Message Service,IANA,IT
6418,syserverremote,"tcp, udp",SYserver remote commands,IANA,IT
6419,"svdrp-disc, svdrp","tcp, udp","Simple VDR Protocol, Simple VDR Protocol Discovery",IANA,IT
6420,nim-vdrshell,"tcp, udp",NIM_VDRShell,IANA,IT
6421,nim-wan,"tcp, udp",NIM_WAN,IANA,IT
6432,pgbouncer,"tcp, udp",PgBouncer,IANA,IT
6440,heliosd,"tcp, udp",heliosd daemon,IANA,IT
6442,tarp,"tcp, udp",Transitory Application Request Protocol,IANA,IT
6443,sun-sr-https,"tcp, udp",Service Registry Default HTTPS Domain,IANA,IT
6444,"sge_qmaster, sge-qmaster","tcp, udp","Grid Engine Qmaster Service, Grid Engine Qmaster Service
IANA assigned this well-formed service name as a replacement for ""sge_qmaster"".",IANA,IT
6445,"sge_execd, sge-execd","tcp, udp","Grid Engine Execution Service
IANA assigned this well-formed service name as a replacement for ""sge_execd""., Grid Engine Execution Service",IANA,IT
6446,mysql-proxy,"tcp, udp",MySQL Proxy,IANA,IT
6455,skip-cert-recv,"tcp, udp",SKIP Certificate Receive,IANA,IT
6456,skip-cert-send,"tcp, udp",SKIP Certificate Send,IANA,IT
6464,ieee11073-20701,"tcp, udp",Port assignment for medical device communication in accordance to IEEE 11073-20701,IANA,IT
6471,lvision-lm,"tcp, udp",LVision License Manager,IANA,IT
6480,sun-sr-http,"tcp, udp",Service Registry Default HTTP Domain,IANA,IT
6481,servicetags,"tcp, udp",Service Tags,IANA,IT
6482,ldoms-mgmt,"tcp, udp",Logical Domains Management Interface,IANA,IT
6483,SunVTS-RMI,"tcp, udp",SunVTS RMI,IANA,IT
6484,sun-sr-jms,"tcp, udp",Service Registry Default JMS Domain,IANA,IT
6485,sun-sr-iiop,"tcp, udp",Service Registry Default IIOP Domain,IANA,IT
6486,sun-sr-iiops,"tcp, udp",Service Registry Default IIOPS Domain,IANA,IT
6487,sun-sr-iiop-aut,"tcp, udp",Service Registry Default IIOPAuth Domain,IANA,IT
6488,sun-sr-jmx,"tcp, udp",Service Registry Default JMX Domain,IANA,IT
6489,sun-sr-admin,"tcp, udp",Service Registry Default Admin Domain,IANA,IT
6500,boks,"tcp, udp",BoKS Master,IANA,IT
6501,"boks_servc, boks-servc","tcp, udp","BoKS Servc, BoKS Servc
IANA assigned this well-formed service name as a replacement for ""boks_servc"".",IANA,IT
6502,"boks_servm, boks-servm","tcp, udp","BoKS Servm, BoKS Servm
IANA assigned this well-formed service name as a replacement for ""boks_servm"".",IANA,IT
6503,"boks_clntd, boks-clntd","tcp, udp","BoKS Clntd, BoKS Clntd
IANA assigned this well-formed service name as a replacement for ""boks_clntd"".",IANA,IT
6505,"badm_priv, badm-priv","tcp, udp","BoKS Admin Private Port, BoKS Admin Private Port
IANA assigned this well-formed service name as a replacement for ""badm_priv"".",IANA,IT
6506,"badm_pub, badm-pub","tcp, udp","BoKS Admin Public Port
IANA assigned this well-formed service name as a replacement for ""badm_pub""., BoKS Admin Public Port",IANA,IT
6507,"bdir_priv, bdir-priv","tcp, udp","Private Port
IANA assigned this well-formed service name as a replacement for ""bdir_priv""., Private Port, BoKS Dir Server",IANA,IT
6508,"bdir-pub, bdir_pub","tcp, udp","Public Port, Public Port
IANA assigned this well-formed service name as a replacement for ""bdir_pub""., BoKS Dir Server",IANA,IT
6509,mgcs-mfp-port,"tcp, udp",MGCS-MFP Port,IANA,IT
6510,mcer-port,"tcp, udp",MCER Port,IANA,IT
6511,dccp-udp,"tcp, udp",Datagram Congestion Control Protocol Encapsulation for NAT Traversal,IANA,IT
6513,netconf-tls,"tcp, udp",NETCONF over TLS,IANA,IT
6514,syslog-tls,"tcp, dccp, udp","Syslog over TLS, syslog over DTLS",IANA,IT
6515,elipse-rec,"tcp, udp",Elipse RPC Protocol,IANA,IT
6543,lds-distrib,"tcp, udp",lds_distrib,IANA,IT
6544,lds-dump,"tcp, udp",LDS Dump Service,IANA,IT
6547,apc-6547,"tcp, udp",APC 6547,IANA,IT
6548,apc-6548,"tcp, udp",APC 6548,IANA,IT
6549,apc-6549,"tcp, udp",APC 6549,IANA,IT
6550,fg-sysupdate,"tcp, udp",fg-sysupdate,IANA,IT
6551,sum,"tcp, udp",Software Update Manager,IANA,IT
6556,checkmk-agent,"tcp, udp",Checkmk Monitoring Agent,IANA,IT
6558,xdsxdm,"tcp, udp",,IANA,IT
6566,sane-port,"tcp, udp",SANE Control Port,IANA,IT
6568,"canit_store, rp-reputation, canit-store","tcp, udp","CanIt Storage Manager, Roaring Penguin IP Address Reputation Collection, CanIt Storage Manager
IANA assigned this well-formed service name as a replacement for ""canit_store"".",IANA,IT
6579,affiliate,"tcp, udp",Affiliate,IANA,IT
6580,parsec-master,"tcp, udp",Parsec Masterserver,IANA,IT
6581,parsec-peer,"tcp, udp",Parsec Peer-to-Peer,IANA,IT
6582,parsec-game,"tcp, udp",Parsec Gameserver,IANA,IT
6583,joaJewelSuite,"tcp, udp",JOA Jewel Suite,IANA,IT
6600,mshvlm,"tcp, udp",Microsoft Hyper-V Live Migration,IANA,IT
6601,mstmg-sstp,"tcp, udp",Microsoft Threat Management Gateway SSTP,IANA,IT
6602,wsscomfrmwk,"tcp, udp",Windows WSS Communication Framework,IANA,IT
6619,odette-ftps,"tcp, udp",ODETTE-FTP over TLS/SSL,IANA,IT
6620,kftp-data,"tcp, udp",Kerberos V5 FTP Data,IANA,IT
6621,kftp,"tcp, udp",Kerberos V5 FTP Control,IANA,IT
6622,mcftp,"tcp, udp",Multicast FTP,IANA,IT
6623,ktelnet,"tcp, udp",Kerberos V5 Telnet,IANA,IT
6624,datascaler-db,"tcp, udp",DataScaler database,IANA,IT
6625,datascaler-ctl,"tcp, udp",DataScaler control,IANA,IT
6626,wago-service,"tcp, udp",WAGO Service and Update,IANA,IT
6627,nexgen,"tcp, udp",Allied Electronics NeXGen,IANA,IT
6628,afesc-mc,"tcp, udp",AFE Stock Channel M/C,IANA,IT
6629,nexgen-aux,"tcp, udp","(non ANDI) multi-protocol multi-function interface to
      the Allied ANDI-based family of forecourt controllers, Secondary, (non ANDI) multi-protocol multi-function interface to
    the Allied ANDI-based family of forecourt controllers",IANA,IT
6632,mxodbc-connect,"tcp, udp",eGenix mxODBC Connect,IANA,IT
6633,cisco-vpath-tun,"tcp, udp",Cisco vPath Services Overlay,IANA,IT
6634,mpls-pm,"tcp, udp",MPLS Performance Measurement out-of-band response,IANA,IT
6635,mpls-udp,"tcp, udp",Encapsulate MPLS packets in UDP tunnels.,IANA,IT
6636,mpls-udp-dtls,"tcp, udp",Encapsulate MPLS packets in UDP tunnels with DTLS.,IANA,IT
6640,ovsdb,"tcp, udp",Open vSwitch Database protocol,IANA,IT
6653,openflow,"tcp, udp",OpenFlow,IANA,IT
6655,pcs-sf-ui-man,"tcp, udp",PC SOFT - Software factory UI/manager,IANA,IT
6656,emgmsg,"tcp, udp",Emergency Message Control Service,IANA,IT
6657,palcom-disc,"tcp, udp",PalCom Discovery,IANA,IT
6658,,,Unassigned,IANA,IT
6659,,,Unassigned,IANA,IT
6660,,,Unassigned,IANA,IT
6661,,,Unassigned,IANA,IT
6662,,,Unassigned,IANA,IT
6663,,,Unassigned,IANA,IT
6664,,,Unassigned,IANA,IT
6665,ircu,"tcp, udp",IRCU,IANA,IT
6666,ircu,"tcp, udp",IRCU,IANA,IT
6667,ircu,"tcp, udp",IRCU,IANA,IT
6668,ircu,"tcp, udp",IRCU,IANA,IT
6669,ircu,"tcp, udp",IRCU,IANA,IT
6670,vocaltec-gold,"tcp, udp",Vocaltec Global Online Directory,IANA,IT
6671,p4p-portal,"tcp, udp",P4P Portal Service,IANA,IT
6672,"vision-server, vision_server","tcp, udp","vision_server
IANA assigned this well-formed service name as a replacement for ""vision_server""., vision_server",IANA,IT
6673,"vision-elmd, vision_elmd","tcp, udp","vision_elmd
IANA assigned this well-formed service name as a replacement for ""vision_elmd""., vision_elmd",IANA,IT
6678,"vfbp-disc, vfbp","tcp, udp","Viscount Freedom Bridge Discovery, Viscount Freedom Bridge Protocol",IANA,IT
6679,osaut,"tcp, udp",Osorno Automation,IANA,IT
6687,clever-ctrace,"tcp, udp",CleverView for cTrace Message Service,IANA,IT
6688,clever-tcpip,"tcp, udp",CleverView for TCP/IP Message Service,IANA,IT
6689,tsa,"tcp, udp",Tofino Security Appliance,IANA,IT
6690,cleverdetect,"tcp, udp",CLEVERDetect Message Service,IANA,IT
6696,babel,"tcp, udp",Babel Routing Protocol,IANA,IT
6697,ircs-u,"tcp, udp",Internet Relay Chat via TLS/SSL,IANA,IT
6699,babel-dtls,"tcp, udp",Babel Routing Protocol over DTLS,IANA,IT
6701,"nan, kti-icad-srvr","sctp, tcp, udp","KTI/ICAD Nameserver, Unassigned",IANA,IT
6702,e-design-net,"sctp, tcp, udp",e-Design network,IANA,IT
6703,e-design-web,"tcp, udp",e-Design web,IANA,IT
6704,"frc-hp, nan","tcp, sctp, udp","Reserved, ForCES HP (High Priority) channel",IANA,IT
6705,frc-mp,"tcp, sctp, udp",ForCES MP (Medium Priority) channel,IANA,IT
6706,frc-lp,"tcp, sctp, udp",ForCES LP (Low priority) channel,IANA,IT
6714,ibprotocol,"tcp, udp",Internet Backplane Protocol,IANA,IT
6715,fibotrader-com,"tcp, udp",Fibotrader Communications,IANA,IT
6716,princity-agent,"tcp, udp",Princity Agent,IANA,IT
6767,bmc-perf-agent,"tcp, udp",BMC PERFORM AGENT,IANA,IT
6768,bmc-perf-mgrd,"tcp, udp",BMC PERFORM MGRD,IANA,IT
6769,adi-gxp-srvprt,"tcp, udp",ADInstruments GxP Server,IANA,IT
6770,plysrv-http,"tcp, udp",PolyServe http,IANA,IT
6771,plysrv-https,"tcp, udp",PolyServe https,IANA,IT
6777,ntz-tracker,"tcp, udp",netTsunami Tracker,IANA,IT
6778,ntz-p2p-storage,"tcp, udp",netTsunami p2p storage system,IANA,IT
6784,bfd-lag,"tcp, udp",Bidirectional Forwarding Detection (BFD) on Link Aggregation Group (LAG) Interfaces,IANA,IT
6785,dgpf-exchg,"tcp, udp",DGPF Individual Exchange,IANA,IT
6786,smc-jmx,"tcp, udp",Sun Java Web Console JMX,IANA,IT
6787,smc-admin,"tcp, udp",Sun Web Console Admin,IANA,IT
6788,smc-http,"tcp, udp",SMC-HTTP,IANA,IT
6789,radg,"tcp, udp",GSS-API for the Oracle Remote Administration Daemon,IANA,IT
6790,hnmp,"tcp, udp",HNMP,IANA,IT
6791,hnm,"tcp, udp",Halcyon Network Manager,IANA,IT
6801,acnet,"tcp, udp",ACNET Control System Protocol,IANA,IT
6817,pentbox-sim,"tcp, udp",PenTBox Secure IM Protocol,IANA,IT
6831,ambit-lm,"tcp, udp",ambit-lm,IANA,IT
6841,netmo-default,"tcp, udp",Netmo Default,IANA,IT
6842,netmo-http,"tcp, udp",Netmo HTTP,IANA,IT
6850,iccrushmore,"tcp, udp",ICCRUSHMORE,IANA,IT
6868,"acctopus-cc, acctopus-st","tcp, udp","Acctopus Status, Acctopus Command Channel",IANA,IT
6888,muse,"tcp, udp",MUSE,IANA,IT
6900,rtimeviewer,"tcp, udp",R*TIME Viewer Data Interface,IANA,IT
6901,jetstream,"tcp, udp",Novell Jetstream messaging protocol,IANA,IT
6924,split-ping,"tcp, udp",Ping with RX/TX latency/loss split,IANA,IT
6935,ethoscan,"tcp, udp",EthoScan Service,IANA,IT
6936,xsmsvc,"tcp, udp",XenSource Management Service,IANA,IT
6946,bioserver,"tcp, udp",Biometrics Server,IANA,IT
6951,otlp,"tcp, udp",OTLP,IANA,IT
6961,jmact3,"tcp, udp",JMACT3,IANA,IT
6962,jmevt2,"tcp, udp",jmevt2,IANA,IT
6963,swismgr1,"tcp, udp",swismgr1,IANA,IT
6964,swismgr2,"tcp, udp",swismgr2,IANA,IT
6965,swistrap,"tcp, udp",swistrap,IANA,IT
6966,swispol,"tcp, udp",swispol,IANA,IT
6969,acmsoda,"tcp, udp",acmsoda,IANA,IT
6970,"conductor, conductor-mpx","sctp, tcp, udp","conductor for multiplex, Conductor test coordination protocol",IANA,IT
6980,qolyester,"tcp, udp",QoS-extended OLSR protocol,IANA,IT
6997,MobilitySrv,"tcp, udp",Mobility XE Protocol,IANA,IT
6998,iatp-highpri,"tcp, udp",IATP-highPri,IANA,IT
6999,iatp-normalpri,"tcp, udp",IATP-normalPri,IANA,IT
7000,afs3-fileserver,"tcp, udp",file server itself,IANA,IT
7001,afs3-callback,"tcp, udp",callbacks to cache managers,IANA,IT
7002,afs3-prserver,"tcp, udp",users & groups database,IANA,IT
7003,afs3-vlserver,"tcp, udp",volume location database,IANA,IT
7004,afs3-kaserver,"tcp, udp",AFS/Kerberos authentication service,IANA,IT
7005,afs3-volser,"tcp, udp",volume managment server,IANA,IT
7006,afs3-errors,"tcp, udp",error interpretation service,IANA,IT
7007,afs3-bos,"tcp, udp",basic overseer process,IANA,IT
7008,afs3-update,"tcp, udp",server-to-server updater,IANA,IT
7009,afs3-rmtsys,"tcp, udp",remote cache manager service,IANA,IT
7010,ups-onlinet,"tcp, udp",onlinet uninterruptable power supplies,IANA,IT
7011,talon-disc,"tcp, udp",Talon Discovery Port,IANA,IT
7012,talon-engine,"tcp, udp",Talon Engine,IANA,IT
7013,microtalon-dis,"tcp, udp",Microtalon Discovery,IANA,IT
7014,microtalon-com,"tcp, udp",Microtalon Communications,IANA,IT
7015,talon-webserver,"tcp, udp",Talon Webserver,IANA,IT
7016,spg,"tcp, udp",SPG Controls Carrier,IANA,IT
7017,grasp,"tcp, udp",GeneRic Autonomic Signaling Protocol,IANA,IT
7018,fisa-svc,"tcp, udp",FISA Service,IANA,IT
7019,"doceri-view, doceri-ctl","tcp, udp","doceri drawing service control, doceri drawing service screen view",IANA,IT
7020,dpserve,"tcp, udp",DP Serve,IANA,IT
7021,dpserveadmin,"tcp, udp",DP Serve Admin,IANA,IT
7022,ctdp,"tcp, udp",CT Discovery Protocol,IANA,IT
7023,ct2nmcs,"tcp, udp",Comtech T2 NMCS,IANA,IT
7024,vmsvc,"tcp, udp",Vormetric service,IANA,IT
7025,vmsvc-2,"tcp, udp",Vormetric Service II,IANA,IT
7026,loreji-panel,"tcp, udp",Loreji Webhosting Panel,IANA,IT
7030,op-probe,"tcp, udp",ObjectPlanet probe,IANA,IT
7031,iposplanet,"tcp, udp",IPOSPLANET retailing multi devices protocol,IANA,IT
7040,quest-disc,"tcp, udp",Quest application level network service discovery,IANA,IT
7070,arcp,"tcp, udp",ARCP,IANA,IT
7071,iwg1,"tcp, udp",IWGADTS Aircraft Housekeeping Message,IANA,IT
7072,"iba-cfg-disc, iba-cfg","tcp, udp",iba Device Configuration Protocol,IANA,IT
7073,martalk,"tcp, udp",MarTalk protocol,IANA,IT
7080,empowerid,"tcp, udp",EmpowerID Communication,IANA,IT
7088,zixi-transport,"tcp, udp",Zixi live video transport protocol,IANA,IT
7095,jdp-disc,"tcp, udp",Java Discovery Protocol,IANA,IT
7099,lazy-ptop,"tcp, udp",lazy-ptop,IANA,IT
7100,font-service,"tcp, udp",X Font Service,IANA,IT
7101,elcn,"tcp, udp",Embedded Light Control Network,IANA,IT
7107,aes-x170,"tcp, udp",AES-X170,IANA,IT
7117,rothaga,"tcp, udp",Encrypted chat and file transfer service,IANA,IT
7121,virprot-lm,"tcp, udp",Virtual Prototypes License Manager,IANA,IT
7123,snif,"tcp, udp",End-to-end TLS Relay Control Connection,IANA,IT
7128,scenidm,"tcp, udp",intelligent data manager,IANA,IT
7129,scenccs,"tcp, udp",Catalog Content Search,IANA,IT
7161,cabsm-comm,"tcp, udp",CA BSM Comm,IANA,IT
7162,caistoragemgr,"tcp, udp",CA Storage Manager,IANA,IT
7163,cacsambroker,"tcp, udp",CA Connection Broker,IANA,IT
7164,fsr,"tcp, udp",File System Repository Agent,IANA,IT
7165,doc-server,"tcp, udp",Document WCF Server,IANA,IT
7166,aruba-server,"tcp, udp",Aruba eDiscovery Server,IANA,IT
7167,casrmagent,"tcp, udp",CA SRM Agent,IANA,IT
7168,cnckadserver,"tcp, udp",cncKadServer DB & Inventory Services,IANA,IT
7169,ccag-pib,"tcp, udp",Consequor Consulting Process Integration Bridge,IANA,IT
7170,nsrp,"tcp, udp",Adaptive Name/Service Resolution,IANA,IT
7171,drm-production,"tcp, udp",Discovery and Retention Mgt Production,IANA,IT
7172,metalbend,"tcp, udp",Port used for MetalBend programmable interface,IANA,IT
7173,zsecure,"tcp, udp",zSecure Server,IANA,IT
7174,clutild,"tcp, udp",Clutild,IANA,IT
7181,janus-disc,"tcp, udp",Janus Guidewire Enterprise Discovery Service Bus,IANA,IT
7200,fodms,"tcp, udp",FODMS FLIP,IANA,IT
7201,dlip,"tcp, udp",DLIP,IANA,IT
7202,pon-ictp,"tcp, udp","Inter-Channel Termination Protocol (ICTP) for multi-wavelength PON
    (Passive Optical Network) systems",IANA,IT
7215,PS-Server,"tcp, udp",Communication ports for PaperStream Server services,IANA,IT
7216,PS-Capture-Pro,"tcp, udp",PaperStream Capture Professional,IANA,IT
7227,ramp,"tcp, udp",Registry A & M Protocol,IANA,IT
7228,citrixupp,"tcp, udp",Citrix Universal Printing Port,IANA,IT
7229,citrixuppg,"tcp, udp",Citrix UPP Gateway,IANA,IT
7234,asa-gateways,"tcp, udp",Traffic forwarding for Okta cloud infra,IANA,IT
7235,aspcoordination,"tcp, udp",ASP Coordination Protocol,IANA,IT
7236,display,"tcp, udp",Wi-Fi Alliance Wi-Fi Display Protocol,IANA,IT
7237,pads,"tcp, udp",PADS (Public Area Display System) Server,IANA,IT
7244,"frc-hicp-disc, frc-hicp","tcp, udp",FrontRow Calypso Human Interface Control Protocol,IANA,IT
7262,cnap,"tcp, udp",Calypso Network Access Protocol,IANA,IT
7272,watchme-7272,"tcp, udp",WatchMe Monitoring 7272,IANA,IT
7273,oma-rlp,"tcp, udp",OMA Roaming Location,IANA,IT
7274,oma-rlp-s,"tcp, udp",OMA Roaming Location SEC,IANA,IT
7275,oma-ulp,"tcp, udp",OMA UserPlane Location,IANA,IT
7276,oma-ilp,"tcp, udp",OMA Internal Location Protocol,IANA,IT
7277,oma-ilp-s,"tcp, udp",OMA Internal Location Secure Protocol,IANA,IT
7278,oma-dcdocbs,"tcp, udp",OMA Dynamic Content Delivery over CBS,IANA,IT
7279,ctxlic,"tcp, udp",Citrix Licensing,IANA,IT
7280,itactionserver1,"tcp, udp",ITACTIONSERVER 1,IANA,IT
7281,itactionserver2,"tcp, udp",ITACTIONSERVER 2,IANA,IT
7282,"mzca-alert, mzca-action","tcp, udp","eventACTION/ussACTION (MZCA) server, eventACTION/ussACTION (MZCA) alert",IANA,IT
7283,genstat,"tcp, udp",General Statistics Rendezvous Protocol,IANA,IT
7300,swx,,The Swiss Exchange,IANA,IT
7301,swx,,The Swiss Exchange,IANA,IT
7302,swx,,The Swiss Exchange,IANA,IT
7303,swx,,The Swiss Exchange,IANA,IT
7304,swx,,The Swiss Exchange,IANA,IT
7305,swx,,The Swiss Exchange,IANA,IT
7306,swx,,The Swiss Exchange,IANA,IT
7307,swx,,The Swiss Exchange,IANA,IT
7308,swx,,The Swiss Exchange,IANA,IT
7309,swx,,The Swiss Exchange,IANA,IT
7310,swx,,The Swiss Exchange,IANA,IT
7311,swx,,The Swiss Exchange,IANA,IT
7312,swx,,The Swiss Exchange,IANA,IT
7313,swx,,The Swiss Exchange,IANA,IT
7314,swx,,The Swiss Exchange,IANA,IT
7315,swx,,The Swiss Exchange,IANA,IT
7316,swx,,The Swiss Exchange,IANA,IT
7317,swx,,The Swiss Exchange,IANA,IT
7318,swx,,The Swiss Exchange,IANA,IT
7319,swx,,The Swiss Exchange,IANA,IT
7320,swx,,The Swiss Exchange,IANA,IT
7321,swx,,The Swiss Exchange,IANA,IT
7322,swx,,The Swiss Exchange,IANA,IT
7323,swx,,The Swiss Exchange,IANA,IT
7324,swx,,The Swiss Exchange,IANA,IT
7325,swx,,The Swiss Exchange,IANA,IT
7326,swx,,The Swiss Exchange,IANA,IT
7327,swx,,The Swiss Exchange,IANA,IT
7328,swx,,The Swiss Exchange,IANA,IT
7329,swx,,The Swiss Exchange,IANA,IT
7330,swx,,The Swiss Exchange,IANA,IT
7331,swx,,The Swiss Exchange,IANA,IT
7332,swx,,The Swiss Exchange,IANA,IT
7333,swx,,The Swiss Exchange,IANA,IT
7334,swx,,The Swiss Exchange,IANA,IT
7335,swx,,The Swiss Exchange,IANA,IT
7336,swx,,The Swiss Exchange,IANA,IT
7337,swx,,The Swiss Exchange,IANA,IT
7338,swx,,The Swiss Exchange,IANA,IT
7339,swx,,The Swiss Exchange,IANA,IT
7340,swx,,The Swiss Exchange,IANA,IT
7341,swx,,The Swiss Exchange,IANA,IT
7342,swx,,The Swiss Exchange,IANA,IT
7343,swx,,The Swiss Exchange,IANA,IT
7344,swx,,The Swiss Exchange,IANA,IT
7345,swx,,The Swiss Exchange,IANA,IT
7346,swx,,The Swiss Exchange,IANA,IT
7347,swx,,The Swiss Exchange,IANA,IT
7348,swx,,The Swiss Exchange,IANA,IT
7349,swx,,The Swiss Exchange,IANA,IT
7350,swx,,The Swiss Exchange,IANA,IT
7351,swx,,The Swiss Exchange,IANA,IT
7352,swx,,The Swiss Exchange,IANA,IT
7353,swx,,The Swiss Exchange,IANA,IT
7354,swx,,The Swiss Exchange,IANA,IT
7355,swx,,The Swiss Exchange,IANA,IT
7356,swx,,The Swiss Exchange,IANA,IT
7357,swx,,The Swiss Exchange,IANA,IT
7358,swx,,The Swiss Exchange,IANA,IT
7359,swx,,The Swiss Exchange,IANA,IT
7360,,,Unassigned,IANA,IT
7361,,,Unassigned,IANA,IT
7362,,,Unassigned,IANA,IT
7363,,,Unassigned,IANA,IT
7364,,,Unassigned,IANA,IT
7365,lcm-server,"tcp, udp",LifeKeeper Communications,IANA,IT
7391,mindfilesys,"tcp, udp",mind-file system server,IANA,IT
7392,mrssrendezvous,"tcp, udp",mrss-rendezvous server,IANA,IT
7393,nfoldman,"tcp, udp",nFoldMan Remote Publish,IANA,IT
7394,fse,"tcp, udp",File system export of backup images,IANA,IT
7395,winqedit,"tcp, udp",winqedit,IANA,IT
7397,hexarc,"tcp, udp",Hexarc Command Language,IANA,IT
7400,rtps-discovery,"tcp, udp",RTPS Discovery,IANA,IT
7401,rtps-dd-ut,"tcp, udp",RTPS Data-Distribution User-Traffic,IANA,IT
7402,rtps-dd-mt,"tcp, udp",RTPS Data-Distribution Meta-Traffic,IANA,IT
7410,ionixnetmon,"tcp, udp",Ionix Network Monitor,IANA,IT
7411,daqstream,"tcp, udp",Streaming of measurement data,IANA,IT
7420,ipluminary,"tcp, udp",Multichannel real-time lighting control,IANA,IT
7421,mtportmon,"tcp, udp",Matisse Port Monitor,IANA,IT
7426,pmdmgr,"tcp, udp",OpenView DM Postmaster Manager,IANA,IT
7427,oveadmgr,"tcp, udp",OpenView DM Event Agent Manager,IANA,IT
7428,ovladmgr,"tcp, udp",OpenView DM Log Agent Manager,IANA,IT
7429,opi-sock,"tcp, udp",OpenView DM rqt communication,IANA,IT
7430,xmpv7,"tcp, udp",OpenView DM xmpv7 api pipe,IANA,IT
7431,pmd,"tcp, udp",OpenView DM ovc/xmpv3 api pipe,IANA,IT
7437,faximum,"tcp, udp",Faximum,IANA,IT
7443,oracleas-https,"tcp, udp",Oracle Application Server HTTPS,IANA,IT
7471,sttunnel,"tcp, udp",Stateless Transport Tunneling Protocol,IANA,IT
7473,rise,"tcp, udp",Rise: The Vieneo Province,IANA,IT
7474,neo4j,"tcp, udp",Neo4j Graph Database,IANA,IT
7478,openit,"tcp, udp",IT Asset Management,IANA,IT
7491,telops-lmd,"tcp, udp",telops-lmd,IANA,IT
7492,,,Unassigned,IANA,IT
7493,,,Unassigned,IANA,IT
7494,,,Unassigned,IANA,IT
7495,,,Unassigned,IANA,IT
7496,,,Unassigned,IANA,IT
7497,,,Unassigned,IANA,IT
7498,,,Unassigned,IANA,IT
7499,,,Unassigned,IANA,IT
7500,silhouette,"tcp, udp",Silhouette User,IANA,IT
7501,ovbus,"tcp, udp",HP OpenView Bus Daemon,IANA,IT
7508,adcp,"tcp, udp",Automation Device Configuration Protocol,IANA,IT
7509,acplt,"tcp, udp",ACPLT - process automation service,IANA,IT
7510,ovhpas,"tcp, udp",HP OpenView Application Server,IANA,IT
7511,pafec-lm,"tcp, udp",pafec-lm,IANA,IT
7542,saratoga,"tcp, udp",Saratoga Transfer Protocol,IANA,IT
7543,atul,"tcp, udp",atul server,IANA,IT
7544,nta-ds,"tcp, udp",FlowAnalyzer DisplayServer,IANA,IT
7545,nta-us,"tcp, udp",FlowAnalyzer UtilityServer,IANA,IT
7546,cfs,"tcp, udp",Cisco Fabric service,IANA,IT
7547,cwmp,"tcp, udp",Broadband Forum CWMP,IANA,IT
7548,tidp,"tcp, udp",Threat Information Distribution Protocol,IANA,IT
7549,nls-tl,"tcp, udp",Network Layer Signaling Transport Layer,IANA,IT
7550,cloudsignaling,"tcp, udp",Cloud Signaling Service,IANA,IT
7551,controlone-con,"tcp, udp",ControlONE Console signaling,IANA,IT
7560,sncp,"tcp, udp",Sniffer Command Protocol,IANA,IT
7563,cfw,"tcp, udp",Control Framework,IANA,IT
7566,vsi-omega,"tcp, udp",VSI Omega,IANA,IT
7569,dell-eql-asm,"tcp, udp",Dell EqualLogic Host Group Management,IANA,IT
7570,aries-kfinder,"tcp, udp",Aries Kfinder,IANA,IT
7574,"coherence, coherence-disc","tcp, udp","Oracle Coherence Cluster discovery service, Oracle Coherence Cluster Service",IANA,IT
7575,wtmi-panel,"tcp, udp",Main access port for WTMI Panel,IANA,IT
7588,sun-lm,"tcp, udp",Sun License Manager,IANA,IT
7606,mipi-debug,"tcp, udp",MIPI Alliance Debug,IANA,IT
7624,indi,"tcp, udp",Instrument Neutral Distributed Interface,IANA,IT
7626,simco,"sctp, tcp, udp","SImple Middlebox COnfiguration (SIMCO) Server, SImple Middlebox COnfiguration (SIMCO)",IANA,IT
7627,soap-http,"tcp, udp",SOAP Service Port,IANA,IT
7628,zen-pawn,"tcp, udp",Primary Agent Work Notification,IANA,IT
7629,xdas,"tcp, udp",OpenXDAS Wire Protocol,IANA,IT
7630,hawk,"tcp, udp",HA Web Konsole,IANA,IT
7631,tesla-sys-msg,"tcp, udp",TESLA System Messaging,IANA,IT
7633,pmdfmgt,"tcp, udp",PMDF Management,IANA,IT
7648,cuseeme,"tcp, udp",bonjour-cuseeme,IANA,IT
7663,rome,"tcp, udp",Proprietary immutable distributed data storage,IANA,IT
7668,authoritygate,"tcp, udp",AuthorityGate Secure API communication for Orchestrated task sequencing,IANA,IT
7672,imqstomp,"tcp, udp",iMQ STOMP Server,IANA,IT
7673,imqstomps,"tcp, udp",iMQ STOMP Server over SSL,IANA,IT
7674,imqtunnels,"tcp, udp",iMQ SSL tunnel,IANA,IT
7675,imqtunnel,"tcp, udp",iMQ Tunnel,IANA,IT
7676,imqbrokerd,"tcp, udp",iMQ Broker Rendezvous,IANA,IT
7677,sun-user-https,"tcp, udp",Sun App Server - HTTPS,IANA,IT
7680,ms-do,"tcp, udp",Microsoft Delivery Optimization Peer-to-Peer,IANA,IT
7683,dmt,"tcp, udp",Cleondris DMT,IANA,IT
7687,bolt,"tcp, udp",Bolt database connection,IANA,IT
7689,collaber,"tcp, udp",Collaber Network Service,IANA,IT
7690,sovd,"tcp, udp",Service-Oriented Vehicle Diagnostics,IANA,IT
7697,klio,"tcp, udp",KLIO communications,IANA,IT
7700,em7-secom,"tcp, udp",EM7 Secure Communications,IANA,IT
7701,nfapi,"sctp, tcp, udp",SCF nFAPI defining MAC/PHY split,IANA,IT
7707,sync-em7,"tcp, udp",EM7 Dynamic Updates,IANA,IT
7708,scinet,"tcp, udp",scientia.net,IANA,IT
7720,medimageportal,"tcp, udp",MedImage Portal,IANA,IT
7724,nsdeepfreezectl,"tcp, udp",Novell Snap-in Deep Freeze Control,IANA,IT
7725,nitrogen,"tcp, udp",Nitrogen Service,IANA,IT
7726,freezexservice,"tcp, udp",FreezeX Console Service,IANA,IT
7727,trident-data,"tcp, udp",Trident Systems Data,IANA,IT
7728,osvr,"sctp, tcp, udp",Open-Source Virtual Reality,IANA,IT
7734,smip,"tcp, udp",Smith Protocol over IP,IANA,IT
7738,aiagent,"tcp, udp",HP Enterprise Discovery Agent,IANA,IT
7741,scriptview,"tcp, udp",ScriptView Network,IANA,IT
7742,msss,"tcp, udp",Mugginsoft Script Server Service,IANA,IT
7743,sstp-1,"tcp, udp",Sakura Script Transfer Protocol,IANA,IT
7744,raqmon-pdu,"tcp, udp",RAQMON PDU,IANA,IT
7747,prgp,"tcp, udp",Put/Run/Get Protocol,IANA,IT
7775,inetfs,"tcp, udp",A File System using TLS over a wide area network,IANA,IT
7777,cbt,"tcp, udp",cbt,IANA,IT
7778,interwise,"tcp, udp",Interwise,IANA,IT
7779,vstat,"tcp, udp",VSTAT,IANA,IT
7781,accu-lmgr,"tcp, udp",accu-lmgr,IANA,IT
7784,s-bfd,"tcp, udp",Seamless Bidirectional Forwarding Detection (S-BFD),IANA,IT
7786,minivend,"tcp, udp",MINIVEND,IANA,IT
7787,popup-reminders,"tcp, udp",Popup Reminders Receive,IANA,IT
7789,office-tools,"tcp, udp",Office Tools Pro Receive,IANA,IT
7794,q3ade,"tcp, udp",Q3ADE Cluster Service,IANA,IT
7797,pnet-conn,"tcp, udp",Propel Connector port,IANA,IT
7798,pnet-enc,"tcp, udp",Propel Encoder port,IANA,IT
7799,altbsdp,"tcp, udp",Alternate BSDP Service,IANA,IT
7800,asr,"tcp, udp",Apple Software Restore,IANA,IT
7801,ssp-client,"tcp, udp",Secure Server Protocol - client,IANA,IT
7802,vns-tp,"tcp, udp",Virtualized Network Services Tunnel Protocol,IANA,IT
7810,rbt-wanopt,"tcp, udp",Riverbed WAN Optimization Protocol,IANA,IT
7845,apc-7845,"tcp, udp",APC 7845,IANA,IT
7846,apc-7846,"tcp, udp",APC 7846,IANA,IT
7847,csoauth,"tcp, udp",A product key authentication protocol made by CSO,IANA,IT
7869,mobileanalyzer,"tcp, udp",MobileAnalyzer& MobileMonitor,IANA,IT
7870,rbt-smc,"tcp, udp",Riverbed Steelhead Mobile Service,IANA,IT
7871,mdm,"tcp, udp",Mobile Device Management,IANA,IT
7872,mipv6tls,"tcp, udp",TLS-based Mobile IPv6 Security,IANA,IT
7878,owms,"tcp, udp",Opswise Message Service,IANA,IT
7880,pss,"tcp, udp",Pearson,IANA,IT
7887,ubroker,"tcp, udp",Universal Broker,IANA,IT
7900,mevent,"tcp, udp",Multicast Event,IANA,IT
7901,tnos-sp,"tcp, udp",TNOS Service Protocol,IANA,IT
7902,tnos-dp,"tcp, udp",TNOS shell Protocol,IANA,IT
7903,tnos-dps,"tcp, udp",TNOS Secure DiaguardProtocol,IANA,IT
7913,qo-secure,"tcp, udp",QuickObjects secure port,IANA,IT
7932,t2-drm,"tcp, udp",Tier 2 Data Resource Manager,IANA,IT
7933,t2-brm,"tcp, udp",Tier 2 Business Rules Manager,IANA,IT
7962,generalsync,"tcp, udp","extendable, Encrypted, general-purpose synchronization protocol",IANA,IT
7967,supercell,"tcp, udp",Supercell,IANA,IT
7979,micromuse-ncps,"tcp, udp",Micromuse-ncps,IANA,IT
7980,quest-vista,"tcp, udp",Quest Vista,IANA,IT
7981,sossd-collect,"tcp, udp",Spotlight on SQL Server Desktop Collect,IANA,IT
7982,"sossd-disc, sossd-agent","tcp, udp","Spotlight on SQL Server Desktop Agent, Spotlight on SQL Server Desktop Agent Discovery",IANA,IT
7997,pushns,"tcp, udp",PUSH Notification Service,IANA,IT
7998,usicontentpush,"tcp, udp",USI Content Push Service,IANA,IT
7999,irdmi2,"tcp, udp",iRDMI2,IANA,IT
8000,irdmi,"tcp, udp",iRDMI,IANA,IT
8001,vcom-tunnel,"tcp, udp",VCOM Tunnel,IANA,IT
8002,teradataordbms,"tcp, udp",Teradata ORDBMS,IANA,IT
8003,mcreport,"tcp, udp",Mulberry Connect Reporting Service,IANA,IT
8004,p2pevolvenet,"tcp, udp",Opensource Evolv Enterprise Platform P2P Network Node Connection Protocol,IANA,IT
8005,mxi,"tcp, udp",MXI Generation II for z/OS,IANA,IT
8006,"wpl-disc, wpl-analytics","tcp, udp","World Programming analytics, World Programming analytics discovery",IANA,IT
8007,warppipe,"tcp, udp",I/O oriented cluster computing software,IANA,IT
8008,http-alt,"tcp, udp",HTTP Alternate,IANA,IT
8009,nvme-disc,"tcp, udp",NVMe over Fabrics Discovery Service,IANA,IT
8015,cfg-cloud,"tcp, udp",Configuration Cloud Service,IANA,IT
8016,ads-s,"tcp, udp",Beckhoff Automation Device Specification,IANA,IT
8017,cisco-cloudsec,"tcp, udp",Cisco Cloudsec Dataplane Port Number,IANA,IT
8019,qbdb,"tcp, udp",QB DB Dynamic Port,IANA,IT
8020,intu-ec-svcdisc,"tcp, udp",Intuit Entitlement Service and Discovery,IANA,IT
8021,intu-ec-client,"tcp, udp",Intuit Entitlement Client,IANA,IT
8022,oa-system,"tcp, udp",oa-system,IANA,IT
8023,arca-api,"tcp, udp",ARCATrust vault API,IANA,IT
8025,ca-audit-da,"tcp, udp",CA Audit Distribution Agent,IANA,IT
8026,ca-audit-ds,"tcp, udp",CA Audit Distribution Server,IANA,IT
8027,papachi-p2p-srv,"tcp, udp",peer tracker and data relay service,IANA,IT
8032,pro-ed,"tcp, udp",ProEd,IANA,IT
8033,mindprint,"tcp, udp",MindPrint,IANA,IT
8034,vantronix-mgmt,"tcp, udp",.vantronix Management,IANA,IT
8040,ampify,"tcp, udp",Ampify Messaging Protocol,IANA,IT
8041,enguity-xccetp,"tcp, udp",Xcorpeon ASIC Carrier Ethernet Transport,IANA,IT
8042,fs-agent,"tcp, udp",FireScope Agent,IANA,IT
8043,fs-server,"tcp, udp",FireScope Server,IANA,IT
8044,fs-mgmt,"tcp, udp",FireScope Management Interface,IANA,IT
8051,rocrail,"tcp, udp",Rocrail Client Service,IANA,IT
8052,senomix01,"tcp, udp",Senomix Timesheets Server,IANA,IT
8053,senomix02,"tcp, udp",Senomix Timesheets Client [1 year assignment],IANA,IT
8054,senomix03,"tcp, udp",Senomix Timesheets Server [1 year assignment],IANA,IT
8055,senomix04,"tcp, udp",Senomix Timesheets Server [1 year assignment],IANA,IT
8056,senomix05,"tcp, udp",Senomix Timesheets Server [1 year assignment],IANA,IT
8057,senomix06,"tcp, udp",Senomix Timesheets Client [1 year assignment],IANA,IT
8058,senomix07,"tcp, udp",Senomix Timesheets Client [1 year assignment],IANA,IT
8059,senomix08,"tcp, udp",Senomix Timesheets Client [1 year assignment],IANA,IT
8060,aero,"tcp, udp",Asymmetric Extended Route Optimization (AERO),IANA,IT
8061,nikatron-dev,"tcp, udp",Nikatron Device Protocol,IANA,IT
8066,toad-bi-appsrvr,"tcp, udp",Toad BI Application Server,IANA,IT
8067,infi-async,"tcp, udp",Infinidat async replication,IANA,IT
8070,ucs-isc,"tcp, udp",Oracle Unified Communication Suite's Indexed Search Converter,IANA,IT
8074,gadugadu,"tcp, udp",Gadu-Gadu,IANA,IT
8080,http-alt,"tcp, udp",HTTP Alternate (see port 80),IANA,IT
8081,sunproxyadmin,"tcp, udp",Sun Proxy Admin Service,IANA,IT
8082,us-cli,"tcp, udp",Utilistor (Client),IANA,IT
8083,us-srv,"tcp, udp",Utilistor (Server),IANA,IT
8084,websnp,"tcp, udp",Snarl Network Protocol over HTTP,IANA,IT
8086,d-s-n,"tcp, udp",Distributed SCADA Networking Rendezvous Port,IANA,IT
8087,simplifymedia,"tcp, udp",Simplify Media SPP Protocol,IANA,IT
8088,radan-http,"tcp, udp",Radan HTTP,IANA,IT
8090,opsmessaging,"tcp, udp",Vehicle to station messaging,IANA,IT
8091,jamlink,"tcp, udp",Jam Link Framework,IANA,IT
8097,sac,"tcp, udp",SAC Port Id,IANA,IT
8100,xprint-server,"tcp, udp",Xprint Server,IANA,IT
8101,ldoms-migr,"tcp, udp",Logical Domains Migration,IANA,IT
8102,kz-migr,"tcp, udp",Oracle Kernel zones migration server,IANA,IT
8111,skynetflow,"tcp, udp",Skynetflow network services,IANA,IT
8115,mtl8000-matrix,"tcp, udp",MTL8000 Matrix,IANA,IT
8116,cp-cluster,"tcp, udp",Check Point Clustering,IANA,IT
8117,purityrpc,"tcp, udp",Purity replication clustering and remote management,IANA,IT
8118,privoxy,"tcp, udp",Privoxy HTTP proxy,IANA,IT
8121,apollo-data,"tcp, udp",Apollo Data Port,IANA,IT
8122,apollo-admin,"tcp, udp",Apollo Admin Port,IANA,IT
8128,paycash-online,"tcp, udp",PayCash Online Protocol,IANA,IT
8129,paycash-wbp,"tcp, udp",PayCash Wallet-Browser,IANA,IT
8130,indigo-vrmi,"tcp, udp",INDIGO-VRMI,IANA,IT
8131,indigo-vbcp,"tcp, udp",INDIGO-VBCP,IANA,IT
8132,dbabble,"tcp, udp",dbabble,IANA,IT
8140,puppet,"tcp, udp",The Puppet master service,IANA,IT
8148,isdd,"tcp, udp",i-SDD file transfer,IANA,IT
8149,eor-game,"tcp, udp",Edge of Reality game data,IANA,IT
8153,quantastor,"tcp, udp",QuantaStor Management Interface,IANA,IT
8160,patrol,"tcp, udp",Patrol,IANA,IT
8161,patrol-snmp,"tcp, udp",Patrol SNMP,IANA,IT
8162,lpar2rrd,"tcp, udp",LPAR2RRD client server communication,IANA,IT
8181,intermapper,"tcp, udp",Intermapper network management system,IANA,IT
8182,vmware-fdm,"tcp, udp",VMware Fault Domain Manager,IANA,IT
8183,proremote,"tcp, udp",ProRemote,IANA,IT
8184,itach,"tcp, udp",Remote iTach Connection,IANA,IT
8190,gcp-rphy,"tcp, udp",Generic control plane for RPHY,IANA,IT
8191,limnerpressure,"tcp, udp",Limner Pressure,IANA,IT
8192,spytechphone,"tcp, udp",SpyTech Phone Service,IANA,IT
8194,blp1,"tcp, udp",Bloomberg data API,IANA,IT
8195,blp2,"tcp, udp",Bloomberg feed,IANA,IT
8199,vvr-data,"tcp, udp",VVR DATA,IANA,IT
8200,trivnet1,"tcp, udp",TRIVNET,IANA,IT
8201,trivnet2,"tcp, udp",TRIVNET,IANA,IT
8202,aesop,"tcp, udp",Audio+Ethernet Standard Open Protocol,IANA,IT
8204,lm-perfworks,"tcp, udp",LM Perfworks,IANA,IT
8205,lm-instmgr,"tcp, udp",LM Instmgr,IANA,IT
8206,lm-dta,"tcp, udp",LM Dta,IANA,IT
8207,lm-sserver,"tcp, udp",LM SServer,IANA,IT
8208,lm-webwatcher,"tcp, udp",LM Webwatcher,IANA,IT
8211,aruba-papi,"tcp, udp",Aruba Networks AP management,IANA,IT
8230,rexecj,"tcp, udp",RexecJ Server,IANA,IT
8231,hncp-udp-port,"tcp, udp",HNCP,IANA,IT
8232,hncp-dtls-port,"tcp, udp",HNCP over DTLS,IANA,IT
8243,synapse-nhttps,"tcp, udp",Synapse Non Blocking HTTPS,IANA,IT
8266,espeasy-p2p,"tcp, udp",ESPeasy peer-2-peer communication,IANA,IT
8270,robot-remote,"tcp, udp",Robot Framework Remote Library Interface,IANA,IT
8276,ms-mcc,"tcp, udp",Microsoft Connected Cache,IANA,IT
8280,synapse-nhttp,"tcp, udp",Synapse Non Blocking HTTP,IANA,IT
8282,"libelle-disc, libelle, nan","sctp, tcp, dccp, udp","Reserved, Libelle EnterpriseBus, Libelle EnterpriseBus discovery",IANA,IT
8292,blp3,"tcp, udp",Bloomberg professional,IANA,IT
8293,hiperscan-id,"tcp, udp",Hiperscan Identification Service,IANA,IT
8294,blp4,"tcp, udp",Bloomberg intelligent client,IANA,IT
8300,tmi,"tcp, udp",Transport Management Interface,IANA,IT
8301,amberon,"tcp, udp",Amberon PPC/PPS,IANA,IT
8313,hub-open-net,"tcp, udp",Hub Open Network,IANA,IT
8320,tnp-discover,"tcp, udp",Thin(ium) Network Protocol,IANA,IT
8321,tnp,"tcp, udp",Thin(ium) Network Protocol,IANA,IT
8322,garmin-marine,"tcp, udp",Garmin Marine,IANA,IT
8351,server-find,"tcp, udp",Server Find,IANA,IT
8376,cruise-enum,"tcp, udp",Cruise ENUM,IANA,IT
8377,cruise-swroute,"tcp, udp",Cruise SWROUTE,IANA,IT
8378,cruise-config,"tcp, udp",Cruise CONFIG,IANA,IT
8379,cruise-diags,"tcp, udp",Cruise DIAGS,IANA,IT
8380,cruise-update,"tcp, udp",Cruise UPDATE,IANA,IT
8383,m2mservices,"tcp, udp",M2m Services,IANA,IT
8384,marathontp,"tcp, udp",Marathon Transport Protocol,IANA,IT
8400,cvd,"tcp, udp",cvd,IANA,IT
8401,sabarsd,"tcp, udp",sabarsd,IANA,IT
8402,abarsd,"tcp, udp",abarsd,IANA,IT
8404,svcloud,"tcp, udp",SuperVault Cloud,IANA,IT
8405,svbackup,"tcp, udp",SuperVault Backup,IANA,IT
8415,dlpx-sp,"tcp, udp",Delphix Session Protocol,IANA,IT
8416,espeech,"tcp, udp",eSpeech Session Protocol,IANA,IT
8417,espeech-rtp,"tcp, udp",eSpeech RTP Protocol,IANA,IT
8423,aritts,"tcp, udp",Aristech text-to-speech server,IANA,IT
8432,pgbackrest,"tcp, udp",PostgreSQL Backup,IANA,IT
8433,aws-as2,"tcp, udp",Non Persistent Desktop and Application Streaming,IANA,IT
8442,cybro-a-bus,"tcp, udp",CyBro A-bus Protocol,IANA,IT
8443,pcsync-https,"tcp, udp",PCsync HTTPS,IANA,IT
8444,pcsync-http,"tcp, udp",PCsync HTTP,IANA,IT
8445,"copy, copy-disc","tcp, udp","Port for copy peer sync feature, Port for copy discovery",IANA,IT
8448,matrix-fed,"tcp, udp",Matrix Federation Protocol,IANA,IT
8450,npmp,"tcp, udp",npmp,IANA,IT
8457,nexentamv,"tcp, udp",Nexenta Management GUI,IANA,IT
8470,cisco-avp,"tcp, udp",Cisco Address Validation Protocol,IANA,IT
8471,"pim-port, nan","sctp, tcp, udp","PIM over Reliable Transport, Reserved",IANA,IT
8472,otv,"tcp, udp",Overlay Transport Virtualization (OTV),IANA,IT
8473,vp2p,"tcp, udp",Virtual Point to Point,IANA,IT
8474,noteshare,"tcp, udp",AquaMinds NoteShare,IANA,IT
8500,fmtp,"tcp, udp",Flight Message Transfer Protocol,IANA,IT
8501,"cmtp-mgt, cmtp-av","tcp, udp","CYTEL Message Transfer Management, CYTEL Message Transfer Audio and Video",IANA,IT
8502,ftnmtp,"tcp, udp",FTN Message Transfer Protocol,IANA,IT
8503,lsp-self-ping,"tcp, udp",MPLS LSP Self-Ping,IANA,IT
8554,rtsp-alt,"tcp, udp",RTSP Alternate (see port 554),IANA,IT
8555,d-fence,"tcp, udp",SYMAX D-FENCE,IANA,IT
8567,dof-tunnel,"tcp, udp",DOF Tunneling Protocol,IANA,IT
8600,asterix,"tcp, udp",Surveillance Data,IANA,IT
8609,canon-cpp-disc,"tcp, udp",Canon Compact Printer Protocol Discovery,IANA,IT
8610,canon-mfnp,"tcp, udp",Canon MFNP Service,IANA,IT
8611,canon-bjnp1,"tcp, udp",Canon BJNP Port 1,IANA,IT
8612,canon-bjnp2,"tcp, udp",Canon BJNP Port 2,IANA,IT
8613,canon-bjnp3,"tcp, udp",Canon BJNP Port 3,IANA,IT
8614,canon-bjnp4,"tcp, udp",Canon BJNP Port 4,IANA,IT
8615,imink,"tcp, udp",Imink Service Control,IANA,IT
8616,,,Unassigned,IANA,IT
8617,,,Unassigned,IANA,IT
8618,,,Unassigned,IANA,IT
8619,,,Unassigned,IANA,IT
8620,,,Unassigned,IANA,IT
8621,,,Unassigned,IANA,IT
8622,,,Unassigned,IANA,IT
8623,,,Unassigned,IANA,IT
8624,,,Unassigned,IANA,IT
8625,,,Unassigned,IANA,IT
8626,,,Unassigned,IANA,IT
8627,,,Unassigned,IANA,IT
8628,,,Unassigned,IANA,IT
8629,,,Unassigned,IANA,IT
8630,,,Unassigned,IANA,IT
8631,,,Unassigned,IANA,IT
8632,,,Unassigned,IANA,IT
8633,,,Unassigned,IANA,IT
8634,,,Unassigned,IANA,IT
8635,,,Unassigned,IANA,IT
8636,,,Unassigned,IANA,IT
8637,,,Unassigned,IANA,IT
8638,,,Unassigned,IANA,IT
8639,,,Unassigned,IANA,IT
8640,,,Unassigned,IANA,IT
8641,,,Unassigned,IANA,IT
8642,,,Unassigned,IANA,IT
8643,,,Unassigned,IANA,IT
8644,,,Unassigned,IANA,IT
8645,,,Unassigned,IANA,IT
8646,,,Unassigned,IANA,IT
8647,,,Unassigned,IANA,IT
8648,,,Unassigned,IANA,IT
8649,,,Unassigned,IANA,IT
8650,,,Unassigned,IANA,IT
8651,,,Unassigned,IANA,IT
8652,,,Unassigned,IANA,IT
8653,,,Unassigned,IANA,IT
8654,,,Unassigned,IANA,IT
8655,,,Unassigned,IANA,IT
8656,,,Unassigned,IANA,IT
8657,,,Unassigned,IANA,IT
8658,,,Unassigned,IANA,IT
8659,,,Unassigned,IANA,IT
8660,,,Unassigned,IANA,IT
8661,,,Unassigned,IANA,IT
8662,,,Unassigned,IANA,IT
8663,,,Unassigned,IANA,IT
8664,,,Unassigned,IANA,IT
8665,monetra,"tcp, udp",Monetra,IANA,IT
8666,monetra-admin,"tcp, udp",Monetra Administrative Access,IANA,IT
8668,spartan,"tcp, udp",Spartan management,IANA,IT
8675,"msi-cps-rm-disc, msi-cps-rm","tcp, udp","Motorola Solutions Customer Programming Software for Radio Management, Motorola Solutions Customer Programming Software for Radio Management Discovery",IANA,IT
8686,sun-as-jmxrmi,"tcp, udp",Sun App Server - JMX/RMI,IANA,IT
8688,openremote-ctrl,"tcp, udp",OpenRemote Controller HTTP/REST,IANA,IT
8699,vnyx,"tcp, udp",VNYX Primary Port,IANA,IT
8710,semi-grpc,"tcp, udp",gRPC for SEMI Standards implementations,IANA,IT
8711,nvc,"tcp, udp",Nuance Voice Control,IANA,IT
8732,dtp-net,"tcp, udp",DASGIP Net Services,IANA,IT
8733,ibus,"tcp, udp",iBus,IANA,IT
8750,dey-keyneg,"tcp, udp",DEY Storage Key Negotiation,IANA,IT
8763,mc-appserver,"tcp, udp",MC-APPSERVER,IANA,IT
8764,openqueue,"tcp, udp",OPENQUEUE,IANA,IT
8765,ultraseek-http,"tcp, udp",Ultraseek HTTP,IANA,IT
8766,amcs,"tcp, udp",Agilent Connectivity Service,IANA,IT
8767,core-of-source,"tcp, udp",Online mobile multiplayer game,IANA,IT
8768,sandpolis,"tcp, udp",Sandpolis Server,IANA,IT
8769,oktaauthenticat,"tcp, udp",Okta MultiPlatform Access Mgmt for Cloud Svcs,IANA,IT
8770,dpap,"tcp, udp",Digital Photo Access Protocol (iPhoto),IANA,IT
8778,uec,"tcp, udp",Stonebranch Universal Enterprise Controller,IANA,IT
8786,msgclnt,"tcp, udp",Message Client,IANA,IT
8787,msgsrvr,"tcp, udp",Message Server,IANA,IT
8793,acd-pm,"tcp, udp",Accedian Performance Measurement,IANA,IT
8800,sunwebadmin,"tcp, udp",Sun Web Server Admin Service,IANA,IT
8801,,,Unassigned,IANA,IT
8802,,,Unassigned,IANA,IT
8803,,,Unassigned,IANA,IT
8804,truecm,"tcp, udp",truecm,IANA,IT
8805,pfcp,"tcp, udp",Destination Port number for PFCP,IANA,IT
8807,hes-clip,"tcp, udp",HES-CLIP Interoperability protocol,IANA,IT
8808,ssports-bcast,"tcp, udp",STATSports Broadcast Service,IANA,IT
8809,3gpp-monp,"tcp, udp",MCPTT Off-Network Protocol (MONP),IANA,IT
8873,dxspider,"tcp, udp",dxspider linking protocol,IANA,IT
8880,cddbp-alt,"tcp, udp",CDDBP,IANA,IT
8881,galaxy4d,"tcp, udp",Galaxy4D Online Game Engine,IANA,IT
8883,secure-mqtt,"tcp, udp",Secure MQTT,IANA,IT
8888,"ddi-udp-1, ddi-tcp-1","tcp, udp","NewsEDGE server UDP (UDP 1), NewsEDGE server TCP (TCP 1)",IANA,IT
8889,"ddi-udp-2, ddi-tcp-2","tcp, udp","Desktop Data TCP 1, NewsEDGE server broadcast",IANA,IT
8890,"ddi-tcp-3, ddi-udp-3","tcp, udp","NewsEDGE client broadcast, Desktop Data TCP 2",IANA,IT
8891,"ddi-udp-4, ddi-tcp-4","tcp, udp","Desktop Data TCP 3: NESS application, Desktop Data UDP 3: NESS application",IANA,IT
8892,"ddi-udp-5, ddi-tcp-5","tcp, udp","Desktop Data TCP 4: FARM product, Desktop Data UDP 4: FARM product",IANA,IT
8893,"ddi-tcp-6, ddi-udp-6","tcp, udp","Desktop Data TCP 5: NewsEDGE/Web application, Desktop Data UDP 5: NewsEDGE/Web application",IANA,IT
8894,"ddi-tcp-7, ddi-udp-7","tcp, udp","Desktop Data UDP 6: COAL application, Desktop Data TCP 6: COAL application",IANA,IT
8899,ospf-lite,"tcp, udp",ospf-lite,IANA,IT
8900,jmb-cds1,"tcp, udp",JMB-CDS 1,IANA,IT
8901,jmb-cds2,"tcp, udp",JMB-CDS 2,IANA,IT
8908,dpp,"tcp, udp",WFA Device Provisioning Protocol,IANA,IT
8910,manyone-http,"tcp, udp",manyone-http,IANA,IT
8911,manyone-xml,"tcp, udp",manyone-xml,IANA,IT
8912,wcbackup,"tcp, udp",Windows Client Backup,IANA,IT
8913,dragonfly,"tcp, udp",Dragonfly System Service,IANA,IT
8937,twds,"tcp, udp",Transaction Warehouse Data Service,IANA,IT
8953,ub-dns-control,"tcp, udp",unbound dns nameserver control,IANA,IT
8954,cumulus-admin,"tcp, udp",Cumulus Admin Port,IANA,IT
8980,nod-provider,"tcp, udp",Network of Devices Provider,IANA,IT
8981,nod-client,"tcp, udp",Network of Devices Client,IANA,IT
8989,sunwebadmins,"tcp, udp",Sun Web Server SSL Admin Service,IANA,IT
8990,http-wmap,"tcp, udp",webmail HTTP service,IANA,IT
8991,https-wmap,"tcp, udp",webmail HTTPS service,IANA,IT
8997,oracle-ms-ens,"tcp, udp",Oracle Messaging Server Event Notification Service,IANA,IT
8998,canto-roboflow,"tcp, udp",Canto RoboFlow Control,IANA,IT
8999,bctp,"tcp, udp",Brodos Crypto Trade Protocol,IANA,IT
9000,cslistener,"tcp, udp",CSlistener,IANA,IT
9001,etlservicemgr,"tcp, udp",ETL Service Manager,IANA,IT
9002,dynamid,"tcp, udp",DynamID authentication,IANA,IT
9005,golem,"tcp, udp",Golem Inter-System RPC,IANA,IT
9006,,,De-Commissioned Port,IANA,IT
9007,ogs-client,"tcp, udp",Open Grid Services Client,IANA,IT
9008,ogs-server,"tcp, udp",Open Grid Services Server,IANA,IT
9009,pichat,"tcp, udp",Pichat Server,IANA,IT
9010,sdr,"tcp, udp",Secure Data Replicator Protocol,IANA,IT
9011,d-star,"tcp, udp",D-Star Routing digital voice+data for amateur radio,IANA,IT
9020,tambora,"tcp, udp",TAMBORA,IANA,IT
9021,panagolin-ident,"tcp, udp",Pangolin Identification,IANA,IT
9022,paragent,"tcp, udp",PrivateArk Remote Agent,IANA,IT
9023,swa-1,"tcp, udp",Secure Web Access - 1,IANA,IT
9024,swa-2,"tcp, udp",Secure Web Access - 2,IANA,IT
9025,swa-3,"tcp, udp",Secure Web Access - 3,IANA,IT
9026,swa-4,"tcp, udp",Secure Web Access - 4,IANA,IT
9050,versiera,"tcp, udp",Versiera Agent Listener,IANA,IT
9051,fio-cmgmt,"tcp, udp",Fusion-io Central Manager Service,IANA,IT
9060,"CardWeb-IO, CardWeb-RT","tcp, udp","CardWeb request-response I/O exchange, CardWeb realtime device data",IANA,IT
9080,glrpc,"tcp, udp",Groove GLRPC,IANA,IT
9081,cisco-aqos,"tcp, udp",Required for Adaptive Quality of Service,IANA,IT
9082,lcs-ap,sctp,LCS Application Protocol,IANA,IT
9083,emc-pp-mgmtsvc,"tcp, udp",EMC PowerPath Mgmt Service,IANA,IT
9084,aurora,"sctp, tcp, udp",IBM AURORA Performance Visualizer,IANA,IT
9085,ibm-rsyscon,"tcp, udp",IBM Remote System Console,IANA,IT
9086,net2display,"tcp, udp",Vesa Net2Display,IANA,IT
9087,classic,"tcp, udp",Classic Data Server,IANA,IT
9088,sqlexec,"tcp, udp",IBM Informix SQL Interface,IANA,IT
9089,sqlexec-ssl,"tcp, udp",IBM Informix SQL Interface - Encrypted,IANA,IT
9090,websm,"tcp, udp",WebSM,IANA,IT
9091,xmltec-xmlmail,"tcp, udp",xmltec-xmlmail,IANA,IT
9092,XmlIpcRegSvc,"tcp, udp",Xml-Ipc Server Reg,IANA,IT
9093,copycat,"tcp, udp",Copycat database replication service,IANA,IT
9100,"hp-pdl-datastr, pdl-datastream","tcp, udp","Printer PDL Data Stream, PDL Data Streaming Port",IANA,IT
9101,bacula-dir,"tcp, udp",Bacula Director,IANA,IT
9102,bacula-fd,"tcp, udp",Bacula File Daemon,IANA,IT
9103,bacula-sd,"tcp, udp",Bacula Storage Daemon,IANA,IT
9104,peerwire,"tcp, udp",PeerWire,IANA,IT
9105,xadmin,"tcp, udp",Xadmin Control Service,IANA,IT
9106,"astergate, astergate-disc","tcp, udp","Astergate Discovery Service, Astergate Control Service",IANA,IT
9107,astergatefax,"tcp, udp",AstergateFax Control Service,IANA,IT
9111,hexxorecore,"tcp, udp","Multiple Purpose, Distributed Message Bus",IANA,IT
9119,mxit,"tcp, udp",MXit Instant Messaging,IANA,IT
9122,grcmp,"tcp, udp",Global Relay compliant mobile instant messaging protocol,IANA,IT
9123,grcp,"tcp, udp",Global Relay compliant instant messaging protocol,IANA,IT
9131,dddp,"tcp, udp",Dynamic Device Discovery,IANA,IT
9160,apani1,"tcp, udp",apani1,IANA,IT
9161,apani2,"tcp, udp",apani2,IANA,IT
9162,apani3,"tcp, udp",apani3,IANA,IT
9163,apani4,"tcp, udp",apani4,IANA,IT
9164,apani5,"tcp, udp",apani5,IANA,IT
9191,sun-as-jpda,"tcp, udp",Sun AppSvr JPDA,IANA,IT
9200,wap-wsp,"tcp, udp",WAP connectionless session service,IANA,IT
9201,wap-wsp-wtp,"tcp, udp",WAP session service,IANA,IT
9202,wap-wsp-s,"tcp, udp",WAP secure connectionless session service,IANA,IT
9203,wap-wsp-wtp-s,"tcp, udp",WAP secure session service,IANA,IT
9204,wap-vcard,"tcp, udp",WAP vCard,IANA,IT
9205,wap-vcal,"tcp, udp",WAP vCal,IANA,IT
9206,wap-vcard-s,"tcp, udp",WAP vCard Secure,IANA,IT
9207,wap-vcal-s,"tcp, udp",WAP vCal Secure,IANA,IT
9208,rjcdb-vcards,"tcp, udp",rjcdb vCard,IANA,IT
9209,almobile-system,"tcp, udp",ALMobile System Service,IANA,IT
9210,oma-mlp,"tcp, udp",OMA Mobile Location Protocol,IANA,IT
9211,oma-mlp-s,"tcp, udp",OMA Mobile Location Protocol Secure,IANA,IT
9212,serverviewdbms,"tcp, udp",Server View dbms access,IANA,IT
9213,serverstart,"tcp, udp",ServerStart RemoteControl,IANA,IT
9214,ipdcesgbs,"tcp, udp",IPDC ESG BootstrapService,IANA,IT
9215,insis,"tcp, udp",Integrated Setup and Install Service,IANA,IT
9216,acme,"tcp, udp",Aionex Communication Management Engine,IANA,IT
9217,fsc-port,"tcp, udp",FSC Communication Port,IANA,IT
9222,teamcoherence,"tcp, udp",QSC Team Coherence,IANA,IT
9255,mon,"tcp, udp",Manager On Network,IANA,IT
9277,traingpsdata,"tcp, udp",GPS Data transmitted from train to ground network,IANA,IT
9278,pegasus,"tcp, udp",Pegasus GPS Platform,IANA,IT
9279,pegasus-ctl,"tcp, udp",Pegaus GPS System Control Interface,IANA,IT
9280,pgps,"tcp, udp",Predicted GPS,IANA,IT
9281,swtp-port1,"tcp, udp",SofaWare transport port 1,IANA,IT
9282,swtp-port2,"tcp, udp",SofaWare transport port 2,IANA,IT
9283,callwaveiam,"tcp, udp",CallWaveIAM,IANA,IT
9284,visd,"tcp, udp",VERITAS Information Serve,IANA,IT
9285,n2h2server,"tcp, udp",N2H2 Filter Service Port,IANA,IT
9286,n2receive,"tcp, udp",n2 monitoring receiver,IANA,IT
9287,cumulus,"tcp, udp",Cumulus,IANA,IT
9292,armtechdaemon,"tcp, udp",ArmTech Daemon,IANA,IT
9293,storview,"tcp, udp",StorView Client,IANA,IT
9294,armcenterhttp,"tcp, udp",ARMCenter http Service,IANA,IT
9295,armcenterhttps,"tcp, udp",ARMCenter https Service,IANA,IT
9300,vrace,"tcp, udp",Virtual Racing Service,IANA,IT
9306,sphinxql,"tcp, udp",Sphinx search server (MySQL listener),IANA,IT
9310,sapms,"tcp, udp",SAP Message Server,IANA,IT
9312,sphinxapi,"tcp, udp",Sphinx search server,IANA,IT
9318,secure-ts,"tcp, udp",PKIX TimeStamp over TLS,IANA,IT
9321,guibase,"tcp, udp",guibase,IANA,IT
9339,gnmi-gnoi,"tcp, udp",gRPC Network Mgmt/Operations Interface,IANA,IT
9340,gribi,"tcp, udp",gRPC Routing Information Base Interface,IANA,IT
9343,mpidcmgr,"tcp, udp",MpIdcMgr,IANA,IT
9344,mphlpdmc,"tcp, udp",Mphlpdmc,IANA,IT
9345,rancher,"tcp, udp",Rancher Agent,IANA,IT
9346,ctechlicensing,"tcp, udp",C Tech Licensing,IANA,IT
9374,fjdmimgr,"tcp, udp",fjdmimgr,IANA,IT
9380,boxp,"tcp, udp",Brivs! Open Extensible Protocol,IANA,IT
9387,d2dconfig,"tcp, udp",D2D Configuration Service,IANA,IT
9388,d2ddatatrans,"tcp, udp",D2D Data Transfer Service,IANA,IT
9389,adws,"tcp, udp",Active Directory Web Services,IANA,IT
9390,otp,"tcp, udp",OpenVAS Transfer Protocol,IANA,IT
9396,fjinvmgr,"tcp, udp",fjinvmgr,IANA,IT
9397,mpidcagt,"tcp, udp",MpIdcAgt,IANA,IT
9400,sec-t4net-srv,"tcp, udp",Samsung Twain for Network Server,IANA,IT
9401,sec-t4net-clt,"tcp, udp",Samsung Twain for Network Client,IANA,IT
9402,sec-pc2fax-srv,"tcp, udp",Samsung PC2FAX for Network Server,IANA,IT
9418,git,"tcp, udp",git pack transfer service,IANA,IT
9443,tungsten-https,"tcp, udp",WSO2 Tungsten HTTPS,IANA,IT
9444,wso2esb-console,"tcp, udp",WSO2 ESB Administration Console HTTPS,IANA,IT
9445,mindarray-ca,"tcp, udp",MindArray Systems Console Agent,IANA,IT
9450,sntlkeyssrvr,"tcp, udp",Sentinel Keys Server,IANA,IT
9500,ismserver,"tcp, udp",ismserver,IANA,IT
9522,sma-spw,"tcp, udp",SMA Speedwire,IANA,IT
9535,mngsuite,"tcp, udp",Management Suite Remote Control,IANA,IT
9536,laes-bf,"tcp, udp",Surveillance buffering function,IANA,IT
9555,trispen-sra,"tcp, udp",Trispen Secure Remote Access,IANA,IT
9559,p4runtime,"tcp, udp",P4Runtime gRPC Service,IANA,IT
9592,ldgateway,"tcp, udp",LANDesk Gateway,IANA,IT
9593,cba8,"tcp, udp",LANDesk Management Agent (cba8),IANA,IT
9594,msgsys,"tcp, udp",Message System,IANA,IT
9595,pds,"tcp, udp",Ping Discovery Service,IANA,IT
9596,mercury-disc,"tcp, udp",Mercury Discovery,IANA,IT
9597,pd-admin,"tcp, udp",PD Administration,IANA,IT
9598,vscp,"tcp, udp",Very Simple Ctrl Protocol,IANA,IT
9599,robix,"tcp, udp",Robix,IANA,IT
9600,micromuse-ncpw,"tcp, udp","MICROMUSE-NCPW, OMRON FINS protocol","IANA, https://github.com/ITI/ICS-Security-Tools/tree/master/protocols","IT, ICS"
9612,streamcomm-ds,"tcp, udp",StreamComm User Directory,IANA,IT
9614,iadt-tls,"tcp, udp",iADT Protocol over TLS,IANA,IT
9616,"erunbook_agent, erunbook-agent","tcp, udp","eRunbook Agent
IANA assigned this well-formed service name as a replacement for ""erunbook_agent""., eRunbook Agent",IANA,IT
9617,"erunbook_server, erunbook-server","tcp, udp","eRunbook Server, eRunbook Server
IANA assigned this well-formed service name as a replacement for ""erunbook_server"".",IANA,IT
9618,condor,"tcp, udp",Condor Collector Service,IANA,IT
9628,odbcpathway,"tcp, udp",ODBC Pathway Service,IANA,IT
9629,uniport,"tcp, udp",UniPort SSO Controller,IANA,IT
9630,peoctlr,"tcp, udp",Peovica Controller,IANA,IT
9631,peocoll,"tcp, udp",Peovica Collector,IANA,IT
9632,mc-comm,"tcp, udp",Mobile-C Communications,IANA,IT
9640,pqsflows,"tcp, udp",ProQueSys Flows Service,IANA,IT
9666,zoomcp,"tcp, udp",Zoom Control Panel Game Server Management,IANA,IT
9667,xmms2,"tcp, udp",Cross-platform Music Multiplexing System,IANA,IT
9668,tec5-sdctp,"tcp, udp",tec5 Spectral Device Control Protocol,IANA,IT
9694,client-wakeup,"tcp, udp",T-Mobile Client Wakeup Message,IANA,IT
9695,ccnx,"tcp, udp",Content Centric Networking,IANA,IT
9700,board-roar,"tcp, udp",Board M.I.T. Service,IANA,IT
9747,l5nas-parchan,"tcp, udp",L5NAS Parallel Channel,IANA,IT
9750,board-voip,"tcp, udp",Board M.I.T. Synchronous Collaboration,IANA,IT
9753,rasadv,"tcp, udp",rasadv,IANA,IT
9762,tungsten-http,"tcp, udp",WSO2 Tungsten HTTP,IANA,IT
9800,davsrc,"tcp, udp",WebDav Source Port,IANA,IT
9801,sstp-2,"tcp, udp",Sakura Script Transfer Protocol-2,IANA,IT
9802,davsrcs,"tcp, udp",WebDAV Source TLS/SSL,IANA,IT
9875,sapv1,"tcp, udp",Session Announcement v1,IANA,IT
9876,sd,tcp,Session Director,IANA,IT
9877,x510,"tcp, udp",The X.510 wrapper protocol,IANA,IT
9878,kca-service,"tcp, udp",The KX509 Kerberized Certificate Issuance Protocol in Use in 2012,IANA,IT
9888,cyborg-systems,"tcp, udp",CYBORG Systems,IANA,IT
9889,gt-proxy,"tcp, udp",Port for Cable network related data proxy or repeater,IANA,IT
9898,monkeycom,"tcp, udp",MonkeyCom,IANA,IT
9899,sctp-tunneling,"tcp, udp",SCTP TUNNELING,IANA,IT
9900,iua,"sctp, tcp, udp",IUA,IANA,IT
9901,"enrp, enrp-sctp","sctp, udp",enrp server channel,IANA,IT
9902,enrp-sctp-tls,sctp,enrp/tls server channel,IANA,IT
9903,multicast-ping,"tcp, udp",Multicast Ping Protocol,IANA,IT
9909,domaintime,"tcp, udp",domaintime,IANA,IT
9911,sype-transport,"tcp, udp",SYPECom Transport Protocol,IANA,IT
9925,xybrid-cloud,"tcp, udp",XYBRID Cloud,IANA,IT
9950,apc-9950,"tcp, udp",APC 9950,IANA,IT
9951,apc-9951,"tcp, udp",APC 9951,IANA,IT
9952,apc-9952,"tcp, udp",APC 9952,IANA,IT
9953,acis,"tcp, udp",9953,IANA,IT
9954,hinp,"tcp, udp",HaloteC Instrument Network Protocol,IANA,IT
9955,"alljoyn-mcm, alljoyn-stm","tcp, udp","Contact Port for AllJoyn standard messaging, Contact Port for AllJoyn multiplexed constrained messaging",IANA,IT
9956,alljoyn,"tcp, udp",Alljoyn Name Service,IANA,IT
9966,odnsp,"tcp, udp",OKI Data Network Setting Protocol,IANA,IT
9978,xybrid-rt,"tcp, udp",XYBRID RT Server,IANA,IT
9979,visweather,"tcp, udp",Valley Information Systems Weather station data,IANA,IT
9981,pumpkindb,"tcp, udp",Event sourcing database engine with a built-in programming language,IANA,IT
9987,dsm-scm-target,"tcp, udp",DSM/SCM Target Interface,IANA,IT
9988,nsesrvr,"tcp, udp",Software Essentials Secure HTTP server,IANA,IT
9990,osm-appsrvr,"tcp, udp",OSM Applet Server,IANA,IT
9991,osm-oev,"tcp, udp",OSM Event Server,IANA,IT
9992,palace-1,"tcp, udp",OnLive-1,IANA,IT
9993,palace-2,"tcp, udp",OnLive-2,IANA,IT
9994,palace-3,"tcp, udp",OnLive-3,IANA,IT
9995,palace-4,"tcp, udp",Palace-4,IANA,IT
9996,palace-5,"tcp, udp",Palace-5,IANA,IT
9997,palace-6,"tcp, udp",Palace-6,IANA,IT
9998,distinct32,"tcp, udp",Distinct32,IANA,IT
9999,distinct,"tcp, udp",distinct,IANA,IT
10000,ndmp,"tcp, udp",Network Data Management Protocol,IANA,IT
10001,scp-config,"tcp, udp",SCP Configuration,IANA,IT
10002,documentum,"tcp, udp",EMC-Documentum Content Server Product,IANA,IT
10003,"documentum_s, documentum-s","tcp, udp","EMC-Documentum Content Server Product, EMC-Documentum Content Server Product
IANA assigned this well-formed service name as a replacement for ""documentum_s"".",IANA,IT
10004,emcrmirccd,"tcp, udp",EMC Replication Manager Client,IANA,IT
10005,emcrmird,"tcp, udp",EMC Replication Manager Server,IANA,IT
10006,netapp-sync,"tcp, udp",Sync replication protocol among different NetApp platforms,IANA,IT
10007,mvs-capacity,"tcp, udp",MVS Capacity,IANA,IT
10008,octopus,"tcp, udp",Octopus Multiplexer,IANA,IT
10009,swdtp-sv,"tcp, udp",Systemwalker Desktop Patrol,IANA,IT
10010,rxapi,"tcp, udp",ooRexx rxapi services,IANA,IT
10020,abb-hw,"tcp, udp",Hardware configuration and maintenance,IANA,IT
10023,cefd-vmp,"tcp, udp",Comtech EF-Data's Vipersat Management Protocol,IANA,IT
10050,zabbix-agent,"tcp, udp",Zabbix Agent,IANA,IT
10051,zabbix-trapper,"tcp, udp",Zabbix Trapper,IANA,IT
10055,qptlmd,"tcp, udp",Quantapoint FLEXlm Licensing Service,IANA,IT
10080,amanda,"tcp, udp",Amanda,IANA,IT
10081,famdc,"tcp, udp",FAM Archive Server,IANA,IT
10100,itap-ddtp,"tcp, udp",VERITAS ITAP DDTP,IANA,IT
10101,ezmeeting-2,"tcp, udp",eZmeeting,IANA,IT
10102,ezproxy-2,"tcp, udp",eZproxy,IANA,IT
10103,ezrelay,"tcp, udp",eZrelay,IANA,IT
10104,swdtp,"tcp, udp",Systemwalker Desktop Patrol,IANA,IT
10107,bctp-server,"tcp, udp","server, VERITAS BCTP",IANA,IT
10110,nmea-0183,"tcp, udp",NMEA-0183 Navigational Data,IANA,IT
10111,nmea-onenet,"tcp, udp",NMEA OneNet multicast messaging,IANA,IT
10113,netiq-endpoint,"tcp, udp",NetIQ Endpoint,IANA,IT
10114,netiq-qcheck,"tcp, udp",NetIQ Qcheck,IANA,IT
10115,netiq-endpt,"tcp, udp",NetIQ Endpoint,IANA,IT
10116,netiq-voipa,"tcp, udp",NetIQ VoIP Assessor,IANA,IT
10117,iqrm,"tcp, udp",NetIQ IQCResource Managament Svc,IANA,IT
10125,cimple,"tcp, udp",HotLink CIMple REST API,IANA,IT
10128,bmc-perf-sd,"tcp, udp",BMC-PERFORM-SERVICE DAEMON,IANA,IT
10129,bmc-gms,"tcp, udp",BMC General Manager Server,IANA,IT
10160,qb-db-server,"tcp, udp",QB Database Server,IANA,IT
10161,"snmptls, snmpdtls","tcp, udp","SNMP-DTLS, SNMP-TLS",IANA,IT
10162,"snmptls-trap, snmpdtls-trap","tcp, udp","SNMP-Trap-DTLS, SNMP-Trap-TLS",IANA,IT
10200,trisoap,"tcp, udp",Trigence AE Soap Service,IANA,IT
10201,"rsms, rscs","tcp, udp","Remote Server Control and Test Service, Remote Server Management Service",IANA,IT
10252,apollo-relay,"tcp, udp",Apollo Relay Port,IANA,IT
10253,eapol-relay,"tcp, udp",Relay of EAPOL frames,IANA,IT
10260,axis-wimp-port,"tcp, udp",Axis WIMP Port,IANA,IT
10261,tile-ml,"tcp, udp",Tile remote machine learning,IANA,IT
10288,blocks,"tcp, udp",Blocks,IANA,IT
10307,ABB Ranger 2003,tcp,ABB Ranger 2003,https://github.com/ITI/ICS-Security-Tools/tree/master/protocols,ICS
10311,ABB Ranger 2003,tcp,ABB Ranger 2003,https://github.com/ITI/ICS-Security-Tools/tree/master/protocols,ICS
10364,ABB Ranger 2003,tcp,ABB Ranger 2003,https://github.com/ITI/ICS-Security-Tools/tree/master/protocols,ICS
10365,ABB Ranger 2003,tcp,ABB Ranger 2003,https://github.com/ITI/ICS-Security-Tools/tree/master/protocols,ICS
10407,ABB Ranger 2003,tcp,ABB Ranger 2003,https://github.com/ITI/ICS-Security-Tools/tree/master/protocols,ICS
10409,ABB Ranger 2003,tcp,ABB Ranger 2003,https://github.com/ITI/ICS-Security-Tools/tree/master/protocols,ICS
10410,ABB Ranger 2003,tcp,ABB Ranger 2003,https://github.com/ITI/ICS-Security-Tools/tree/master/protocols,ICS
10412,ABB Ranger 2003,tcp,ABB Ranger 2003,https://github.com/ITI/ICS-Security-Tools/tree/master/protocols,ICS
10414,ABB Ranger 2003,tcp,ABB Ranger 2003,https://github.com/ITI/ICS-Security-Tools/tree/master/protocols,ICS
10415,ABB Ranger 2003,tcp,ABB Ranger 2003,https://github.com/ITI/ICS-Security-Tools/tree/master/protocols,ICS
10428,ABB Ranger 2003,tcp,ABB Ranger 2003,https://github.com/ITI/ICS-Security-Tools/tree/master/protocols,ICS
10431,ABB Ranger 2003,tcp,ABB Ranger 2003,https://github.com/ITI/ICS-Security-Tools/tree/master/protocols,ICS
10432,ABB Ranger 2003,tcp,ABB Ranger 2003,https://github.com/ITI/ICS-Security-Tools/tree/master/protocols,ICS
10439,bngsync,"tcp, udp",BalanceNG session table synchronization protocol,IANA,IT
10443,cirrossp,"tcp, udp",CirrosSP Workstation Communication,IANA,IT
10447,ABB Ranger 2003,tcp,ABB Ranger 2003,https://github.com/ITI/ICS-Security-Tools/tree/master/protocols,ICS
10449,ABB Ranger 2003,tcp,ABB Ranger 2003,https://github.com/ITI/ICS-Security-Tools/tree/master/protocols,ICS
10450,ABB Ranger 2003,tcp,ABB Ranger 2003,https://github.com/ITI/ICS-Security-Tools/tree/master/protocols,ICS
10500,hip-nat-t,"tcp, udp",HIP NAT-Traversal,IANA,IT
10540,MOS-lower,"tcp, udp",MOS Media Object Metadata Port,IANA,IT
10541,MOS-upper,"tcp, udp",MOS Running Order Port,IANA,IT
10542,MOS-aux,"tcp, udp",MOS Low Priority Port,IANA,IT
10543,MOS-soap,"tcp, udp",MOS SOAP Default Port,IANA,IT
10544,MOS-soap-opt,"tcp, udp",MOS SOAP Optional Port,IANA,IT
10548,serverdocs,"tcp, udp",Apple Document Sharing Service,IANA,IT
10631,printopia,"tcp, udp",Printopia Serve,IANA,IT
10800,gap,"tcp, udp",Gestor de Acaparamiento para Pocket PCs,IANA,IT
10805,lpdg,"tcp, udp",LUCIA Pareja Data Group,IANA,IT
10809,nbd,"tcp, udp",Network Block Device,IANA,IT
10810,nmc-disc,"tcp, udp",Nuance Mobile Care Discovery,IANA,IT
10860,helix,"tcp, udp",Helix Client/Server,IANA,IT
10880,bveapi,"tcp, udp",BVEssentials HTTP API,IANA,IT
10933,octopustentacle,"tcp, udp",Listen port used by the Octopus Deploy Tentacle deployment agent,IANA,IT
10990,rmiaux,"tcp, udp",Auxiliary RMI Port,IANA,IT
11000,irisa,"tcp, udp",IRISA,IANA,IT
11001,metasys,"tcp, udp",Johnson Controls Metasys N1,"IANA, https://github.com/ITI/ICS-Security-Tools/tree/master/protocols","IT, ICS"
11095,weave,"tcp, udp",Nest device-to-device and device-to-service application protocol,IANA,IT
11103,origo-sync,"tcp, udp",OrigoDB Server Sync Interface,IANA,IT
11104,netapp-icmgmt,"tcp, udp",NetApp Intercluster Management,IANA,IT
11105,netapp-icdata,"tcp, udp",NetApp Intercluster Data,IANA,IT
11106,sgi-lk,"tcp, udp",SGI LK Licensing service,IANA,IT
11108,myq-termlink,"tcp, udp",Hardware Terminals Discovery and Low-Level Communication Protocol,IANA,IT
11109,sgi-dmfmgr,"tcp, udp",Data migration facility Manager (DMF) is a browser based interface to DMF,IANA,IT
11110,sgi-soap,"tcp, udp",Data migration facility (DMF) SOAP is a web server protocol to support remote access to DMF,IANA,IT
11111,vce,"tcp, udp",Viral Computing Environment (VCE),IANA,IT
11112,dicom,"tcp, udp",DICOM,IANA,IT
11161,suncacao-snmp,"tcp, udp",sun cacao snmp access point,IANA,IT
11162,suncacao-jmxmp,"tcp, udp",sun cacao JMX-remoting access point,IANA,IT
11163,suncacao-rmi,"tcp, udp",sun cacao rmi registry access point,IANA,IT
11164,suncacao-csa,"tcp, udp",sun cacao command-streaming access point,IANA,IT
11165,suncacao-websvc,"tcp, udp",sun cacao web service access point,IANA,IT
11171,snss,"tcp, udp",Surgical Notes Security Service Discovery (SNSS),IANA,IT
11172,oemcacao-jmxmp,"tcp, udp",OEM cacao JMX-remoting access point,IANA,IT
11173,t5-straton,"tcp, udp",Straton Runtime Programing,IANA,IT
11174,oemcacao-rmi,"tcp, udp",OEM cacao rmi registry access point,IANA,IT
11175,oemcacao-websvc,"tcp, udp",OEM cacao web service access point,IANA,IT
11201,smsqp,"tcp, udp",smsqp,IANA,IT
11202,dcsl-backup,"tcp, udp",DCSL Network Backup Services,IANA,IT
11208,wifree,"tcp, udp",WiFree Service,IANA,IT
11211,memcache,"tcp, udp",Memory cache service,IANA,IT
11235,xcompute,"sctp, tcp, udp",numerical systems messaging,IANA,IT
11319,imip,"tcp, udp",IMIP,IANA,IT
11320,imip-channels,"tcp, udp",IMIP Channels Port,IANA,IT
11321,arena-server,"tcp, udp",Arena Server Listen,IANA,IT
11367,atm-uhas,"tcp, udp",ATM UHAS,IANA,IT
11371,hkp,"tcp, udp",OpenPGP HTTP Keyserver,IANA,IT
11430,lsdp,"tcp, udp",Lenbrook Service Discovery Protocol,IANA,IT
11431,,,Unassigned,IANA,IT
11432,,,Unassigned,IANA,IT
11433,,,Unassigned,IANA,IT
11434,,,Unassigned,IANA,IT
11435,,,Unassigned,IANA,IT
11436,,,Unassigned,IANA,IT
11437,,,Unassigned,IANA,IT
11438,,,Unassigned,IANA,IT
11439,,,Unassigned,IANA,IT
11440,,,Unassigned,IANA,IT
11441,,,Unassigned,IANA,IT
11442,,,Unassigned,IANA,IT
11443,,,Unassigned,IANA,IT
11444,,,Unassigned,IANA,IT
11445,,,Unassigned,IANA,IT
11446,,,Unassigned,IANA,IT
11447,,,Unassigned,IANA,IT
11448,,,Unassigned,IANA,IT
11449,,,Unassigned,IANA,IT
11450,,,Unassigned,IANA,IT
11451,,,Unassigned,IANA,IT
11452,,,Unassigned,IANA,IT
11453,,,Unassigned,IANA,IT
11454,,,Unassigned,IANA,IT
11455,,,Unassigned,IANA,IT
11456,,,Unassigned,IANA,IT
11457,,,Unassigned,IANA,IT
11458,,,Unassigned,IANA,IT
11459,,,Unassigned,IANA,IT
11460,,,Unassigned,IANA,IT
11461,,,Unassigned,IANA,IT
11462,,,Unassigned,IANA,IT
11463,,,Unassigned,IANA,IT
11464,,,Unassigned,IANA,IT
11465,,,Unassigned,IANA,IT
11466,,,Unassigned,IANA,IT
11467,,,Unassigned,IANA,IT
11468,,,Unassigned,IANA,IT
11469,,,Unassigned,IANA,IT
11470,,,Unassigned,IANA,IT
11471,,,Unassigned,IANA,IT
11472,,,Unassigned,IANA,IT
11473,,,Unassigned,IANA,IT
11474,,,Unassigned,IANA,IT
11475,,,Unassigned,IANA,IT
11476,,,Unassigned,IANA,IT
11477,,,Unassigned,IANA,IT
11478,,,Unassigned,IANA,IT
11479,,,Unassigned,IANA,IT
11480,,,Unassigned,IANA,IT
11481,,,Unassigned,IANA,IT
11482,,,Unassigned,IANA,IT
11483,,,Unassigned,IANA,IT
11484,,,Unassigned,IANA,IT
11485,,,Unassigned,IANA,IT
11486,,,Unassigned,IANA,IT
11487,,,Unassigned,IANA,IT
11488,,,Unassigned,IANA,IT
11489,asgcypresstcps,"tcp, udp",ASG Cypress Secure Only,IANA,IT
11600,tempest-port,"tcp, udp",Tempest Protocol Port,IANA,IT
11623,emc-xsw-dconfig,"tcp, udp",EMC XtremSW distributed config,IANA,IT
11624,,,Unassigned,IANA,IT
11625,,,Unassigned,IANA,IT
11626,,,Unassigned,IANA,IT
11627,,,Unassigned,IANA,IT
11628,,,Unassigned,IANA,IT
11629,,,Unassigned,IANA,IT
11630,,,Unassigned,IANA,IT
11631,,,Unassigned,IANA,IT
11632,,,Unassigned,IANA,IT
11633,,,Unassigned,IANA,IT
11634,,,Unassigned,IANA,IT
11635,,,Unassigned,IANA,IT
11636,,,Unassigned,IANA,IT
11637,,,Unassigned,IANA,IT
11638,,,Unassigned,IANA,IT
11639,,,Unassigned,IANA,IT
11640,,,Unassigned,IANA,IT
11641,,,Unassigned,IANA,IT
11642,,,Unassigned,IANA,IT
11643,,,Unassigned,IANA,IT
11644,,,Unassigned,IANA,IT
11645,,,Unassigned,IANA,IT
11646,,,Unassigned,IANA,IT
11647,,,Unassigned,IANA,IT
11648,,,Unassigned,IANA,IT
11649,,,Unassigned,IANA,IT
11650,,,Unassigned,IANA,IT
11651,,,Unassigned,IANA,IT
11652,,,Unassigned,IANA,IT
11653,,,Unassigned,IANA,IT
11654,,,Unassigned,IANA,IT
11655,,,Unassigned,IANA,IT
11656,,,Unassigned,IANA,IT
11657,,,Unassigned,IANA,IT
11658,,,Unassigned,IANA,IT
11659,,,Unassigned,IANA,IT
11660,,,Unassigned,IANA,IT
11661,,,Unassigned,IANA,IT
11662,,,Unassigned,IANA,IT
11663,,,Unassigned,IANA,IT
11664,,,Unassigned,IANA,IT
11665,,,Unassigned,IANA,IT
11666,,,Unassigned,IANA,IT
11667,,,Unassigned,IANA,IT
11668,,,Unassigned,IANA,IT
11669,,,Unassigned,IANA,IT
11670,,,Unassigned,IANA,IT
11671,,,Unassigned,IANA,IT
11672,,,Unassigned,IANA,IT
11673,,,Unassigned,IANA,IT
11674,,,Unassigned,IANA,IT
11675,,,Unassigned,IANA,IT
11676,,,Unassigned,IANA,IT
11677,,,Unassigned,IANA,IT
11678,,,Unassigned,IANA,IT
11679,,,Unassigned,IANA,IT
11680,,,Unassigned,IANA,IT
11681,,,Unassigned,IANA,IT
11682,,,Unassigned,IANA,IT
11683,,,Unassigned,IANA,IT
11684,,,Unassigned,IANA,IT
11685,,,Unassigned,IANA,IT
11686,,,Unassigned,IANA,IT
11687,,,Unassigned,IANA,IT
11688,,,Unassigned,IANA,IT
11689,,,Unassigned,IANA,IT
11690,,,Unassigned,IANA,IT
11691,,,Unassigned,IANA,IT
11692,,,Unassigned,IANA,IT
11693,,,Unassigned,IANA,IT
11694,,,Unassigned,IANA,IT
11695,,,Unassigned,IANA,IT
11696,,,Unassigned,IANA,IT
11697,,,Unassigned,IANA,IT
11698,,,Unassigned,IANA,IT
11699,,,Unassigned,IANA,IT
11700,,,Unassigned,IANA,IT
11701,,,Unassigned,IANA,IT
11702,,,Unassigned,IANA,IT
11703,,,Unassigned,IANA,IT
11704,,,Unassigned,IANA,IT
11705,,,Unassigned,IANA,IT
11706,,,Unassigned,IANA,IT
11707,,,Unassigned,IANA,IT
11708,,,Unassigned,IANA,IT
11709,,,Unassigned,IANA,IT
11710,,,Unassigned,IANA,IT
11711,,,Unassigned,IANA,IT
11712,,,Unassigned,IANA,IT
11713,,,Unassigned,IANA,IT
11714,,,Unassigned,IANA,IT
11715,,,Unassigned,IANA,IT
11716,,,Unassigned,IANA,IT
11717,,,Unassigned,IANA,IT
11718,,,Unassigned,IANA,IT
11719,,,Unassigned,IANA,IT
11720,h323callsigalt,"tcp, udp",H.323 Call Control Signalling Alternate,IANA,IT
11723,emc-xsw-dcache,"tcp, udp",EMC XtremSW distributed cache,IANA,IT
11751,intrepid-ssl,"tcp, udp",Intrepid SSL,IANA,IT
11796,"lanschool, lanschool-mpt","tcp, udp","LanSchool, Lanschool Multipoint",IANA,IT
11876,xoraya,"tcp, udp",X2E Xoraya Multichannel protocol,IANA,IT
11877,x2e-disc,"tcp, udp",X2E service discovery protocol,IANA,IT
11967,sysinfo-sp,"tcp, udp",SysInfo Service Protocol,IANA,IT
11971,tibsd,"tcp, udp",TiBS Service,IANA,IT
11997,wmereceiving,sctp,WorldMailExpress,IANA,IT
11998,wmedistribution,sctp,WorldMailExpress,IANA,IT
11999,wmereporting,sctp,WorldMailExpress,IANA,IT
12000,entextxid,"tcp, udp",IBM Enterprise Extender SNA XID Exchange,IANA,IT
12001,entextnetwk,"tcp, udp",IBM Enterprise Extender SNA COS Network Priority,IANA,IT
12002,entexthigh,"tcp, udp",IBM Enterprise Extender SNA COS High Priority,IANA,IT
12003,entextmed,"tcp, udp",IBM Enterprise Extender SNA COS Medium Priority,IANA,IT
12004,entextlow,"tcp, udp",IBM Enterprise Extender SNA COS Low Priority,IANA,IT
12005,dbisamserver1,"tcp, udp",DBISAM Database Server - Regular,IANA,IT
12006,dbisamserver2,"tcp, udp",DBISAM Database Server - Admin,IANA,IT
12007,accuracer,"tcp, udp",Accuracer Database System Server,IANA,IT
12008,accuracer-dbms,"tcp, udp",Accuracer Database System Admin,IANA,IT
12009,ghvpn,"tcp, udp",Green Hills VPN,IANA,IT
12010,edbsrvr,"tcp, udp",ElevateDB Server,IANA,IT
12012,vipera,"tcp, udp",Vipera Messaging Service,IANA,IT
12013,vipera-ssl,"tcp, udp",Vipera Messaging Service over SSL Communication,IANA,IT
12109,rets-ssl,"tcp, udp",RETS over SSL,IANA,IT
12121,nupaper-ss,"tcp, udp",NuPaper Session Service,IANA,IT
12135,Telvent OASyS DNA,tcp,Telvent OASyS DNA,https://github.com/ITI/ICS-Security-Tools/tree/master/protocols,ICS
12136,Telvent OASyS DNA,tcp,Telvent OASyS DNA,https://github.com/ITI/ICS-Security-Tools/tree/master/protocols,ICS
12137,Telvent OASyS DNA,tcp,Telvent OASyS DNA,https://github.com/ITI/ICS-Security-Tools/tree/master/protocols,ICS
12168,cawas,"tcp, udp",CA Web Access Service,IANA,IT
12172,hivep,"tcp, udp",HiveP,IANA,IT
12300,linogridengine,"tcp, udp",LinoGrid Engine,IANA,IT
12302,rads,"tcp, udp","Remote Administration Daemon (RAD) is a system service that offers secure, remote, programmatic access to Solaris system configuration and run-time state",IANA,IT
12316,ABB Ranger 2003,tcp,ABB Ranger 2003,https://github.com/ITI/ICS-Security-Tools/tree/master/protocols,ICS
12321,warehouse-sss,"tcp, udp",Warehouse Monitoring Syst SSS,IANA,IT
12322,warehouse,"tcp, udp",Warehouse Monitoring Syst,IANA,IT
12345,italk,"tcp, udp",Italk Chat System,IANA,IT
12546,carb-repl-ctrl,"tcp, udp",Carbonite Server Replication Control,IANA,IT
12645,ABB Ranger 2003,tcp,ABB Ranger 2003,https://github.com/ITI/ICS-Security-Tools/tree/master/protocols,ICS
12647,ABB Ranger 2003,tcp,ABB Ranger 2003,https://github.com/ITI/ICS-Security-Tools/tree/master/protocols,ICS
12648,ABB Ranger 2003,tcp,ABB Ranger 2003,https://github.com/ITI/ICS-Security-Tools/tree/master/protocols,ICS
12753,tsaf,"tcp, udp",tsaf port,IANA,IT
12865,netperf,"tcp, udp",control port for the netperf benchmark,IANA,IT
13160,i-zipqd,"tcp, udp",I-ZIPQD,IANA,IT
13216,bcslogc,"tcp, udp",Black Crow Software application logging,IANA,IT
13217,rs-pias,"tcp, udp",R&S Proxy Installation Assistant Service,IANA,IT
13218,"emc-vcas-tcp, emc-vcas-udp","tcp, udp","EMC Virtual CAS Service, EMV Virtual CAS Service Discovery",IANA,IT
13223,powwow-client,"tcp, udp",PowWow Client,IANA,IT
13224,powwow-server,"tcp, udp",PowWow Server,IANA,IT
13400,"doip-disc, doip-data","tcp, udp","DoIP Data, DoIP Discovery",IANA,IT
13720,bprd,"tcp, udp",BPRD Protocol (VERITAS NetBackup),IANA,IT
13721,bpdbm,"tcp, udp",BPDBM Protocol (VERITAS NetBackup),IANA,IT
13722,"bpjava-msvc, ABB Ranger 2003","tcp, udp","BP Java MSVC Protocol, ABB Ranger 2003","IANA, https://github.com/ITI/ICS-Security-Tools/tree/master/protocols","IT, ICS"
13724,"vnetd, ABB Ranger 2003","tcp, udp","Veritas Network Utility, ABB Ranger 2003","IANA, https://github.com/ITI/ICS-Security-Tools/tree/master/protocols","IT, ICS"
13782,"bpcd, ABB Ranger 2003","tcp, udp","VERITAS NetBackup, ABB Ranger 2003","IANA, https://github.com/ITI/ICS-Security-Tools/tree/master/protocols","IT, ICS"
13783,"vopied, ABB Ranger 2003","tcp, udp","VOPIED Protocol, ABB Ranger 2003","IANA, https://github.com/ITI/ICS-Security-Tools/tree/master/protocols","IT, ICS"
13785,nbdb,"tcp, udp",NetBackup Database,IANA,IT
13786,nomdb,"tcp, udp",Veritas-nomdb,IANA,IT
13818,dsmcc-config,"tcp, udp",DSMCC Config,IANA,IT
13819,dsmcc-session,"tcp, udp",DSMCC Session Messages,IANA,IT
13820,dsmcc-passthru,"tcp, udp",DSMCC Pass-Thru Messages,IANA,IT
13821,dsmcc-download,"tcp, udp",DSMCC Download Protocol,IANA,IT
13822,dsmcc-ccp,"tcp, udp",DSMCC Channel Change Protocol,IANA,IT
13823,bmdss,"tcp, udp",Blackmagic Design Streaming Server,IANA,IT
13832,a-trust-rpc,"tcp, udp",Certificate Management and Issuing,IANA,IT
13894,ucontrol,"tcp, udp",Ultimate Control communication protocol,IANA,IT
13929,dta-systems,"tcp, udp",D-TA SYSTEMS,IANA,IT
13930,medevolve,"tcp, udp",MedEvolve Port Requester,IANA,IT
14000,scotty-ft,"tcp, udp",SCOTTY High-Speed Filetransfer,IANA,IT
14001,sua,"sctp, tcp, udp","De-Registered, SUA",IANA,IT
14002,scotty-disc,"tcp, udp",Discovery of a SCOTTY hardware codec board,IANA,IT
14033,sage-best-com1,"tcp, udp",sage Best! Config Server 1,IANA,IT
14034,sage-best-com2,"tcp, udp",sage Best! Config Server 2,IANA,IT
14141,vcs-app,"tcp, udp",VCS Application,IANA,IT
14142,icpp,"tcp, udp",IceWall Cert Protocol,IANA,IT
14143,icpps,"tcp, udp",IceWall Cert Protocol over TLS,IANA,IT
14145,gcm-app,"tcp, udp",GCM Application,IANA,IT
14149,vrts-tdd,"tcp, udp",Veritas Traffic Director,IANA,IT
14150,vcscmd,"tcp, udp",Veritas Cluster Server Command Server,IANA,IT
14154,vad,"tcp, udp",Veritas Application Director,IANA,IT
14250,cps,"tcp, udp",Fencing Server,IANA,IT
14414,ca-web-update,"tcp, udp",CA eTrust Web Update Service,IANA,IT
14500,xpra,"tcp, udp",xpra network protocol,IANA,IT
14936,hde-lcesrvr-1,"tcp, udp",hde-lcesrvr-1,IANA,IT
14937,hde-lcesrvr-2,"tcp, udp",hde-lcesrvr-2,IANA,IT
15000,hydap,"tcp, udp",Hypack Data Aquisition,IANA,IT
15002,onep-tls,"tcp, udp",Open Network Environment TLS,IANA,IT
15118,v2g-secc,"tcp, udp",v2g Supply Equipment Communication Controller Discovery Protocol,IANA,IT
15345,xpilot,"tcp, udp",XPilot Contact Port,IANA,IT
15363,3link,"tcp, udp",3Link Negotiation,IANA,IT
15555,cisco-snat,"tcp, udp",Cisco Stateful NAT,IANA,IT
15660,bex-xr,"tcp, udp",Backup Express Restore Server,IANA,IT
15740,ptp,"tcp, udp",Picture Transfer Protocol,IANA,IT
15998,2ping,"tcp, udp",2ping Bi-Directional Ping Service,IANA,IT
15999,programmar,"tcp, udp",ProGrammar Enterprise,IANA,IT
16000,fmsas,"tcp, udp",Administration Server Access,IANA,IT
16001,fmsascon,"tcp, udp",Administration Server Connector,IANA,IT
16002,gsms,"tcp, udp",GoodSync Mediation Service,IANA,IT
16003,alfin,"tcp, udp",Automation and Control by REGULACE.ORG,IANA,IT
16020,jwpc,"tcp, udp",Filemaker Java Web Publishing Core,IANA,IT
16021,jwpc-bin,"tcp, udp",Filemaker Java Web Publishing Core Binary,IANA,IT
16161,sun-sea-port,"tcp, udp",Solaris SEA Port,IANA,IT
16162,solaris-audit,"tcp, udp",Solaris Audit - secure remote audit log,IANA,IT
16309,etb4j,"tcp, udp",etb4j,IANA,IT
16310,pduncs,"tcp, udp","Update Notification, Policy Distribute",IANA,IT
16311,pdefmns,"tcp, udp",Policy definition and update management,IANA,IT
16360,netserialext1,"tcp, udp",Network Serial Extension Ports One,IANA,IT
16361,netserialext2,"tcp, udp",Network Serial Extension Ports Two,IANA,IT
16367,netserialext3,"tcp, udp",Network Serial Extension Ports Three,IANA,IT
16368,netserialext4,"tcp, udp",Network Serial Extension Ports Four,IANA,IT
16384,connected,"tcp, udp",Connected Corp,IANA,IT
16385,rdgs,"tcp, udp",Reliable Datagram Sockets,IANA,IT
16619,xoms,"tcp, udp",X509 Objects Management Service,IANA,IT
16665,axon-tunnel,"tcp, udp",Reliable multipath data transport for high latencies,IANA,IT
16666,vtp,"tcp, udp",Vidder Tunnel Protocol,IANA,IT
16789,cadsisvr,"tcp, udp",This server provides callable services to mainframe External Security Managers from any TCP/IP platform,IANA,IT
16900,newbay-snc-mc,"tcp, udp",Newbay Mobile Client Update Service,IANA,IT
16950,sgcip,"tcp, udp",Simple Generic Client Interface Protocol,IANA,IT
16991,intel-rci-mp,"tcp, udp",INTEL-RCI-MP,IANA,IT
16992,amt-soap-http,"tcp, udp",Intel(R) AMT SOAP/HTTP,IANA,IT
16993,amt-soap-https,"tcp, udp",Intel(R) AMT SOAP/HTTPS,IANA,IT
16994,amt-redir-tcp,"tcp, udp",Intel(R) AMT Redirection/TCP,IANA,IT
16995,amt-redir-tls,"tcp, udp",Intel(R) AMT Redirection/TLS,IANA,IT
17007,isode-dua,"tcp, udp",,IANA,IT
17010,ncpu,"tcp, udp",Plan 9 cpu port,IANA,IT
17184,vestasdlp,"tcp, udp",Vestas Data Layer Protocol,IANA,IT
17185,soundsvirtual,"tcp, udp",Sounds Virtual,IANA,IT
17219,chipper,"tcp, udp",Chipper,IANA,IT
17220,avtp,"tcp, udp",IEEE 1722 Transport Protocol for Time Sensitive Applications,IANA,IT
17221,avdecc,"tcp, udp","Enumeration, and Control, Connection management, IEEE 1722.1 AVB Discovery",IANA,IT
17222,cpsp,"tcp, udp",Control Plane Synchronization Protocol (SPSP),IANA,IT
17223,isa100-gci,"tcp, udp",ISA100 GCI is a service utilizing a common interface between an ISA100 Wireless gateway and a client application,IANA,IT
17224,trdp-pd,"tcp, udp",Train Realtime Data Protocol (TRDP) Process Data,IANA,IT
17225,trdp-md,"tcp, udp",Train Realtime Data Protocol (TRDP) Message Data,IANA,IT
17234,integrius-stp,"tcp, udp",Integrius Secure Tunnel Protocol,IANA,IT
17235,ssh-mgmt,"tcp, udp",SSH Tectia Manager,IANA,IT
17500,"db-lsp-disc, db-lsp","tcp, udp","Dropbox LanSync Protocol, Dropbox LanSync Discovery",IANA,IT
17555,ailith,"tcp, udp",Ailith management of routers,IANA,IT
17729,ea,"tcp, udp",Eclipse Aviation,IANA,IT
17754,zep,"tcp, udp",Encap. ZigBee Packets,IANA,IT
17755,zigbee-ip,"tcp, udp",ZigBee IP Transport Service,IANA,IT
17756,zigbee-ips,"tcp, udp",ZigBee IP Transport Secure Service,IANA,IT
17777,sw-orion,"tcp, udp",SolarWinds Orion,IANA,IT
18000,"biimenu, Iconic Genesis32 GenBroker (TCP)","tcp, udp","Beckman Instruments, Inc., Iconic Genesis32 GenBroker (TCP)","IANA, https://github.com/ITI/ICS-Security-Tools/tree/master/protocols","IT, ICS"
18104,radpdf,"tcp, udp",RAD PDF Service,IANA,IT
18136,racf,"tcp, udp",z/OS Resource Access Control Facility,IANA,IT
18181,opsec-cvp,"tcp, udp",OPSEC CVP,IANA,IT
18182,opsec-ufp,"tcp, udp",OPSEC UFP,IANA,IT
18183,opsec-sam,"tcp, udp",OPSEC SAM,IANA,IT
18184,opsec-lea,"tcp, udp",OPSEC LEA,IANA,IT
18185,opsec-omi,"tcp, udp",OPSEC OMI,IANA,IT
18186,ohsc,"tcp, udp","Occupational Health SC, Occupational Health Sc",IANA,IT
18187,opsec-ela,"tcp, udp",OPSEC ELA,IANA,IT
18241,checkpoint-rtm,"tcp, udp",Check Point RTM,IANA,IT
18242,iclid,"tcp, udp",Checkpoint router monitoring,IANA,IT
18243,clusterxl,"tcp, udp",Checkpoint router state backup,IANA,IT
18262,gv-pf,"tcp, udp",GV NetConfig Service,IANA,IT
18463,ac-cluster,"tcp, udp",AC Cluster,IANA,IT
18516,heythings,"tcp, udp",HeyThings Device communicate service,IANA,IT
18634,rds-ib,"tcp, udp",Reliable Datagram Service,IANA,IT
18635,rds-ip,"tcp, udp",Reliable Datagram Service over IP,IANA,IT
18668,"vdmmesh-disc, vdmmesh","tcp, udp",Manufacturing Execution Systems Mesh Communication,IANA,IT
18769,ique,"tcp, udp",IQue Protocol,IANA,IT
18881,infotos,"tcp, udp",Infotos,IANA,IT
18888,apc-necmp,"tcp, udp",APCNECMP,IANA,IT
19000,igrid,"tcp, udp",iGrid Server,IANA,IT
19007,scintilla,"tcp, udp",Scintilla protocol for device services,IANA,IT
19020,j-link,"tcp, udp",J-Link TCP/IP Protocol,IANA,IT
19191,opsec-uaa,"tcp, udp",OPSEC UAA,IANA,IT
19194,ua-secureagent,"tcp, udp",UserAuthority SecureAgent,IANA,IT
19220,"cora, cora-disc","tcp, udp","Client Connection Management and Data Exchange Service, Discovery for Client Connection Management and Data Exchange Service",IANA,IT
19283,keysrvr,"tcp, udp",Key Server for SASSAFRAS,IANA,IT
19315,keyshadow,"tcp, udp",Key Shadow for SASSAFRAS,IANA,IT
19398,mtrgtrans,"tcp, udp",mtrgtrans,IANA,IT
19410,hp-sco,"tcp, udp",hp-sco,IANA,IT
19411,hp-sca,"tcp, udp",hp-sca,IANA,IT
19412,hp-sessmon,"tcp, udp",HP-SESSMON,IANA,IT
19539,fxuptp,"tcp, udp",FXUPTP,IANA,IT
19540,sxuptp,"tcp, udp",SXUPTP,IANA,IT
19541,jcp,"tcp, udp",JCP Client,IANA,IT
19788,mle,"tcp, udp",Mesh Link Establishment,IANA,IT
19790,faircom-db,"tcp, udp",FairCom Database,IANA,IT
19998,iec-104-sec,"tcp, udp",IEC 60870-5-104 process control - secure,IANA,IT
19999,dnp-sec,"sctp, tcp, udp","Distributed Network Protocol - secured, Distributed Network Protocol - Secure",IANA,IT
20000,DNP3,"sctp, tcp, udp","DNP, Distributed Network Protocol",IANA,ICS
20001,microsan,"tcp, udp",MicroSAN,IANA,IT
20002,commtact-http,"tcp, udp",Commtact HTTP,IANA,IT
20003,commtact-https,"tcp, udp",Commtact HTTPS,IANA,IT
20005,openwebnet,"tcp, udp",OpenWebNet protocol for electric network,IANA,IT
20012,ss-idi-disc,"tcp, udp",Samsung Interdevice Interaction discovery,IANA,IT
20013,ss-idi,"tcp, udp",Samsung Interdevice Interaction,IANA,IT
20014,opendeploy,"tcp, udp",OpenDeploy Listener,IANA,IT
20034,"nburn-id, nburn_id","tcp, udp","NetBurner ID Port
IANA assigned this well-formed service name as a replacement for ""nburn_id""., NetBurner ID Port",IANA,IT
20046,tmophl7mts,"tcp, udp",TMOP HL7 Message Transfer Service,IANA,IT
20048,mountd,"tcp, udp",NFS mount protocol,IANA,IT
20049,nfsrdma,"sctp, tcp, udp",Network File System (NFS) over RDMA,IANA,IT
20057,avesterra,"tcp, udp",AvesTerra Hypergraph Transfer Protocol (HGTP),IANA,IT
20167,tolfab,"tcp, udp",TOLfab Data Change,IANA,IT
20202,ipdtp-port,"tcp, udp",IPD Tunneling Port,IANA,IT
20222,ipulse-ics,"tcp, udp",iPulse-ICS,IANA,IT
20480,emwavemsg,"tcp, udp",emWave Message Service,IANA,IT
20670,track,"tcp, udp",Track,IANA,IT
20810,crtech-nlm,"tcp, udp",CRTech NLM,IANA,IT
20999,athand-mmp,"tcp, udp","At Hand MMP, AT Hand MMP",IANA,IT
21000,irtrans,"tcp, udp",IRTrans Control,IANA,IT
21010,notezilla-lan,"tcp, udp",Notezilla.Lan Server,IANA,IT
21212,trinket-agent,"tcp, udp",Distributed artificial intelligence,IANA,IT
21213,cohesity-agent,"tcp, udp",Cohesity backup agents,IANA,IT
21221,aigairserver,"tcp, udp",Services for Air Server,IANA,IT
21553,rdm-tfs,"tcp, udp",Raima RDM TFS,IANA,IT
21554,dfserver,"tcp, udp",MineScape Design File Server,IANA,IT
21590,vofr-gateway,"tcp, udp",VoFR Gateway,IANA,IT
21800,tvpm,"tcp, udp",TVNC Pro Multiplexing,IANA,IT
21801,sal,tcp,Safe AutoLogon,IANA,IT
21845,webphone,"tcp, udp",webphone,IANA,IT
21846,netspeak-is,"tcp, udp",NetSpeak Corp. Directory Services,IANA,IT
21847,netspeak-cs,"tcp, udp",NetSpeak Corp. Connection Services,IANA,IT
21848,netspeak-acd,"tcp, udp",NetSpeak Corp. Automatic Call Distribution,IANA,IT
21849,netspeak-cps,"tcp, udp",NetSpeak Corp. Credit Processing System,IANA,IT
22000,snapenetio,"tcp, udp",SNAPenetIO,IANA,IT
22001,optocontrol,"tcp, udp",OptoControl,IANA,IT
22002,optohost002,"tcp, udp",Opto Host Port 2,IANA,IT
22003,optohost003,"tcp, udp",Opto Host Port 3,IANA,IT
22004,optohost004,"tcp, udp",Opto Host Port 4,IANA,IT
22005,optohost004,"tcp, udp",Opto Host Port 5,IANA,IT
22125,dcap,"tcp, udp",dCache Access Protocol,IANA,IT
22128,gsidcap,"tcp, udp",GSI dCache Access Protocol,IANA,IT
22222,easyengine,"tcp, udp",EasyEngine is CLI tool to manage WordPress Sites on Nginx server,IANA,IT
22273,wnn6,"tcp, udp",wnn6,IANA,IT
22305,cis,"tcp, udp",CompactIS Tunnel,IANA,IT
22333,showcockpit-net,"tcp, udp",ShowCockpit Networking,IANA,IT
22335,"shrewd-control, shrewd-stream","tcp, udp","Initium Labs Security and Automation Streaming, Initium Labs Security and Automation Control",IANA,IT
22343,cis-secure,"tcp, udp",CompactIS Secure Tunnel,IANA,IT
22347,wibukey,"tcp, udp",WibuKey Standard WkLan,IANA,IT
22350,codemeter,"tcp, udp",CodeMeter Standard,IANA,IT
22351,codemeter-cmwan,"tcp, udp",TPC/IP requests of copy protection software to a server,IANA,IT
22537,caldsoft-backup,"tcp, udp",CaldSoft Backup server file transfer,IANA,IT
22555,"vocaltec-wconf, vocaltec-phone","tcp, udp","Vocaltec Internet Phone, Vocaltec Web Conference",IANA,IT
22763,talikaserver,"tcp, udp",Talika Main Server,IANA,IT
22800,aws-brf,"tcp, udp",Telerate Information Platform LAN,IANA,IT
22951,brf-gw,"tcp, udp",Telerate Information Platform WAN,IANA,IT
23000,inovaport1,"tcp, udp",Inova LightLink Server Type 1,IANA,IT
23001,inovaport2,"tcp, udp",Inova LightLink Server Type 2,IANA,IT
23002,inovaport3,"tcp, udp",Inova LightLink Server Type 3,IANA,IT
23003,inovaport4,"tcp, udp",Inova LightLink Server Type 4,IANA,IT
23004,inovaport5,"tcp, udp",Inova LightLink Server Type 5,IANA,IT
23005,inovaport6,"tcp, udp",Inova LightLink Server Type 6,IANA,IT
23053,gntp,"tcp, udp",Generic Notification Transport Protocol,IANA,IT
23272,s102,"tcp, udp",S102 application,IANA,IT
23294,"5afe-disc, 5afe-dir","tcp, udp","5AFE SDN Directory, 5AFE SDN Directory discovery",IANA,IT
23333,elxmgmt,"tcp, udp",Emulex HBAnyware Remote Management,IANA,IT
23400,novar-dbase,"tcp, udp",Novar Data,IANA,IT
23401,novar-alarm,"tcp, udp",Novar Alarm,IANA,IT
23402,novar-global,"tcp, udp",Novar Global,IANA,IT
23456,aequus,"tcp, udp",Aequus Service,IANA,IT
23457,aequus-alt,"tcp, udp",Aequus Service Mgmt,IANA,IT
23546,areaguard-neo,"tcp, udp",AreaGuard Neo - WebServer,IANA,IT
24000,med-ltp,"tcp, udp",med-ltp,IANA,IT
24001,med-fsp-rx,"tcp, udp",med-fsp-rx,IANA,IT
24002,med-fsp-tx,"tcp, udp",med-fsp-tx,IANA,IT
24003,med-supp,"tcp, udp",med-supp,IANA,IT
24004,med-ovw,"tcp, udp",med-ovw,IANA,IT
24005,med-ci,"tcp, udp",med-ci,IANA,IT
24006,med-net-svc,"tcp, udp",med-net-svc,IANA,IT
24242,filesphere,"tcp, udp",fileSphere,IANA,IT
24249,vista-4gl,"tcp, udp",Vista 4GL,IANA,IT
24321,ild,"tcp, udp",Isolv Local Directory,IANA,IT
24322,hid,"tcp, udp",Transport of Human Interface Device data streams,IANA,IT
24323,vrmg-ip,"tcp, udp",Verimag mobile class protocol over TCP,IANA,IT
24386,"intel-rci, intel_rci","tcp, udp","Intel RCI
IANA assigned this well-formed service name as a replacement for ""intel_rci""., Intel RCI",IANA,IT
24465,tonidods,"tcp, udp",Tonido Domain Server,IANA,IT
24554,binkp,"tcp, udp",BINKP,IANA,IT
24577,"bilobit, bilobit-update","tcp, udp","bilobit Service, bilobit Service Update",IANA,IT
24666,sdtvwcam,"tcp, udp",Service used by SmarDTV to communicate between a CAM and a second screen application,IANA,IT
24676,canditv,"tcp, udp",Canditv Message Service,IANA,IT
24677,flashfiler,"tcp, udp",FlashFiler,IANA,IT
24678,proactivate,"tcp, udp",Turbopower Proactivate,IANA,IT
24680,tcc-http,"tcp, udp",TCC User HTTP Service,IANA,IT
24754,cslg,"tcp, udp",Citrix StorageLink Gateway,IANA,IT
24850,assoc-disc,"tcp, udp",Device Association Discovery,IANA,IT
24922,find,"tcp, udp",Find Identification of Network Devices,IANA,IT
25000,icl-twobase1,"tcp, udp",icl-twobase1,IANA,IT
25001,icl-twobase2,"tcp, udp",icl-twobase2,IANA,IT
25002,icl-twobase3,"tcp, udp",icl-twobase3,IANA,IT
25003,icl-twobase4,"tcp, udp",icl-twobase4,IANA,IT
25004,icl-twobase5,"tcp, udp",icl-twobase5,IANA,IT
25005,icl-twobase6,"tcp, udp",icl-twobase6,IANA,IT
25006,icl-twobase7,"tcp, udp",icl-twobase7,IANA,IT
25007,icl-twobase8,"tcp, udp",icl-twobase8,IANA,IT
25008,icl-twobase9,"tcp, udp",icl-twobase9,IANA,IT
25009,icl-twobase10,"tcp, udp",icl-twobase10,IANA,IT
25100,db2c-tls,"tcp, udp",IBM Db2 Client Interface - Encrypted,IANA,IT
25471,rna,sctp,RNSAP User Adaptation for Iurh,IANA,IT
25576,sauterdongle,"tcp, udp",Sauter Dongle,IANA,IT
25604,idtp,"tcp, udp",Identifier Tracing Protocol,IANA,IT
25793,vocaltec-hos,"tcp, udp",Vocaltec Address Server,IANA,IT
25900,tasp-net,"tcp, udp",TASP Network Comm,IANA,IT
25901,niobserver,"tcp, udp",NIObserver,IANA,IT
25902,nilinkanalyst,"tcp, udp",NILinkAnalyst,IANA,IT
25903,niprobe,"tcp, udp",NIProbe,IANA,IT
25954,bf-game,"tcp, udp",Bitfighter game server,IANA,IT
25955,bf-master,"tcp, udp",Bitfighter master server,IANA,IT
26000,quake,"tcp, udp",quake,IANA,IT
26133,scscp,"tcp, udp",Symbolic Computation Software Composability Protocol,IANA,IT
26208,wnn6-ds,"tcp, udp",wnn6-ds,IANA,IT
26257,cockroach,"tcp, udp",CockroachDB,IANA,IT
26260,ezproxy,"tcp, udp",eZproxy,IANA,IT
26261,ezmeeting,"tcp, udp",eZmeeting,IANA,IT
26262,k3software-svr,"tcp, udp",K3 Software-Server,IANA,IT
26263,k3software-cli,"tcp, udp",K3 Software-Client,IANA,IT
26486,"exoline-tcp, exoline-udp","tcp, udp","EXOline-UDP, EXOline-TCP",IANA,IT
26487,exoconfig,"tcp, udp",EXOconfig,IANA,IT
26489,exonet,"tcp, udp",EXOnet,IANA,IT
27000,flex-lm,,FLEX LM (1-10),IANA,IT
27001,flex-lm,,FLEX LM (1-10),IANA,IT
27002,flex-lm,,FLEX LM (1-10),IANA,IT
27003,flex-lm,,FLEX LM (1-10),IANA,IT
27004,flex-lm,,FLEX LM (1-10),IANA,IT
27005,flex-lm,,FLEX LM (1-10),IANA,IT
27006,flex-lm,,FLEX LM (1-10),IANA,IT
27007,flex-lm,,FLEX LM (1-10),IANA,IT
27008,flex-lm,,FLEX LM (1-10),IANA,IT
27009,flex-lm,,FLEX LM (1-10),IANA,IT
27010,flex-lmadmin,"tcp, udp",A protocol for managing license services,IANA,IT
27016,chlenix,"tcp, udp",Cloud hosting environment network,IANA,IT
27017,mongodb,"tcp, udp",Mongo database system,IANA,IT
27018,,,Unassigned,IANA,IT
27019,,,Unassigned,IANA,IT
27020,,,Unassigned,IANA,IT
27021,,,Unassigned,IANA,IT
27022,,,Unassigned,IANA,IT
27023,,,Unassigned,IANA,IT
27024,,,Unassigned,IANA,IT
27025,,,Unassigned,IANA,IT
27026,,,Unassigned,IANA,IT
27027,,,Unassigned,IANA,IT
27028,,,Unassigned,IANA,IT
27029,,,Unassigned,IANA,IT
27030,,,Unassigned,IANA,IT
27031,,,Unassigned,IANA,IT
27032,,,Unassigned,IANA,IT
27033,,,Unassigned,IANA,IT
27034,,,Unassigned,IANA,IT
27035,,,Unassigned,IANA,IT
27036,,,Unassigned,IANA,IT
27037,,,Unassigned,IANA,IT
27038,,,Unassigned,IANA,IT
27039,,,Unassigned,IANA,IT
27040,,,Unassigned,IANA,IT
27041,,,Unassigned,IANA,IT
27042,,,Unassigned,IANA,IT
27043,,,Unassigned,IANA,IT
27044,,,Unassigned,IANA,IT
27045,,,Unassigned,IANA,IT
27046,,,Unassigned,IANA,IT
27047,,,Unassigned,IANA,IT
27048,,,Unassigned,IANA,IT
27049,,,Unassigned,IANA,IT
27050,,,Unassigned,IANA,IT
27051,,,Unassigned,IANA,IT
27052,,,Unassigned,IANA,IT
27053,,,Unassigned,IANA,IT
27054,,,Unassigned,IANA,IT
27055,,,Unassigned,IANA,IT
27056,,,Unassigned,IANA,IT
27057,,,Unassigned,IANA,IT
27058,,,Unassigned,IANA,IT
27059,,,Unassigned,IANA,IT
27060,,,Unassigned,IANA,IT
27061,,,Unassigned,IANA,IT
27062,,,Unassigned,IANA,IT
27063,,,Unassigned,IANA,IT
27064,,,Unassigned,IANA,IT
27065,,,Unassigned,IANA,IT
27066,,,Unassigned,IANA,IT
27067,,,Unassigned,IANA,IT
27068,,,Unassigned,IANA,IT
27069,,,Unassigned,IANA,IT
27070,,,Unassigned,IANA,IT
27071,,,Unassigned,IANA,IT
27072,,,Unassigned,IANA,IT
27073,,,Unassigned,IANA,IT
27074,,,Unassigned,IANA,IT
27075,,,Unassigned,IANA,IT
27076,,,Unassigned,IANA,IT
27077,,,Unassigned,IANA,IT
27078,,,Unassigned,IANA,IT
27079,,,Unassigned,IANA,IT
27080,,,Unassigned,IANA,IT
27081,,,Unassigned,IANA,IT
27082,,,Unassigned,IANA,IT
27083,,,Unassigned,IANA,IT
27084,,,Unassigned,IANA,IT
27085,,,Unassigned,IANA,IT
27086,,,Unassigned,IANA,IT
27087,,,Unassigned,IANA,IT
27088,,,Unassigned,IANA,IT
27089,,,Unassigned,IANA,IT
27090,,,Unassigned,IANA,IT
27091,,,Unassigned,IANA,IT
27092,,,Unassigned,IANA,IT
27093,,,Unassigned,IANA,IT
27094,,,Unassigned,IANA,IT
27095,,,Unassigned,IANA,IT
27096,,,Unassigned,IANA,IT
27097,,,Unassigned,IANA,IT
27098,,,Unassigned,IANA,IT
27099,,,Unassigned,IANA,IT
27100,,,Unassigned,IANA,IT
27101,,,Unassigned,IANA,IT
27102,,,Unassigned,IANA,IT
27103,,,Unassigned,IANA,IT
27104,,,Unassigned,IANA,IT
27105,,,Unassigned,IANA,IT
27106,,,Unassigned,IANA,IT
27107,,,Unassigned,IANA,IT
27108,,,Unassigned,IANA,IT
27109,,,Unassigned,IANA,IT
27110,,,Unassigned,IANA,IT
27111,,,Unassigned,IANA,IT
27112,,,Unassigned,IANA,IT
27113,,,Unassigned,IANA,IT
27114,,,Unassigned,IANA,IT
27115,,,Unassigned,IANA,IT
27116,,,Unassigned,IANA,IT
27117,,,Unassigned,IANA,IT
27118,,,Unassigned,IANA,IT
27119,,,Unassigned,IANA,IT
27120,,,Unassigned,IANA,IT
27121,,,Unassigned,IANA,IT
27122,,,Unassigned,IANA,IT
27123,,,Unassigned,IANA,IT
27124,,,Unassigned,IANA,IT
27125,,,Unassigned,IANA,IT
27126,,,Unassigned,IANA,IT
27127,,,Unassigned,IANA,IT
27128,,,Unassigned,IANA,IT
27129,,,Unassigned,IANA,IT
27130,,,Unassigned,IANA,IT
27131,,,Unassigned,IANA,IT
27132,,,Unassigned,IANA,IT
27133,,,Unassigned,IANA,IT
27134,,,Unassigned,IANA,IT
27135,,,Unassigned,IANA,IT
27136,,,Unassigned,IANA,IT
27137,,,Unassigned,IANA,IT
27138,,,Unassigned,IANA,IT
27139,,,Unassigned,IANA,IT
27140,,,Unassigned,IANA,IT
27141,,,Unassigned,IANA,IT
27142,,,Unassigned,IANA,IT
27143,,,Unassigned,IANA,IT
27144,,,Unassigned,IANA,IT
27145,,,Unassigned,IANA,IT
27146,,,Unassigned,IANA,IT
27147,,,Unassigned,IANA,IT
27148,,,Unassigned,IANA,IT
27149,,,Unassigned,IANA,IT
27150,,,Unassigned,IANA,IT
27151,,,Unassigned,IANA,IT
27152,,,Unassigned,IANA,IT
27153,,,Unassigned,IANA,IT
27154,,,Unassigned,IANA,IT
27155,,,Unassigned,IANA,IT
27156,,,Unassigned,IANA,IT
27157,,,Unassigned,IANA,IT
27158,,,Unassigned,IANA,IT
27159,,,Unassigned,IANA,IT
27160,,,Unassigned,IANA,IT
27161,,,Unassigned,IANA,IT
27162,,,Unassigned,IANA,IT
27163,,,Unassigned,IANA,IT
27164,,,Unassigned,IANA,IT
27165,,,Unassigned,IANA,IT
27166,,,Unassigned,IANA,IT
27167,,,Unassigned,IANA,IT
27168,,,Unassigned,IANA,IT
27169,,,Unassigned,IANA,IT
27170,,,Unassigned,IANA,IT
27171,,,Unassigned,IANA,IT
27172,,,Unassigned,IANA,IT
27173,,,Unassigned,IANA,IT
27174,,,Unassigned,IANA,IT
27175,,,Unassigned,IANA,IT
27176,,,Unassigned,IANA,IT
27177,,,Unassigned,IANA,IT
27178,,,Unassigned,IANA,IT
27179,,,Unassigned,IANA,IT
27180,,,Unassigned,IANA,IT
27181,,,Unassigned,IANA,IT
27182,,,Unassigned,IANA,IT
27183,,,Unassigned,IANA,IT
27184,,,Unassigned,IANA,IT
27185,,,Unassigned,IANA,IT
27186,,,Unassigned,IANA,IT
27187,,,Unassigned,IANA,IT
27188,,,Unassigned,IANA,IT
27189,,,Unassigned,IANA,IT
27190,,,Unassigned,IANA,IT
27191,,,Unassigned,IANA,IT
27192,,,Unassigned,IANA,IT
27193,,,Unassigned,IANA,IT
27194,,,Unassigned,IANA,IT
27195,,,Unassigned,IANA,IT
27196,,,Unassigned,IANA,IT
27197,,,Unassigned,IANA,IT
27198,,,Unassigned,IANA,IT
27199,,,Unassigned,IANA,IT
27200,,,Unassigned,IANA,IT
27201,,,Unassigned,IANA,IT
27202,,,Unassigned,IANA,IT
27203,,,Unassigned,IANA,IT
27204,,,Unassigned,IANA,IT
27205,,,Unassigned,IANA,IT
27206,,,Unassigned,IANA,IT
27207,,,Unassigned,IANA,IT
27208,,,Unassigned,IANA,IT
27209,,,Unassigned,IANA,IT
27210,,,Unassigned,IANA,IT
27211,,,Unassigned,IANA,IT
27212,,,Unassigned,IANA,IT
27213,,,Unassigned,IANA,IT
27214,,,Unassigned,IANA,IT
27215,,,Unassigned,IANA,IT
27216,,,Unassigned,IANA,IT
27217,,,Unassigned,IANA,IT
27218,,,Unassigned,IANA,IT
27219,,,Unassigned,IANA,IT
27220,,,Unassigned,IANA,IT
27221,,,Unassigned,IANA,IT
27222,,,Unassigned,IANA,IT
27223,,,Unassigned,IANA,IT
27224,,,Unassigned,IANA,IT
27225,,,Unassigned,IANA,IT
27226,,,Unassigned,IANA,IT
27227,,,Unassigned,IANA,IT
27228,,,Unassigned,IANA,IT
27229,,,Unassigned,IANA,IT
27230,,,Unassigned,IANA,IT
27231,,,Unassigned,IANA,IT
27232,,,Unassigned,IANA,IT
27233,,,Unassigned,IANA,IT
27234,,,Unassigned,IANA,IT
27235,,,Unassigned,IANA,IT
27236,,,Unassigned,IANA,IT
27237,,,Unassigned,IANA,IT
27238,,,Unassigned,IANA,IT
27239,,,Unassigned,IANA,IT
27240,,,Unassigned,IANA,IT
27241,,,Unassigned,IANA,IT
27242,,,Unassigned,IANA,IT
27243,,,Unassigned,IANA,IT
27244,,,Unassigned,IANA,IT
27245,,,Unassigned,IANA,IT
27246,,,Unassigned,IANA,IT
27247,,,Unassigned,IANA,IT
27248,,,Unassigned,IANA,IT
27249,,,Unassigned,IANA,IT
27250,,,Unassigned,IANA,IT
27251,,,Unassigned,IANA,IT
27252,,,Unassigned,IANA,IT
27253,,,Unassigned,IANA,IT
27254,,,Unassigned,IANA,IT
27255,,,Unassigned,IANA,IT
27256,,,Unassigned,IANA,IT
27257,,,Unassigned,IANA,IT
27258,,,Unassigned,IANA,IT
27259,,,Unassigned,IANA,IT
27260,,,Unassigned,IANA,IT
27261,,,Unassigned,IANA,IT
27262,,,Unassigned,IANA,IT
27263,,,Unassigned,IANA,IT
27264,,,Unassigned,IANA,IT
27265,,,Unassigned,IANA,IT
27266,,,Unassigned,IANA,IT
27267,,,Unassigned,IANA,IT
27268,,,Unassigned,IANA,IT
27269,,,Unassigned,IANA,IT
27270,,,Unassigned,IANA,IT
27271,,,Unassigned,IANA,IT
27272,,,Unassigned,IANA,IT
27273,,,Unassigned,IANA,IT
27274,,,Unassigned,IANA,IT
27275,,,Unassigned,IANA,IT
27276,,,Unassigned,IANA,IT
27277,,,Unassigned,IANA,IT
27278,,,Unassigned,IANA,IT
27279,,,Unassigned,IANA,IT
27280,,,Unassigned,IANA,IT
27281,,,Unassigned,IANA,IT
27282,,,Unassigned,IANA,IT
27283,,,Unassigned,IANA,IT
27284,,,Unassigned,IANA,IT
27285,,,Unassigned,IANA,IT
27286,,,Unassigned,IANA,IT
27287,,,Unassigned,IANA,IT
27288,,,Unassigned,IANA,IT
27289,,,Unassigned,IANA,IT
27290,,,Unassigned,IANA,IT
27291,,,Unassigned,IANA,IT
27292,,,Unassigned,IANA,IT
27293,,,Unassigned,IANA,IT
27294,,,Unassigned,IANA,IT
27295,,,Unassigned,IANA,IT
27296,,,Unassigned,IANA,IT
27297,,,Unassigned,IANA,IT
27298,,,Unassigned,IANA,IT
27299,,,Unassigned,IANA,IT
27300,,,Unassigned,IANA,IT
27301,,,Unassigned,IANA,IT
27302,,,Unassigned,IANA,IT
27303,,,Unassigned,IANA,IT
27304,,,Unassigned,IANA,IT
27305,,,Unassigned,IANA,IT
27306,,,Unassigned,IANA,IT
27307,,,Unassigned,IANA,IT
27308,,,Unassigned,IANA,IT
27309,,,Unassigned,IANA,IT
27310,,,Unassigned,IANA,IT
27311,,,Unassigned,IANA,IT
27312,,,Unassigned,IANA,IT
27313,,,Unassigned,IANA,IT
27314,,,Unassigned,IANA,IT
27315,,,Unassigned,IANA,IT
27316,,,Unassigned,IANA,IT
27317,,,Unassigned,IANA,IT
27318,,,Unassigned,IANA,IT
27319,,,Unassigned,IANA,IT
27320,,,Unassigned,IANA,IT
27321,,,Unassigned,IANA,IT
27322,,,Unassigned,IANA,IT
27323,,,Unassigned,IANA,IT
27324,,,Unassigned,IANA,IT
27325,,,Unassigned,IANA,IT
27326,,,Unassigned,IANA,IT
27327,,,Unassigned,IANA,IT
27328,,,Unassigned,IANA,IT
27329,,,Unassigned,IANA,IT
27330,,,Unassigned,IANA,IT
27331,,,Unassigned,IANA,IT
27332,,,Unassigned,IANA,IT
27333,,,Unassigned,IANA,IT
27334,,,Unassigned,IANA,IT
27335,,,Unassigned,IANA,IT
27336,,,Unassigned,IANA,IT
27337,,,Unassigned,IANA,IT
27338,,,Unassigned,IANA,IT
27339,,,Unassigned,IANA,IT
27340,,,Unassigned,IANA,IT
27341,,,Unassigned,IANA,IT
27342,,,Unassigned,IANA,IT
27343,,,Unassigned,IANA,IT
27344,,,Unassigned,IANA,IT
27345,imagepump,"tcp, udp",ImagePump,IANA,IT
27442,jesmsjc,"tcp, udp",Job controller service,IANA,IT
27504,kopek-httphead,"tcp, udp",Kopek HTTP Head Port,IANA,IT
27782,ars-vista,"tcp, udp",ARS VISTA Application,IANA,IT
27876,astrolink,"tcp, udp",Astrolink Protocol,IANA,IT
27999,tw-auth-key,"tcp, udp","Attribute Certificate Services, TW Authentication/Key Distribution and",IANA,IT
28000,nxlmd,"tcp, udp",NX License Manager,IANA,IT
28001,pqsp,"tcp, udp",PQ Service,IANA,IT
28010,gruber-cashreg,"tcp, udp",Gruber cash registry protocol,IANA,IT
28011,,,Unassigned,IANA,IT
28012,,,Unassigned,IANA,IT
28013,,,Unassigned,IANA,IT
28014,,,Unassigned,IANA,IT
28015,,,Unassigned,IANA,IT
28016,,,Unassigned,IANA,IT
28017,,,Unassigned,IANA,IT
28018,,,Unassigned,IANA,IT
28019,,,Unassigned,IANA,IT
28020,,,Unassigned,IANA,IT
28021,,,Unassigned,IANA,IT
28022,,,Unassigned,IANA,IT
28023,,,Unassigned,IANA,IT
28024,,,Unassigned,IANA,IT
28025,,,Unassigned,IANA,IT
28026,,,Unassigned,IANA,IT
28027,,,Unassigned,IANA,IT
28028,,,Unassigned,IANA,IT
28029,,,Unassigned,IANA,IT
28030,,,Unassigned,IANA,IT
28031,,,Unassigned,IANA,IT
28032,,,Unassigned,IANA,IT
28033,,,Unassigned,IANA,IT
28034,,,Unassigned,IANA,IT
28035,,,Unassigned,IANA,IT
28036,,,Unassigned,IANA,IT
28037,,,Unassigned,IANA,IT
28038,,,Unassigned,IANA,IT
28039,,,Unassigned,IANA,IT
28040,,,Unassigned,IANA,IT
28041,,,Unassigned,IANA,IT
28042,,,Unassigned,IANA,IT
28043,,,Unassigned,IANA,IT
28044,,,Unassigned,IANA,IT
28045,,,Unassigned,IANA,IT
28046,,,Unassigned,IANA,IT
28047,,,Unassigned,IANA,IT
28048,,,Unassigned,IANA,IT
28049,,,Unassigned,IANA,IT
28050,,,Unassigned,IANA,IT
28051,,,Unassigned,IANA,IT
28052,,,Unassigned,IANA,IT
28053,,,Unassigned,IANA,IT
28054,,,Unassigned,IANA,IT
28055,,,Unassigned,IANA,IT
28056,,,Unassigned,IANA,IT
28057,,,Unassigned,IANA,IT
28058,,,Unassigned,IANA,IT
28059,,,Unassigned,IANA,IT
28060,,,Unassigned,IANA,IT
28061,,,Unassigned,IANA,IT
28062,,,Unassigned,IANA,IT
28063,,,Unassigned,IANA,IT
28064,,,Unassigned,IANA,IT
28065,,,Unassigned,IANA,IT
28066,,,Unassigned,IANA,IT
28067,,,Unassigned,IANA,IT
28068,,,Unassigned,IANA,IT
28069,,,Unassigned,IANA,IT
28070,,,Unassigned,IANA,IT
28071,,,Unassigned,IANA,IT
28072,,,Unassigned,IANA,IT
28073,,,Unassigned,IANA,IT
28074,,,Unassigned,IANA,IT
28075,,,Unassigned,IANA,IT
28076,,,Unassigned,IANA,IT
28077,,,Unassigned,IANA,IT
28078,,,Unassigned,IANA,IT
28079,,,Unassigned,IANA,IT
28080,thor-engine,"tcp, udp",thor/server - ML engine,IANA,IT
28119,a27-ran-ran,"tcp, udp",A27 cdma2000 RAN Management,IANA,IT
28200,voxelstorm,"tcp, udp",VoxelStorm game server,IANA,IT
28240,siemensgsm,"tcp, udp",Siemens GSM,IANA,IT
28589,bosswave,"tcp, udp",Building operating system services wide area verified exchange,IANA,IT
29000,saltd-licensing,"tcp, udp",Siemens Licensing Server,IANA,IT
29118,sgsap,"sctp, tcp, udp",SGsAP in 3GPP,IANA,IT
29167,otmp,"tcp, udp",ObTools Message Protocol,IANA,IT
29168,sbcap,"sctp, tcp, udp",SBcAP in 3GPP,IANA,IT
29169,iuhsctpassoc,sctp,HNBAP and RUA Common Association,IANA,IT
29999,bingbang,"tcp, udp",data exchange protocol for IEC61850 in wind power plants,IANA,IT
30000,ndmps,"tcp, udp",Secure Network Data Management Protocol,IANA,IT
30001,pago-services1,"tcp, udp",Pago Services 1,IANA,IT
30002,pago-services2,"tcp, udp",Pago Services 2,IANA,IT
30003,amicon-fpsu-ra,"tcp, udp",Amicon FPSU-IP Remote Administration,IANA,IT
30004,amicon-fpsu-s,"tcp, udp",Amicon FPSU-IP VPN,IANA,IT
30100,rwp,"sctp, tcp, udp",Remote Window Protocol,IANA,IT
30260,kingdomsonline,"tcp, udp",Kingdoms Online (CraigAvenue),IANA,IT
30400,gs-realtime,"tcp, udp",GroundStar RealTime System,IANA,IT
30832,samsung-disc,"tcp, udp",Samsung Convergence Discovery Protocol,IANA,IT
30999,ovobs,"tcp, udp",OpenView Service Desk Client,IANA,IT
31016,"ka-kdp, ka-sddp","tcp, udp","Kollective Agent Kollective Delivery Protocol, Kollective Agent Secure Distributed Delivery Protocol",IANA,IT
31020,autotrac-acp,"tcp, udp",Autotrac ACP 245,IANA,IT
31029,yawn,"tcp, udp",YaWN - Yet Another Windows Notifier,IANA,IT
31337,eldim,"tcp, udp",eldim is a secure file upload proxy,IANA,IT
31400,pace-licensed,"tcp, udp",PACE license server,IANA,IT
31416,xqosd,"tcp, udp",XQoS network monitor,IANA,IT
31457,tetrinet,"tcp, udp",TetriNET Protocol,IANA,IT
31620,lm-mon,"tcp, udp",lm mon,IANA,IT
31685,"dsx-monitor, dsx_monitor","tcp, udp","DS Expert Monitor, DS Expert Monitor
IANA assigned this well-formed service name as a replacement for ""dsx_monitor"".",IANA,IT
31765,gamesmith-port,"tcp, udp",GameSmith Port,IANA,IT
31948,"iceedcp_tx, iceedcp-tx","tcp, udp","Embedded Device Configuration Protocol TX, Embedded Device Configuration Protocol TX
IANA assigned this well-formed service name as a replacement for ""iceedcp_tx"".",IANA,IT
31949,"iceedcp_rx, iceedcp-rx","tcp, udp","Embedded Device Configuration Protocol RX, Embedded Device Configuration Protocol RX
IANA assigned this well-formed service name as a replacement for ""iceedcp_rx"".",IANA,IT
32034,iracinghelper,"tcp, udp",iRacing helper service,IANA,IT
32249,t1distproc60,"tcp, udp",T1 Distributed Processor,IANA,IT
32400,plex,"tcp, udp",Plex multimedia,IANA,IT
32483,apm-link,"tcp, udp",Access Point Manager Link,IANA,IT
32635,sec-ntb-clnt,"tcp, udp",SecureNotebook-CLNT,IANA,IT
32636,DMExpress,"tcp, udp",DMExpress,IANA,IT
32767,filenet-powsrm,"tcp, udp",FileNet BPM WS-ReliableMessaging Client,IANA,IT
32768,filenet-tms,"tcp, udp",Filenet TMS,IANA,IT
32769,filenet-rpc,"tcp, udp",Filenet RPC,IANA,IT
32770,filenet-nch,"tcp, udp",Filenet NCH,IANA,IT
32771,filenet-rmi,"tcp, udp","FileNET RMI, FileNet RMI",IANA,IT
32772,filenet-pa,"tcp, udp",FileNET Process Analyzer,IANA,IT
32773,filenet-cm,"tcp, udp",FileNET Component Manager,IANA,IT
32774,filenet-re,"tcp, udp",FileNET Rules Engine,IANA,IT
32775,filenet-pch,"tcp, udp",Performance Clearinghouse,IANA,IT
32776,filenet-peior,"tcp, udp",FileNET BPM IOR,IANA,IT
32777,filenet-obrok,"tcp, udp",FileNet BPM CORBA,IANA,IT
32801,mlsn,"tcp, udp",Multiple Listing Service Network,IANA,IT
32811,retp,"tcp, udp",Real Estate Transport Protocol,IANA,IT
32896,idmgratm,"tcp, udp",Attachmate ID Manager,IANA,IT
33000,wg-endpt-comms,"tcp, udp",WatchGuard Endpoint Communications,IANA,IT
33060,mysqlx,"tcp, udp",MySQL Database Extended Interface,IANA,IT
33123,aurora-balaena,"tcp, udp",Aurora (Balaena Ltd),IANA,IT
33331,diamondport,"tcp, udp",DiamondCentral Interface,IANA,IT
33333,dgi-serv,"tcp, udp",Digital Gaslight Service,IANA,IT
33334,"speedtrace, speedtrace-disc","tcp, udp","SpeedTrace TraceAgent Discovery, SpeedTrace TraceAgent",IANA,IT
33434,traceroute,"tcp, udp",traceroute use,IANA,IT
33435,mtrace,"tcp, udp",IP Multicast Traceroute,IANA,IT
33436,,,Unassigned,IANA,IT
33437,,,Unassigned,IANA,IT
33438,,,Unassigned,IANA,IT
33439,,,Unassigned,IANA,IT
33440,,,Unassigned,IANA,IT
33441,,,Unassigned,IANA,IT
33442,,,Unassigned,IANA,IT
33443,,,Unassigned,IANA,IT
33444,,,Unassigned,IANA,IT
33445,,,Unassigned,IANA,IT
33446,,,Unassigned,IANA,IT
33447,,,Unassigned,IANA,IT
33448,,,Unassigned,IANA,IT
33449,,,Unassigned,IANA,IT
33450,,,Unassigned,IANA,IT
33451,,,Unassigned,IANA,IT
33452,,,Unassigned,IANA,IT
33453,,,Unassigned,IANA,IT
33454,,,Unassigned,IANA,IT
33455,,,Unassigned,IANA,IT
33456,,,Unassigned,IANA,IT
33457,,,Unassigned,IANA,IT
33458,,,Unassigned,IANA,IT
33459,,,Unassigned,IANA,IT
33460,,,Unassigned,IANA,IT
33461,,,Unassigned,IANA,IT
33462,,,Unassigned,IANA,IT
33463,,,Unassigned,IANA,IT
33464,,,Unassigned,IANA,IT
33465,,,Unassigned,IANA,IT
33466,,,Unassigned,IANA,IT
33467,,,Unassigned,IANA,IT
33468,,,Unassigned,IANA,IT
33469,,,Unassigned,IANA,IT
33470,,,Unassigned,IANA,IT
33471,,,Unassigned,IANA,IT
33472,,,Unassigned,IANA,IT
33473,,,Unassigned,IANA,IT
33474,,,Unassigned,IANA,IT
33475,,,Unassigned,IANA,IT
33476,,,Unassigned,IANA,IT
33477,,,Unassigned,IANA,IT
33478,,,Unassigned,IANA,IT
33479,,,Unassigned,IANA,IT
33480,,,Unassigned,IANA,IT
33481,,,Unassigned,IANA,IT
33482,,,Unassigned,IANA,IT
33483,,,Unassigned,IANA,IT
33484,,,Unassigned,IANA,IT
33485,,,Unassigned,IANA,IT
33486,,,Unassigned,IANA,IT
33487,,,Unassigned,IANA,IT
33488,,,Unassigned,IANA,IT
33489,,,Unassigned,IANA,IT
33490,,,Unassigned,IANA,IT
33491,,,Unassigned,IANA,IT
33492,,,Unassigned,IANA,IT
33493,,,Unassigned,IANA,IT
33494,,,Unassigned,IANA,IT
33495,,,Unassigned,IANA,IT
33496,,,Unassigned,IANA,IT
33497,,,Unassigned,IANA,IT
33498,,,Unassigned,IANA,IT
33499,,,Unassigned,IANA,IT
33500,,,Unassigned,IANA,IT
33501,,,Unassigned,IANA,IT
33502,,,Unassigned,IANA,IT
33503,,,Unassigned,IANA,IT
33504,,,Unassigned,IANA,IT
33505,,,Unassigned,IANA,IT
33506,,,Unassigned,IANA,IT
33507,,,Unassigned,IANA,IT
33508,,,Unassigned,IANA,IT
33509,,,Unassigned,IANA,IT
33510,,,Unassigned,IANA,IT
33511,,,Unassigned,IANA,IT
33512,,,Unassigned,IANA,IT
33513,,,Unassigned,IANA,IT
33514,,,Unassigned,IANA,IT
33515,,,Unassigned,IANA,IT
33516,,,Unassigned,IANA,IT
33517,,,Unassigned,IANA,IT
33518,,,Unassigned,IANA,IT
33519,,,Unassigned,IANA,IT
33520,,,Unassigned,IANA,IT
33521,,,Unassigned,IANA,IT
33522,,,Unassigned,IANA,IT
33523,,,Unassigned,IANA,IT
33524,,,Unassigned,IANA,IT
33525,,,Unassigned,IANA,IT
33526,,,Unassigned,IANA,IT
33527,,,Unassigned,IANA,IT
33528,,,Unassigned,IANA,IT
33529,,,Unassigned,IANA,IT
33530,,,Unassigned,IANA,IT
33531,,,Unassigned,IANA,IT
33532,,,Unassigned,IANA,IT
33533,,,Unassigned,IANA,IT
33534,,,Unassigned,IANA,IT
33535,,,Unassigned,IANA,IT
33536,,,Unassigned,IANA,IT
33537,,,Unassigned,IANA,IT
33538,,,Unassigned,IANA,IT
33539,,,Unassigned,IANA,IT
33540,,,Unassigned,IANA,IT
33541,,,Unassigned,IANA,IT
33542,,,Unassigned,IANA,IT
33543,,,Unassigned,IANA,IT
33544,,,Unassigned,IANA,IT
33545,,,Unassigned,IANA,IT
33546,,,Unassigned,IANA,IT
33547,,,Unassigned,IANA,IT
33548,,,Unassigned,IANA,IT
33549,,,Unassigned,IANA,IT
33550,,,Unassigned,IANA,IT
33551,,,Unassigned,IANA,IT
33552,,,Unassigned,IANA,IT
33553,,,Unassigned,IANA,IT
33554,,,Unassigned,IANA,IT
33555,,,Unassigned,IANA,IT
33556,,,Unassigned,IANA,IT
33557,,,Unassigned,IANA,IT
33558,,,Unassigned,IANA,IT
33559,,,Unassigned,IANA,IT
33560,,,Unassigned,IANA,IT
33561,,,Unassigned,IANA,IT
33562,,,Unassigned,IANA,IT
33563,,,Unassigned,IANA,IT
33564,,,Unassigned,IANA,IT
33565,,,Unassigned,IANA,IT
33566,,,Unassigned,IANA,IT
33567,,,Unassigned,IANA,IT
33568,,,Unassigned,IANA,IT
33569,,,Unassigned,IANA,IT
33570,,,Unassigned,IANA,IT
33571,,,Unassigned,IANA,IT
33572,,,Unassigned,IANA,IT
33573,,,Unassigned,IANA,IT
33574,,,Unassigned,IANA,IT
33575,,,Unassigned,IANA,IT
33576,,,Unassigned,IANA,IT
33577,,,Unassigned,IANA,IT
33578,,,Unassigned,IANA,IT
33579,,,Unassigned,IANA,IT
33580,,,Unassigned,IANA,IT
33581,,,Unassigned,IANA,IT
33582,,,Unassigned,IANA,IT
33583,,,Unassigned,IANA,IT
33584,,,Unassigned,IANA,IT
33585,,,Unassigned,IANA,IT
33586,,,Unassigned,IANA,IT
33587,,,Unassigned,IANA,IT
33588,,,Unassigned,IANA,IT
33589,,,Unassigned,IANA,IT
33590,,,Unassigned,IANA,IT
33591,,,Unassigned,IANA,IT
33592,,,Unassigned,IANA,IT
33593,,,Unassigned,IANA,IT
33594,,,Unassigned,IANA,IT
33595,,,Unassigned,IANA,IT
33596,,,Unassigned,IANA,IT
33597,,,Unassigned,IANA,IT
33598,,,Unassigned,IANA,IT
33599,,,Unassigned,IANA,IT
33600,,,Unassigned,IANA,IT
33601,,,Unassigned,IANA,IT
33602,,,Unassigned,IANA,IT
33603,,,Unassigned,IANA,IT
33604,,,Unassigned,IANA,IT
33605,,,Unassigned,IANA,IT
33606,,,Unassigned,IANA,IT
33607,,,Unassigned,IANA,IT
33608,,,Unassigned,IANA,IT
33609,,,Unassigned,IANA,IT
33610,,,Unassigned,IANA,IT
33611,,,Unassigned,IANA,IT
33612,,,Unassigned,IANA,IT
33613,,,Unassigned,IANA,IT
33614,,,Unassigned,IANA,IT
33615,,,Unassigned,IANA,IT
33616,,,Unassigned,IANA,IT
33617,,,Unassigned,IANA,IT
33618,,,Unassigned,IANA,IT
33619,,,Unassigned,IANA,IT
33620,,,Unassigned,IANA,IT
33621,,,Unassigned,IANA,IT
33622,,,Unassigned,IANA,IT
33623,,,Unassigned,IANA,IT
33624,,,Unassigned,IANA,IT
33625,,,Unassigned,IANA,IT
33626,,,Unassigned,IANA,IT
33627,,,Unassigned,IANA,IT
33628,,,Unassigned,IANA,IT
33629,,,Unassigned,IANA,IT
33630,,,Unassigned,IANA,IT
33631,,,Unassigned,IANA,IT
33632,,,Unassigned,IANA,IT
33633,,,Unassigned,IANA,IT
33634,,,Unassigned,IANA,IT
33635,,,Unassigned,IANA,IT
33636,,,Unassigned,IANA,IT
33637,,,Unassigned,IANA,IT
33638,,,Unassigned,IANA,IT
33639,,,Unassigned,IANA,IT
33640,,,Unassigned,IANA,IT
33641,,,Unassigned,IANA,IT
33642,,,Unassigned,IANA,IT
33643,,,Unassigned,IANA,IT
33644,,,Unassigned,IANA,IT
33645,,,Unassigned,IANA,IT
33646,,,Unassigned,IANA,IT
33647,,,Unassigned,IANA,IT
33648,,,Unassigned,IANA,IT
33649,,,Unassigned,IANA,IT
33650,,,Unassigned,IANA,IT
33651,,,Unassigned,IANA,IT
33652,,,Unassigned,IANA,IT
33653,,,Unassigned,IANA,IT
33654,,,Unassigned,IANA,IT
33655,,,Unassigned,IANA,IT
33656,snip-slave,"tcp, udp",SNIP Slave,IANA,IT
33890,digilent-adept,"tcp, udp",Adept IP protocol,IANA,IT
34249,turbonote-2,"tcp, udp",TurboNote Relay Server Default Port,IANA,IT
34378,p-net-local,"tcp, udp",P-Net on IP local,IANA,IT
34379,p-net-remote,"tcp, udp",P-Net on IP remote,IANA,IT
34567,"edi_service, dhanalakshmi","tcp, udp",dhanalakshmi.org EDI Service,IANA,IT
34962,profinet-rt,"tcp, udp",PROFInet RT Unicast,IANA,IT
34963,profinet-rtm,"tcp, udp",PROFInet RT Multicast,IANA,IT
34964,profinet-cm,"tcp, udp",PROFInet Context Manager,IANA,IT
34980,ethercat,"tcp, udp",EtherCAT Port,IANA,IT
35000,heathview,"tcp, udp",HeathView,IANA,IT
35001,rt-viewer,"tcp, udp",ReadyTech Viewer,IANA,IT
35002,rt-sound,"tcp, udp",ReadyTech Sound Server,IANA,IT
35003,rt-devicemapper,"tcp, udp",ReadyTech DeviceMapper Server,IANA,IT
35004,rt-classmanager,"tcp, udp",ReadyTech ClassManager,IANA,IT
35005,rt-labtracker,"tcp, udp",ReadyTech LabTracker,IANA,IT
35006,rt-helper,"tcp, udp",ReadyTech Helper Service,IANA,IT
35100,axio-disc,"tcp, udp",Axiomatic discovery protocol,IANA,IT
35354,kitim,"tcp, udp",KIT Messenger,IANA,IT
35355,"altova-lm-disc, altova-lm","tcp, udp","Altova License Management, Altova License Management Discovery",IANA,IT
35356,guttersnex,"tcp, udp",Gutters Note Exchange,IANA,IT
35357,openstack-id,"tcp, udp",OpenStack ID Service,IANA,IT
36001,allpeers,"tcp, udp",AllPeers Network,IANA,IT
36411,wlcp,"tcp, udp",Wireless LAN Control plane Protocol (WLCP),IANA,IT
36412,s1-control,"sctp, tcp, udp",S1-Control Plane (3GPP),IANA,IT
36422,x2-control,"sctp, tcp, udp",X2-Control Plane (3GPP),IANA,IT
36423,slmap,sctp,SLm Interface Application Protocol,IANA,IT
36424,nq-ap,sctp,Nq and Nq' Application Protocol,IANA,IT
36443,m2ap,sctp,M2 Application Part,IANA,IT
36444,m3ap,sctp,M3 Application Part,IANA,IT
36462,xw-control,"sctp, tcp, udp",Xw-Control Plane (3GPP),IANA,IT
36524,febooti-aw,"tcp, udp",Febooti Automation Workshop,IANA,IT
36602,observium-agent,"tcp, udp",Observium statistics collection agent,IANA,IT
36700,mapx,"tcp, udp",MapX communication,IANA,IT
36865,kastenxpipe,"tcp, udp",KastenX Pipe,IANA,IT
37472,3gpp-w1ap,"sctp, tcp, udp",W1 signalling transport,IANA,IT
37475,neckar,"tcp, udp",science + computing's Venus Administration Port,IANA,IT
37483,gdrive-sync,"tcp, udp",Google Drive Sync,IANA,IT
37601,eftp,"tcp, udp",Epipole File Transfer Protocol,IANA,IT
37654,unisys-eportal,"tcp, udp",Unisys ClearPath ePortal,IANA,IT
38000,"ivs-database, SNC GENe","tcp, udp","InfoVista Server Database, SNC GENe","IANA, https://github.com/ITI/ICS-Security-Tools/tree/master/protocols","IT, ICS"
38001,"ivs-insertion, SNC GENe","tcp, udp","InfoVista Server Insertion, SNC GENe","IANA, https://github.com/ITI/ICS-Security-Tools/tree/master/protocols","IT, ICS"
38002,"cresco-control, crescoctrl-disc","tcp, udp","Cresco Controller, Cresco Controller Discovery",IANA,IT
38011,SNC GENe,tcp,SNC GENe,https://github.com/ITI/ICS-Security-Tools/tree/master/protocols,ICS
38012,SNC GENe,tcp,SNC GENe,https://github.com/ITI/ICS-Security-Tools/tree/master/protocols,ICS
38014,SNC GENe,tcp,SNC GENe,https://github.com/ITI/ICS-Security-Tools/tree/master/protocols,ICS
38015,SNC GENe,tcp,SNC GENe,https://github.com/ITI/ICS-Security-Tools/tree/master/protocols,ICS
38200,SNC GENe,tcp,SNC GENe,https://github.com/ITI/ICS-Security-Tools/tree/master/protocols,ICS
38201,galaxy7-data,"tcp, udp",Galaxy7 Data Tunnel,IANA,IT
38202,fairview,"tcp, udp",Fairview Message Service,IANA,IT
38203,agpolicy,"tcp, udp",AppGate Policy Server,IANA,IT
38210,SNC GENe,tcp,SNC GENe,https://github.com/ITI/ICS-Security-Tools/tree/master/protocols,ICS
38301,SNC GENe,tcp,SNC GENe,https://github.com/ITI/ICS-Security-Tools/tree/master/protocols,ICS
38400,SNC GENe,tcp,SNC GENe,https://github.com/ITI/ICS-Security-Tools/tree/master/protocols,ICS
38412,ng-control,"sctp, tcp, udp",NG Control Plane (3GPP),IANA,IT
38422,xn-control,"sctp, tcp, udp",Xn Control Plane (3GPP),IANA,IT
38462,e1-interface,"sctp, tcp, udp",E1 signalling transport (3GPP),IANA,IT
38472,f1-control,"sctp, tcp, udp",F1 Control Plane (3GPP),IANA,IT
38589,ABB Ranger 2003,tcp,ABB Ranger 2003,https://github.com/ITI/ICS-Security-Tools/tree/master/protocols,ICS
38593,ABB Ranger 2003,tcp,ABB Ranger 2003,https://github.com/ITI/ICS-Security-Tools/tree/master/protocols,ICS
38600,ABB Ranger 2003,tcp,ABB Ranger 2003,https://github.com/ITI/ICS-Security-Tools/tree/master/protocols,ICS
38638,psqlmws,"tcp, udp",Premier SQL Middleware Server,IANA,IT
38700,SNC GENe,tcp,SNC GENe,https://github.com/ITI/ICS-Security-Tools/tree/master/protocols,ICS
38800,sruth,"tcp, udp","Sruth is a service for the distribution of routinely-
      generated but arbitrary files based on a publish/subscribe
      distribution model and implemented using a peer-to-peer transport
      mechanism",IANA,IT
38865,secrmmsafecopya,"tcp, udp",Security approval process for use of the secRMM SafeCopy program,IANA,IT
38971,ABB Ranger 2003,tcp,ABB Ranger 2003,https://github.com/ITI/ICS-Security-Tools/tree/master/protocols,ICS
39063,vroa,"tcp, udp",Children's hearing test/Telemedicine,IANA,IT
39129,ABB Ranger 2003,tcp,ABB Ranger 2003,https://github.com/ITI/ICS-Security-Tools/tree/master/protocols,ICS
39278,ABB Ranger 2003,tcp,ABB Ranger 2003,https://github.com/ITI/ICS-Security-Tools/tree/master/protocols,ICS
39681,turbonote-1,"tcp, udp",TurboNote Default Port,IANA,IT
40000,safetynetp,"tcp, udp",SafetyNET p,IANA,IT
40023,k-patentssensor,"tcp, udp",K-PatentsSensorInformation,IANA,IT
40404,sptx,"tcp, udp",Simplify Printing TX,IANA,IT
40841,cscp,"tcp, udp",CSCP,IANA,IT
40842,csccredir,"tcp, udp",CSCCREDIR,IANA,IT
40843,csccfirewall,"tcp, udp",CSCCFIREWALL,IANA,IT
40853,ortec-disc,"tcp, udp",ORTEC Service Discovery,IANA,IT
41111,fs-qos,"tcp, udp",Foursticks QoS Protocol,IANA,IT
41121,tentacle,"tcp, udp",Tentacle Server,IANA,IT
41230,z-wave-s,"tcp, udp","Z-Wave Protocol over DTLS, Z-Wave Protocol over SSL/TLS",IANA,IT
41794,crestron-cip,"tcp, udp",Crestron Control Port,IANA,IT
41795,crestron-ctp,"tcp, udp",Crestron Terminal Port,IANA,IT
41796,crestron-cips,"tcp, udp",Crestron Secure Control Port,IANA,IT
41797,crestron-ctps,"tcp, udp",Crestron Secure Terminal Port,IANA,IT
41798,,,Unassigned,IANA,IT
41799,,,Unassigned,IANA,IT
41800,,,Unassigned,IANA,IT
41801,,,Unassigned,IANA,IT
41802,,,Unassigned,IANA,IT
41803,,,Unassigned,IANA,IT
41804,,,Unassigned,IANA,IT
41805,,,Unassigned,IANA,IT
41806,,,Unassigned,IANA,IT
41807,,,Unassigned,IANA,IT
41808,,,Unassigned,IANA,IT
41809,,,Unassigned,IANA,IT
41810,,,Unassigned,IANA,IT
41811,,,Unassigned,IANA,IT
41812,,,Unassigned,IANA,IT
41813,,,Unassigned,IANA,IT
41814,,,Unassigned,IANA,IT
41815,,,Unassigned,IANA,IT
41816,,,Unassigned,IANA,IT
41817,,,Unassigned,IANA,IT
41818,,,Unassigned,IANA,IT
41819,,,Unassigned,IANA,IT
41820,,,Unassigned,IANA,IT
41821,,,Unassigned,IANA,IT
41822,,,Unassigned,IANA,IT
41823,,,Unassigned,IANA,IT
41824,,,Unassigned,IANA,IT
41825,,,Unassigned,IANA,IT
41826,,,Unassigned,IANA,IT
41827,,,Unassigned,IANA,IT
41828,,,Unassigned,IANA,IT
41829,,,Unassigned,IANA,IT
41830,,,Unassigned,IANA,IT
41831,,,Unassigned,IANA,IT
41832,,,Unassigned,IANA,IT
41833,,,Unassigned,IANA,IT
41834,,,Unassigned,IANA,IT
41835,,,Unassigned,IANA,IT
41836,,,Unassigned,IANA,IT
41837,,,Unassigned,IANA,IT
41838,,,Unassigned,IANA,IT
41839,,,Unassigned,IANA,IT
41840,,,Unassigned,IANA,IT
41841,,,Unassigned,IANA,IT
41842,,,Unassigned,IANA,IT
41843,,,Unassigned,IANA,IT
41844,,,Unassigned,IANA,IT
41845,,,Unassigned,IANA,IT
41846,,,Unassigned,IANA,IT
41847,,,Unassigned,IANA,IT
41848,,,Unassigned,IANA,IT
41849,,,Unassigned,IANA,IT
41850,,,Unassigned,IANA,IT
41851,,,Unassigned,IANA,IT
41852,,,Unassigned,IANA,IT
41853,,,Unassigned,IANA,IT
41854,,,Unassigned,IANA,IT
41855,,,Unassigned,IANA,IT
41856,,,Unassigned,IANA,IT
41857,,,Unassigned,IANA,IT
41858,,,Unassigned,IANA,IT
41859,,,Unassigned,IANA,IT
41860,,,Unassigned,IANA,IT
41861,,,Unassigned,IANA,IT
41862,,,Unassigned,IANA,IT
41863,,,Unassigned,IANA,IT
41864,,,Unassigned,IANA,IT
41865,,,Unassigned,IANA,IT
41866,,,Unassigned,IANA,IT
41867,,,Unassigned,IANA,IT
41868,,,Unassigned,IANA,IT
41869,,,Unassigned,IANA,IT
41870,,,Unassigned,IANA,IT
41871,,,Unassigned,IANA,IT
41872,,,Unassigned,IANA,IT
41873,,,Unassigned,IANA,IT
41874,,,Unassigned,IANA,IT
41875,,,Unassigned,IANA,IT
41876,,,Unassigned,IANA,IT
41877,,,Unassigned,IANA,IT
41878,,,Unassigned,IANA,IT
41879,,,Unassigned,IANA,IT
41880,,,Unassigned,IANA,IT
41881,,,Unassigned,IANA,IT
41882,,,Unassigned,IANA,IT
41883,,,Unassigned,IANA,IT
41884,,,Unassigned,IANA,IT
41885,,,Unassigned,IANA,IT
41886,,,Unassigned,IANA,IT
41887,,,Unassigned,IANA,IT
41888,,,Unassigned,IANA,IT
41889,,,Unassigned,IANA,IT
41890,,,Unassigned,IANA,IT
41891,,,Unassigned,IANA,IT
41892,,,Unassigned,IANA,IT
41893,,,Unassigned,IANA,IT
41894,,,Unassigned,IANA,IT
41895,,,Unassigned,IANA,IT
41896,,,Unassigned,IANA,IT
41897,,,Unassigned,IANA,IT
41898,,,Unassigned,IANA,IT
41899,,,Unassigned,IANA,IT
41900,,,Unassigned,IANA,IT
41901,,,Unassigned,IANA,IT
41902,,,Unassigned,IANA,IT
41903,,,Unassigned,IANA,IT
41904,,,Unassigned,IANA,IT
41905,,,Unassigned,IANA,IT
41906,,,Unassigned,IANA,IT
41907,,,Unassigned,IANA,IT
41908,,,Unassigned,IANA,IT
41909,,,Unassigned,IANA,IT
41910,,,Unassigned,IANA,IT
41911,,,Unassigned,IANA,IT
41912,,,Unassigned,IANA,IT
41913,,,Unassigned,IANA,IT
41914,,,Unassigned,IANA,IT
41915,,,Unassigned,IANA,IT
41916,,,Unassigned,IANA,IT
41917,,,Unassigned,IANA,IT
41918,,,Unassigned,IANA,IT
41919,,,Unassigned,IANA,IT
41920,,,Unassigned,IANA,IT
41921,,,Unassigned,IANA,IT
41922,,,Unassigned,IANA,IT
41923,,,Unassigned,IANA,IT
41924,,,Unassigned,IANA,IT
41925,,,Unassigned,IANA,IT
41926,,,Unassigned,IANA,IT
41927,,,Unassigned,IANA,IT
41928,,,Unassigned,IANA,IT
41929,,,Unassigned,IANA,IT
41930,,,Unassigned,IANA,IT
41931,,,Unassigned,IANA,IT
41932,,,Unassigned,IANA,IT
41933,,,Unassigned,IANA,IT
41934,,,Unassigned,IANA,IT
41935,,,Unassigned,IANA,IT
41936,,,Unassigned,IANA,IT
41937,,,Unassigned,IANA,IT
41938,,,Unassigned,IANA,IT
41939,,,Unassigned,IANA,IT
41940,,,Unassigned,IANA,IT
41941,,,Unassigned,IANA,IT
41942,,,Unassigned,IANA,IT
41943,,,Unassigned,IANA,IT
41944,,,Unassigned,IANA,IT
41945,,,Unassigned,IANA,IT
41946,,,Unassigned,IANA,IT
41947,,,Unassigned,IANA,IT
41948,,,Unassigned,IANA,IT
41949,,,Unassigned,IANA,IT
41950,,,Unassigned,IANA,IT
41951,,,Unassigned,IANA,IT
41952,,,Unassigned,IANA,IT
41953,,,Unassigned,IANA,IT
41954,,,Unassigned,IANA,IT
41955,,,Unassigned,IANA,IT
41956,,,Unassigned,IANA,IT
41957,,,Unassigned,IANA,IT
41958,,,Unassigned,IANA,IT
41959,,,Unassigned,IANA,IT
41960,,,Unassigned,IANA,IT
41961,,,Unassigned,IANA,IT
41962,,,Unassigned,IANA,IT
41963,,,Unassigned,IANA,IT
41964,,,Unassigned,IANA,IT
41965,,,Unassigned,IANA,IT
41966,,,Unassigned,IANA,IT
41967,,,Unassigned,IANA,IT
41968,,,Unassigned,IANA,IT
41969,,,Unassigned,IANA,IT
41970,,,Unassigned,IANA,IT
41971,,,Unassigned,IANA,IT
41972,,,Unassigned,IANA,IT
41973,,,Unassigned,IANA,IT
41974,,,Unassigned,IANA,IT
41975,,,Unassigned,IANA,IT
41976,,,Unassigned,IANA,IT
41977,,,Unassigned,IANA,IT
41978,,,Unassigned,IANA,IT
41979,,,Unassigned,IANA,IT
41980,,,Unassigned,IANA,IT
41981,,,Unassigned,IANA,IT
41982,,,Unassigned,IANA,IT
41983,,,Unassigned,IANA,IT
41984,,,Unassigned,IANA,IT
41985,,,Unassigned,IANA,IT
41986,,,Unassigned,IANA,IT
41987,,,Unassigned,IANA,IT
41988,,,Unassigned,IANA,IT
41989,,,Unassigned,IANA,IT
41990,,,Unassigned,IANA,IT
41991,,,Unassigned,IANA,IT
41992,,,Unassigned,IANA,IT
41993,,,Unassigned,IANA,IT
41994,,,Unassigned,IANA,IT
41995,,,Unassigned,IANA,IT
41996,,,Unassigned,IANA,IT
41997,,,Unassigned,IANA,IT
41998,,,Unassigned,IANA,IT
41999,,,Unassigned,IANA,IT
42000,,,Unassigned,IANA,IT
42001,,,Unassigned,IANA,IT
42002,,,Unassigned,IANA,IT
42003,,,Unassigned,IANA,IT
42004,,,Unassigned,IANA,IT
42005,,,Unassigned,IANA,IT
42006,,,Unassigned,IANA,IT
42007,,,Unassigned,IANA,IT
42008,,,Unassigned,IANA,IT
42009,,,Unassigned,IANA,IT
42010,,,Unassigned,IANA,IT
42011,,,Unassigned,IANA,IT
42012,,,Unassigned,IANA,IT
42013,,,Unassigned,IANA,IT
42014,,,Unassigned,IANA,IT
42015,,,Unassigned,IANA,IT
42016,,,Unassigned,IANA,IT
42017,,,Unassigned,IANA,IT
42018,,,Unassigned,IANA,IT
42019,,,Unassigned,IANA,IT
42020,,,Unassigned,IANA,IT
42021,,,Unassigned,IANA,IT
42022,,,Unassigned,IANA,IT
42023,,,Unassigned,IANA,IT
42024,,,Unassigned,IANA,IT
42025,,,Unassigned,IANA,IT
42026,,,Unassigned,IANA,IT
42027,,,Unassigned,IANA,IT
42028,,,Unassigned,IANA,IT
42029,,,Unassigned,IANA,IT
42030,,,Unassigned,IANA,IT
42031,,,Unassigned,IANA,IT
42032,,,Unassigned,IANA,IT
42033,,,Unassigned,IANA,IT
42034,,,Unassigned,IANA,IT
42035,,,Unassigned,IANA,IT
42036,,,Unassigned,IANA,IT
42037,,,Unassigned,IANA,IT
42038,,,Unassigned,IANA,IT
42039,,,Unassigned,IANA,IT
42040,,,Unassigned,IANA,IT
42041,,,Unassigned,IANA,IT
42042,,,Unassigned,IANA,IT
42043,,,Unassigned,IANA,IT
42044,,,Unassigned,IANA,IT
42045,,,Unassigned,IANA,IT
42046,,,Unassigned,IANA,IT
42047,,,Unassigned,IANA,IT
42048,,,Unassigned,IANA,IT
42049,,,Unassigned,IANA,IT
42050,,,Unassigned,IANA,IT
42051,,,Unassigned,IANA,IT
42052,,,Unassigned,IANA,IT
42053,,,Unassigned,IANA,IT
42054,,,Unassigned,IANA,IT
42055,,,Unassigned,IANA,IT
42056,,,Unassigned,IANA,IT
42057,,,Unassigned,IANA,IT
42058,,,Unassigned,IANA,IT
42059,,,Unassigned,IANA,IT
42060,,,Unassigned,IANA,IT
42061,,,Unassigned,IANA,IT
42062,,,Unassigned,IANA,IT
42063,,,Unassigned,IANA,IT
42064,,,Unassigned,IANA,IT
42065,,,Unassigned,IANA,IT
42066,,,Unassigned,IANA,IT
42067,,,Unassigned,IANA,IT
42068,,,Unassigned,IANA,IT
42069,,,Unassigned,IANA,IT
42070,,,Unassigned,IANA,IT
42071,,,Unassigned,IANA,IT
42072,,,Unassigned,IANA,IT
42073,,,Unassigned,IANA,IT
42074,,,Unassigned,IANA,IT
42075,,,Unassigned,IANA,IT
42076,,,Unassigned,IANA,IT
42077,,,Unassigned,IANA,IT
42078,,,Unassigned,IANA,IT
42079,,,Unassigned,IANA,IT
42080,,,Unassigned,IANA,IT
42081,,,Unassigned,IANA,IT
42082,,,Unassigned,IANA,IT
42083,,,Unassigned,IANA,IT
42084,,,Unassigned,IANA,IT
42085,,,Unassigned,IANA,IT
42086,,,Unassigned,IANA,IT
42087,,,Unassigned,IANA,IT
42088,,,Unassigned,IANA,IT
42089,,,Unassigned,IANA,IT
42090,,,Unassigned,IANA,IT
42091,,,Unassigned,IANA,IT
42092,,,Unassigned,IANA,IT
42093,,,Unassigned,IANA,IT
42094,,,Unassigned,IANA,IT
42095,,,Unassigned,IANA,IT
42096,,,Unassigned,IANA,IT
42097,,,Unassigned,IANA,IT
42098,,,Unassigned,IANA,IT
42099,,,Unassigned,IANA,IT
42100,,,Unassigned,IANA,IT
42101,,,Unassigned,IANA,IT
42102,,,Unassigned,IANA,IT
42103,,,Unassigned,IANA,IT
42104,,,Unassigned,IANA,IT
42105,,,Unassigned,IANA,IT
42106,,,Unassigned,IANA,IT
42107,,,Unassigned,IANA,IT
42108,,,Unassigned,IANA,IT
42109,,,Unassigned,IANA,IT
42110,,,Unassigned,IANA,IT
42111,,,Unassigned,IANA,IT
42112,,,Unassigned,IANA,IT
42113,,,Unassigned,IANA,IT
42114,,,Unassigned,IANA,IT
42115,,,Unassigned,IANA,IT
42116,,,Unassigned,IANA,IT
42117,,,Unassigned,IANA,IT
42118,,,Unassigned,IANA,IT
42119,,,Unassigned,IANA,IT
42120,,,Unassigned,IANA,IT
42121,,,Unassigned,IANA,IT
42122,,,Unassigned,IANA,IT
42123,,,Unassigned,IANA,IT
42124,,,Unassigned,IANA,IT
42125,,,Unassigned,IANA,IT
42126,,,Unassigned,IANA,IT
42127,,,Unassigned,IANA,IT
42128,,,Unassigned,IANA,IT
42129,,,Unassigned,IANA,IT
42130,,,Unassigned,IANA,IT
42131,,,Unassigned,IANA,IT
42132,,,Unassigned,IANA,IT
42133,,,Unassigned,IANA,IT
42134,,,Unassigned,IANA,IT
42135,,,Unassigned,IANA,IT
42136,,,Unassigned,IANA,IT
42137,,,Unassigned,IANA,IT
42138,,,Unassigned,IANA,IT
42139,,,Unassigned,IANA,IT
42140,,,Unassigned,IANA,IT
42141,,,Unassigned,IANA,IT
42142,,,Unassigned,IANA,IT
42143,,,Unassigned,IANA,IT
42144,,,Unassigned,IANA,IT
42145,,,Unassigned,IANA,IT
42146,,,Unassigned,IANA,IT
42147,,,Unassigned,IANA,IT
42148,,,Unassigned,IANA,IT
42149,,,Unassigned,IANA,IT
42150,,,Unassigned,IANA,IT
42151,,,Unassigned,IANA,IT
42152,,,Unassigned,IANA,IT
42153,,,Unassigned,IANA,IT
42154,,,Unassigned,IANA,IT
42155,,,Unassigned,IANA,IT
42156,,,Unassigned,IANA,IT
42157,,,Unassigned,IANA,IT
42158,,,Unassigned,IANA,IT
42159,,,Unassigned,IANA,IT
42160,,,Unassigned,IANA,IT
42161,,,Unassigned,IANA,IT
42162,,,Unassigned,IANA,IT
42163,,,Unassigned,IANA,IT
42164,,,Unassigned,IANA,IT
42165,,,Unassigned,IANA,IT
42166,,,Unassigned,IANA,IT
42167,,,Unassigned,IANA,IT
42168,,,Unassigned,IANA,IT
42169,,,Unassigned,IANA,IT
42170,,,Unassigned,IANA,IT
42171,,,Unassigned,IANA,IT
42172,,,Unassigned,IANA,IT
42173,,,Unassigned,IANA,IT
42174,,,Unassigned,IANA,IT
42175,,,Unassigned,IANA,IT
42176,,,Unassigned,IANA,IT
42177,,,Unassigned,IANA,IT
42178,,,Unassigned,IANA,IT
42179,,,Unassigned,IANA,IT
42180,,,Unassigned,IANA,IT
42181,,,Unassigned,IANA,IT
42182,,,Unassigned,IANA,IT
42183,,,Unassigned,IANA,IT
42184,,,Unassigned,IANA,IT
42185,,,Unassigned,IANA,IT
42186,,,Unassigned,IANA,IT
42187,,,Unassigned,IANA,IT
42188,,,Unassigned,IANA,IT
42189,,,Unassigned,IANA,IT
42190,,,Unassigned,IANA,IT
42191,,,Unassigned,IANA,IT
42192,,,Unassigned,IANA,IT
42193,,,Unassigned,IANA,IT
42194,,,Unassigned,IANA,IT
42195,,,Unassigned,IANA,IT
42196,,,Unassigned,IANA,IT
42197,,,Unassigned,IANA,IT
42198,,,Unassigned,IANA,IT
42199,,,Unassigned,IANA,IT
42200,,,Unassigned,IANA,IT
42201,,,Unassigned,IANA,IT
42202,,,Unassigned,IANA,IT
42203,,,Unassigned,IANA,IT
42204,,,Unassigned,IANA,IT
42205,,,Unassigned,IANA,IT
42206,,,Unassigned,IANA,IT
42207,,,Unassigned,IANA,IT
42208,,,Unassigned,IANA,IT
42209,,,Unassigned,IANA,IT
42210,,,Unassigned,IANA,IT
42211,,,Unassigned,IANA,IT
42212,,,Unassigned,IANA,IT
42213,,,Unassigned,IANA,IT
42214,,,Unassigned,IANA,IT
42215,,,Unassigned,IANA,IT
42216,,,Unassigned,IANA,IT
42217,,,Unassigned,IANA,IT
42218,,,Unassigned,IANA,IT
42219,,,Unassigned,IANA,IT
42220,,,Unassigned,IANA,IT
42221,,,Unassigned,IANA,IT
42222,,,Unassigned,IANA,IT
42223,,,Unassigned,IANA,IT
42224,,,Unassigned,IANA,IT
42225,,,Unassigned,IANA,IT
42226,,,Unassigned,IANA,IT
42227,,,Unassigned,IANA,IT
42228,,,Unassigned,IANA,IT
42229,,,Unassigned,IANA,IT
42230,,,Unassigned,IANA,IT
42231,,,Unassigned,IANA,IT
42232,,,Unassigned,IANA,IT
42233,,,Unassigned,IANA,IT
42234,,,Unassigned,IANA,IT
42235,,,Unassigned,IANA,IT
42236,,,Unassigned,IANA,IT
42237,,,Unassigned,IANA,IT
42238,,,Unassigned,IANA,IT
42239,,,Unassigned,IANA,IT
42240,,,Unassigned,IANA,IT
42241,,,Unassigned,IANA,IT
42242,,,Unassigned,IANA,IT
42243,,,Unassigned,IANA,IT
42244,,,Unassigned,IANA,IT
42245,,,Unassigned,IANA,IT
42246,,,Unassigned,IANA,IT
42247,,,Unassigned,IANA,IT
42248,,,Unassigned,IANA,IT
42249,,,Unassigned,IANA,IT
42250,,,Unassigned,IANA,IT
42251,,,Unassigned,IANA,IT
42252,,,Unassigned,IANA,IT
42253,,,Unassigned,IANA,IT
42254,,,Unassigned,IANA,IT
42255,,,Unassigned,IANA,IT
42256,,,Unassigned,IANA,IT
42257,,,Unassigned,IANA,IT
42258,,,Unassigned,IANA,IT
42259,,,Unassigned,IANA,IT
42260,,,Unassigned,IANA,IT
42261,,,Unassigned,IANA,IT
42262,,,Unassigned,IANA,IT
42263,,,Unassigned,IANA,IT
42264,,,Unassigned,IANA,IT
42265,,,Unassigned,IANA,IT
42266,,,Unassigned,IANA,IT
42267,,,Unassigned,IANA,IT
42268,,,Unassigned,IANA,IT
42269,,,Unassigned,IANA,IT
42270,,,Unassigned,IANA,IT
42271,,,Unassigned,IANA,IT
42272,,,Unassigned,IANA,IT
42273,,,Unassigned,IANA,IT
42274,,,Unassigned,IANA,IT
42275,,,Unassigned,IANA,IT
42276,,,Unassigned,IANA,IT
42277,,,Unassigned,IANA,IT
42278,,,Unassigned,IANA,IT
42279,,,Unassigned,IANA,IT
42280,,,Unassigned,IANA,IT
42281,,,Unassigned,IANA,IT
42282,,,Unassigned,IANA,IT
42283,,,Unassigned,IANA,IT
42284,,,Unassigned,IANA,IT
42285,,,Unassigned,IANA,IT
42286,,,Unassigned,IANA,IT
42287,,,Unassigned,IANA,IT
42288,,,Unassigned,IANA,IT
42289,,,Unassigned,IANA,IT
42290,,,Unassigned,IANA,IT
42291,,,Unassigned,IANA,IT
42292,,,Unassigned,IANA,IT
42293,,,Unassigned,IANA,IT
42294,,,Unassigned,IANA,IT
42295,,,Unassigned,IANA,IT
42296,,,Unassigned,IANA,IT
42297,,,Unassigned,IANA,IT
42298,,,Unassigned,IANA,IT
42299,,,Unassigned,IANA,IT
42300,,,Unassigned,IANA,IT
42301,,,Unassigned,IANA,IT
42302,,,Unassigned,IANA,IT
42303,,,Unassigned,IANA,IT
42304,,,Unassigned,IANA,IT
42305,,,Unassigned,IANA,IT
42306,,,Unassigned,IANA,IT
42307,,,Unassigned,IANA,IT
42308,,,Unassigned,IANA,IT
42309,,,Unassigned,IANA,IT
42310,,,Unassigned,IANA,IT
42311,,,Unassigned,IANA,IT
42312,,,Unassigned,IANA,IT
42313,,,Unassigned,IANA,IT
42314,,,Unassigned,IANA,IT
42315,,,Unassigned,IANA,IT
42316,,,Unassigned,IANA,IT
42317,,,Unassigned,IANA,IT
42318,,,Unassigned,IANA,IT
42319,,,Unassigned,IANA,IT
42320,,,Unassigned,IANA,IT
42321,,,Unassigned,IANA,IT
42322,,,Unassigned,IANA,IT
42323,,,Unassigned,IANA,IT
42324,,,Unassigned,IANA,IT
42325,,,Unassigned,IANA,IT
42326,,,Unassigned,IANA,IT
42327,,,Unassigned,IANA,IT
42328,,,Unassigned,IANA,IT
42329,,,Unassigned,IANA,IT
42330,,,Unassigned,IANA,IT
42331,,,Unassigned,IANA,IT
42332,,,Unassigned,IANA,IT
42333,,,Unassigned,IANA,IT
42334,,,Unassigned,IANA,IT
42335,,,Unassigned,IANA,IT
42336,,,Unassigned,IANA,IT
42337,,,Unassigned,IANA,IT
42338,,,Unassigned,IANA,IT
42339,,,Unassigned,IANA,IT
42340,,,Unassigned,IANA,IT
42341,,,Unassigned,IANA,IT
42342,,,Unassigned,IANA,IT
42343,,,Unassigned,IANA,IT
42344,,,Unassigned,IANA,IT
42345,,,Unassigned,IANA,IT
42346,,,Unassigned,IANA,IT
42347,,,Unassigned,IANA,IT
42348,,,Unassigned,IANA,IT
42349,,,Unassigned,IANA,IT
42350,,,Unassigned,IANA,IT
42351,,,Unassigned,IANA,IT
42352,,,Unassigned,IANA,IT
42353,,,Unassigned,IANA,IT
42354,,,Unassigned,IANA,IT
42355,,,Unassigned,IANA,IT
42356,,,Unassigned,IANA,IT
42357,,,Unassigned,IANA,IT
42358,,,Unassigned,IANA,IT
42359,,,Unassigned,IANA,IT
42360,,,Unassigned,IANA,IT
42361,,,Unassigned,IANA,IT
42362,,,Unassigned,IANA,IT
42363,,,Unassigned,IANA,IT
42364,,,Unassigned,IANA,IT
42365,,,Unassigned,IANA,IT
42366,,,Unassigned,IANA,IT
42367,,,Unassigned,IANA,IT
42368,,,Unassigned,IANA,IT
42369,,,Unassigned,IANA,IT
42370,,,Unassigned,IANA,IT
42371,,,Unassigned,IANA,IT
42372,,,Unassigned,IANA,IT
42373,,,Unassigned,IANA,IT
42374,,,Unassigned,IANA,IT
42375,,,Unassigned,IANA,IT
42376,,,Unassigned,IANA,IT
42377,,,Unassigned,IANA,IT
42378,,,Unassigned,IANA,IT
42379,,,Unassigned,IANA,IT
42380,,,Unassigned,IANA,IT
42381,,,Unassigned,IANA,IT
42382,,,Unassigned,IANA,IT
42383,,,Unassigned,IANA,IT
42384,,,Unassigned,IANA,IT
42385,,,Unassigned,IANA,IT
42386,,,Unassigned,IANA,IT
42387,,,Unassigned,IANA,IT
42388,,,Unassigned,IANA,IT
42389,,,Unassigned,IANA,IT
42390,,,Unassigned,IANA,IT
42391,,,Unassigned,IANA,IT
42392,,,Unassigned,IANA,IT
42393,,,Unassigned,IANA,IT
42394,,,Unassigned,IANA,IT
42395,,,Unassigned,IANA,IT
42396,,,Unassigned,IANA,IT
42397,,,Unassigned,IANA,IT
42398,,,Unassigned,IANA,IT
42399,,,Unassigned,IANA,IT
42400,,,Unassigned,IANA,IT
42401,,,Unassigned,IANA,IT
42402,,,Unassigned,IANA,IT
42403,,,Unassigned,IANA,IT
42404,,,Unassigned,IANA,IT
42405,,,Unassigned,IANA,IT
42406,,,Unassigned,IANA,IT
42407,,,Unassigned,IANA,IT
42408,,,Unassigned,IANA,IT
42409,,,Unassigned,IANA,IT
42410,,,Unassigned,IANA,IT
42411,,,Unassigned,IANA,IT
42412,,,Unassigned,IANA,IT
42413,,,Unassigned,IANA,IT
42414,,,Unassigned,IANA,IT
42415,,,Unassigned,IANA,IT
42416,,,Unassigned,IANA,IT
42417,,,Unassigned,IANA,IT
42418,,,Unassigned,IANA,IT
42419,,,Unassigned,IANA,IT
42420,,,Unassigned,IANA,IT
42421,,,Unassigned,IANA,IT
42422,,,Unassigned,IANA,IT
42423,,,Unassigned,IANA,IT
42424,,,Unassigned,IANA,IT
42425,,,Unassigned,IANA,IT
42426,,,Unassigned,IANA,IT
42427,,,Unassigned,IANA,IT
42428,,,Unassigned,IANA,IT
42429,,,Unassigned,IANA,IT
42430,,,Unassigned,IANA,IT
42431,,,Unassigned,IANA,IT
42432,,,Unassigned,IANA,IT
42433,,,Unassigned,IANA,IT
42434,,,Unassigned,IANA,IT
42435,,,Unassigned,IANA,IT
42436,,,Unassigned,IANA,IT
42437,,,Unassigned,IANA,IT
42438,,,Unassigned,IANA,IT
42439,,,Unassigned,IANA,IT
42440,,,Unassigned,IANA,IT
42441,,,Unassigned,IANA,IT
42442,,,Unassigned,IANA,IT
42443,,,Unassigned,IANA,IT
42444,,,Unassigned,IANA,IT
42445,,,Unassigned,IANA,IT
42446,,,Unassigned,IANA,IT
42447,,,Unassigned,IANA,IT
42448,,,Unassigned,IANA,IT
42449,,,Unassigned,IANA,IT
42450,,,Unassigned,IANA,IT
42451,,,Unassigned,IANA,IT
42452,,,Unassigned,IANA,IT
42453,,,Unassigned,IANA,IT
42454,,,Unassigned,IANA,IT
42455,,,Unassigned,IANA,IT
42456,,,Unassigned,IANA,IT
42457,,,Unassigned,IANA,IT
42458,,,Unassigned,IANA,IT
42459,,,Unassigned,IANA,IT
42460,,,Unassigned,IANA,IT
42461,,,Unassigned,IANA,IT
42462,,,Unassigned,IANA,IT
42463,,,Unassigned,IANA,IT
42464,,,Unassigned,IANA,IT
42465,,,Unassigned,IANA,IT
42466,,,Unassigned,IANA,IT
42467,,,Unassigned,IANA,IT
42468,,,Unassigned,IANA,IT
42469,,,Unassigned,IANA,IT
42470,,,Unassigned,IANA,IT
42471,,,Unassigned,IANA,IT
42472,,,Unassigned,IANA,IT
42473,,,Unassigned,IANA,IT
42474,,,Unassigned,IANA,IT
42475,,,Unassigned,IANA,IT
42476,,,Unassigned,IANA,IT
42477,,,Unassigned,IANA,IT
42478,,,Unassigned,IANA,IT
42479,,,Unassigned,IANA,IT
42480,,,Unassigned,IANA,IT
42481,,,Unassigned,IANA,IT
42482,,,Unassigned,IANA,IT
42483,,,Unassigned,IANA,IT
42484,,,Unassigned,IANA,IT
42485,,,Unassigned,IANA,IT
42486,,,Unassigned,IANA,IT
42487,,,Unassigned,IANA,IT
42488,,,Unassigned,IANA,IT
42489,,,Unassigned,IANA,IT
42490,,,Unassigned,IANA,IT
42491,,,Unassigned,IANA,IT
42492,,,Unassigned,IANA,IT
42493,,,Unassigned,IANA,IT
42494,,,Unassigned,IANA,IT
42495,,,Unassigned,IANA,IT
42496,,,Unassigned,IANA,IT
42497,,,Unassigned,IANA,IT
42498,,,Unassigned,IANA,IT
42499,,,Unassigned,IANA,IT
42500,,,Unassigned,IANA,IT
42501,,,Unassigned,IANA,IT
42502,,,Unassigned,IANA,IT
42503,,,Unassigned,IANA,IT
42504,,,Unassigned,IANA,IT
42505,,,Unassigned,IANA,IT
42506,,,Unassigned,IANA,IT
42507,,,Unassigned,IANA,IT
42508,candp,"tcp, udp",Computer Associates network discovery protocol,IANA,IT
42509,candrp,"tcp, udp",CA discovery response,IANA,IT
42510,caerpc,"tcp, udp",CA eTrust RPC,IANA,IT
42999,curiosity,"tcp, udp",API endpoint for search application,IANA,IT
43000,"recvr-rc-disc, recvr-rc","tcp, udp","Receiver Remote Control Discovery, Receiver Remote Control",IANA,IT
43188,reachout,"tcp, udp",REACHOUT,IANA,IT
43189,ndm-agent-port,"tcp, udp",NDM-AGENT-PORT,IANA,IT
43190,ip-provision,"tcp, udp",IP-PROVISION,IANA,IT
43191,noit-transport,"tcp, udp",Reconnoiter Agent Data Transport,IANA,IT
43210,"shaperai, shaperai-disc","tcp, udp","Shaper Automation Server Management Discovery, Shaper Automation Server Management",IANA,IT
43438,hmip-routing,"tcp, udp",HmIP LAN Routing,IANA,IT
43439,"eq3-config, eq3-update","tcp, udp","EQ3 discovery and configuration, EQ3 firmware update",IANA,IT
43440,"ew-disc-cmd, ew-mgmt","tcp, udp","Cisco EnergyWise Discovery and Command Flooding, Cisco EnergyWise Management",IANA,IT
43441,ciscocsdb,"tcp, udp",Cisco NetMgmt DB Ports,IANA,IT
44123,z-wave-tunnel,"tcp, udp",Z-Wave Secure Tunnel,IANA,IT
44321,pmcd,"tcp, udp",PCP server (pmcd),IANA,IT
44322,pmcdproxy,"tcp, udp",PCP server (pmcd) proxy,IANA,IT
44323,pmwebapi,"tcp, udp",HTTP binding for Performance Co-Pilot client API,IANA,IT
44444,cognex-dataman,"tcp, udp",Cognex DataMan Management Protocol,IANA,IT
44445,acronis-backup,"tcp, udp",Acronis Backup Gateway service port,IANA,IT
44446,,,Unassigned,IANA,IT
44447,,,Unassigned,IANA,IT
44448,,,Unassigned,IANA,IT
44449,,,Unassigned,IANA,IT
44450,,,Unassigned,IANA,IT
44451,,,Unassigned,IANA,IT
44452,,,Unassigned,IANA,IT
44453,,,Unassigned,IANA,IT
44454,,,Unassigned,IANA,IT
44455,,,Unassigned,IANA,IT
44456,,,Unassigned,IANA,IT
44457,,,Unassigned,IANA,IT
44458,,,Unassigned,IANA,IT
44459,,,Unassigned,IANA,IT
44460,,,Unassigned,IANA,IT
44461,,,Unassigned,IANA,IT
44462,,,Unassigned,IANA,IT
44463,,,Unassigned,IANA,IT
44464,,,Unassigned,IANA,IT
44465,,,Unassigned,IANA,IT
44466,,,Unassigned,IANA,IT
44467,,,Unassigned,IANA,IT
44468,,,Unassigned,IANA,IT
44469,,,Unassigned,IANA,IT
44470,,,Unassigned,IANA,IT
44471,,,Unassigned,IANA,IT
44472,,,Unassigned,IANA,IT
44473,,,Unassigned,IANA,IT
44474,,,Unassigned,IANA,IT
44475,,,Unassigned,IANA,IT
44476,,,Unassigned,IANA,IT
44477,,,Unassigned,IANA,IT
44478,,,Unassigned,IANA,IT
44479,,,Unassigned,IANA,IT
44480,,,Unassigned,IANA,IT
44481,,,Unassigned,IANA,IT
44482,,,Unassigned,IANA,IT
44483,,,Unassigned,IANA,IT
44484,,,Unassigned,IANA,IT
44485,,,Unassigned,IANA,IT
44486,,,Unassigned,IANA,IT
44487,,,Unassigned,IANA,IT
44488,,,Unassigned,IANA,IT
44489,,,Unassigned,IANA,IT
44490,,,Unassigned,IANA,IT
44491,,,Unassigned,IANA,IT
44492,,,Unassigned,IANA,IT
44493,,,Unassigned,IANA,IT
44494,,,Unassigned,IANA,IT
44495,,,Unassigned,IANA,IT
44496,,,Unassigned,IANA,IT
44497,,,Unassigned,IANA,IT
44498,,,Unassigned,IANA,IT
44499,,,Unassigned,IANA,IT
44500,,,Unassigned,IANA,IT
44501,,,Unassigned,IANA,IT
44502,,,Unassigned,IANA,IT
44503,,,Unassigned,IANA,IT
44504,,,Unassigned,IANA,IT
44505,,,Unassigned,IANA,IT
44506,,,Unassigned,IANA,IT
44507,,,Unassigned,IANA,IT
44508,,,Unassigned,IANA,IT
44509,,,Unassigned,IANA,IT
44510,,,Unassigned,IANA,IT
44511,,,Unassigned,IANA,IT
44512,,,Unassigned,IANA,IT
44513,,,Unassigned,IANA,IT
44514,,,Unassigned,IANA,IT
44515,,,Unassigned,IANA,IT
44516,,,Unassigned,IANA,IT
44517,,,Unassigned,IANA,IT
44518,,,Unassigned,IANA,IT
44519,,,Unassigned,IANA,IT
44520,,,Unassigned,IANA,IT
44521,,,Unassigned,IANA,IT
44522,,,Unassigned,IANA,IT
44523,,,Unassigned,IANA,IT
44524,,,Unassigned,IANA,IT
44525,,,Unassigned,IANA,IT
44526,,,Unassigned,IANA,IT
44527,,,Unassigned,IANA,IT
44528,,,Unassigned,IANA,IT
44529,,,Unassigned,IANA,IT
44530,,,Unassigned,IANA,IT
44531,,,Unassigned,IANA,IT
44532,,,Unassigned,IANA,IT
44533,,,Unassigned,IANA,IT
44534,,,Unassigned,IANA,IT
44535,,,Unassigned,IANA,IT
44536,,,Unassigned,IANA,IT
44537,,,Unassigned,IANA,IT
44538,,,Unassigned,IANA,IT
44539,,,Unassigned,IANA,IT
44540,,,Unassigned,IANA,IT
44541,,,Unassigned,IANA,IT
44542,,,Unassigned,IANA,IT
44543,,,Unassigned,IANA,IT
44544,domiq,"tcp, udp",DOMIQ Building Automation,IANA,IT
44553,rbr-debug,"tcp, udp",REALbasic Remote Debug,IANA,IT
44600,asihpi,"tcp, udp",AudioScience HPI,IANA,IT
44818,EtherNet/IP,"tcp, udp",EtherNet/IP,https://github.com/ITI/ICS-Security-Tools/tree/master/protocols,ICS
44900,"m3da, m3da-disc","tcp, udp","M3DA Discovery is used for efficient machine-to-machine communications, M3DA is used for efficient machine-to-machine communications",IANA,IT
45000,"asmp-mon, asmp","tcp, udp","Nuance AutoStore Status Monitoring Protocol (data transfer), Nuance AutoStore Status Monitoring Protocol (device monitoring)",IANA,IT
45001,asmps,"tcp, udp",Nuance AutoStore Status Monitoring Protocol (secure data transfer),IANA,IT
45002,rs-status,"tcp, udp",Redspeed Status Monitor,IANA,IT
45045,synctest,"tcp, udp",Remote application control protocol,IANA,IT
45054,invision-ag,"tcp, udp",InVision AG,IANA,IT
45185,witsnet,"tcp, udp",Wire and Wireless transfer on synchroniz,IANA,IT
45514,"cloudcheck, cloudcheck-ping","tcp, udp","ASSIA CloudCheck WiFi Management System, ASSIA CloudCheck WiFi Management keepalive",IANA,IT
45678,"eba, Foxboro/Invensys Foxboro DCS AIMAPI","tcp, udp","EBA PRISE, Foxboro/Invensys Foxboro DCS AIMAPI","IANA, https://github.com/ITI/ICS-Security-Tools/tree/master/protocols","IT, ICS"
45824,dai-shell,"tcp, udp",Server for the DAI family of client-server products,IANA,IT
45825,qdb2service,"tcp, udp",Qpuncture Data Access Service,IANA,IT
45966,ssr-servermgr,"tcp, udp",SSRServerMgr,IANA,IT
46336,inedo,"tcp, udp",Listen port used for Inedo agent communication,IANA,IT
46998,spremotetablet,"tcp, udp",Connection between a desktop computer or server and a signature tablet to capture handwritten signatures,IANA,IT
46999,mediabox,"tcp, udp",MediaBox Server,IANA,IT
47000,mbus,"tcp, udp",Message Bus,IANA,IT
47001,winrm,"tcp, udp",Windows Remote Management Service,IANA,IT
47100,jvl-mactalk,"tcp, udp",Configuration of motors connected to Industrial Ethernet,IANA,IT
47557,dbbrowse,"tcp, udp",Databeam Corporation,IANA,IT
47624,directplaysrvr,"tcp, udp",Direct Play Server,IANA,IT
47806,ap,"tcp, udp",ALC Protocol,IANA,IT
47808,bacnet,"tcp, udp",Building Automation and Control Networks,IANA,ICS
47809,presonus-ucnet,"tcp, udp",PreSonus Universal Control Network Protocol,IANA,IT
48000,nimcontroller,"tcp, udp",Nimbus Controller,IANA,IT
48001,nimspooler,"tcp, udp",Nimbus Spooler,IANA,IT
48002,nimhub,"tcp, udp",Nimbus Hub,IANA,IT
48003,nimgtw,"tcp, udp",Nimbus Gateway,IANA,IT
48004,nimbusdb,"tcp, udp",NimbusDB Connector,IANA,IT
48005,nimbusdbctrl,"tcp, udp",NimbusDB Control,IANA,IT
48048,juka,"tcp, udp",Juliar Programming Language Protocol,IANA,IT
48049,3gpp-cbsp,"tcp, udp",3GPP Cell Broadcast Service Protocol,IANA,IT
48050,weandsf,"tcp, udp",WeFi Access Network Discovery and Selection Function,IANA,IT
48128,isnetserv,"tcp, udp",Image Systems Network Services,IANA,IT
48129,blp5,"tcp, udp",Bloomberg locator,IANA,IT
48556,com-bardac-dw,"tcp, udp",com-bardac-dw,IANA,IT
48619,iqobject,"tcp, udp",iqobject,IANA,IT
48653,robotraconteur,"tcp, udp",Robot Raconteur transport,IANA,IT
49000,matahari,"tcp, udp",Matahari Broker,IANA,IT
49001,"nusdp-disc, nusrp","tcp, udp","Nuance Unity Service Discovery Protocol, Nuance Unity Service Request Protocol",IANA,IT
49150,inspider,"tcp, udp",InSpider System,IANA,IT
50001,Siemens Spectrum Power TG,tcp,Siemens Spectrum Power TG,https://github.com/ITI/ICS-Security-Tools/tree/master/protocols,ICS
50002,Siemens Spectrum Power TG,tcp,Siemens Spectrum Power TG,https://github.com/ITI/ICS-Security-Tools/tree/master/protocols,ICS
50003,Siemens Spectrum Power TG,tcp,Siemens Spectrum Power TG,https://github.com/ITI/ICS-Security-Tools/tree/master/protocols,ICS
50004,Siemens Spectrum Power TG,tcp,Siemens Spectrum Power TG,https://github.com/ITI/ICS-Security-Tools/tree/master/protocols,ICS
50005,Siemens Spectrum Power TG,tcp,Siemens Spectrum Power TG,https://github.com/ITI/ICS-Security-Tools/tree/master/protocols,ICS
50006,Siemens Spectrum Power TG,tcp,Siemens Spectrum Power TG,https://github.com/ITI/ICS-Security-Tools/tree/master/protocols,ICS
50007,Siemens Spectrum Power TG,tcp,Siemens Spectrum Power TG,https://github.com/ITI/ICS-Security-Tools/tree/master/protocols,ICS
50008,Siemens Spectrum Power TG,tcp,Siemens Spectrum Power TG,https://github.com/ITI/ICS-Security-Tools/tree/master/protocols,ICS
50009,Siemens Spectrum Power TG,tcp,Siemens Spectrum Power TG,https://github.com/ITI/ICS-Security-Tools/tree/master/protocols,ICS
50010,Siemens Spectrum Power TG,tcp,Siemens Spectrum Power TG,https://github.com/ITI/ICS-Security-Tools/tree/master/protocols,ICS
50011,Siemens Spectrum Power TG,tcp,Siemens Spectrum Power TG,https://github.com/ITI/ICS-Security-Tools/tree/master/protocols,ICS
50012,Siemens Spectrum Power TG,tcp,Siemens Spectrum Power TG,https://github.com/ITI/ICS-Security-Tools/tree/master/protocols,ICS
50013,Siemens Spectrum Power TG,tcp,Siemens Spectrum Power TG,https://github.com/ITI/ICS-Security-Tools/tree/master/protocols,ICS
50014,Siemens Spectrum Power TG,tcp,Siemens Spectrum Power TG,https://github.com/ITI/ICS-Security-Tools/tree/master/protocols,ICS
50015,Siemens Spectrum Power TG,tcp,Siemens Spectrum Power TG,https://github.com/ITI/ICS-Security-Tools/tree/master/protocols,ICS
50016,Siemens Spectrum Power TG,tcp,Siemens Spectrum Power TG,https://github.com/ITI/ICS-Security-Tools/tree/master/protocols,ICS
50018,Siemens Spectrum Power TG,tcp,Siemens Spectrum Power TG,https://github.com/ITI/ICS-Security-Tools/tree/master/protocols,ICS
50019,Siemens Spectrum Power TG,tcp,Siemens Spectrum Power TG,https://github.com/ITI/ICS-Security-Tools/tree/master/protocols,ICS
50020,Siemens Spectrum Power TG,"tcp, udp",Siemens Spectrum Power TG,https://github.com/ITI/ICS-Security-Tools/tree/master/protocols,ICS
50021,Siemens Spectrum Power TG,udp,Siemens Spectrum Power TG,https://github.com/ITI/ICS-Security-Tools/tree/master/protocols,ICS
50025,Siemens Spectrum Power TG,tcp,Siemens Spectrum Power TG,https://github.com/ITI/ICS-Security-Tools/tree/master/protocols,ICS
50026,Siemens Spectrum Power TG,tcp,Siemens Spectrum Power TG,https://github.com/ITI/ICS-Security-Tools/tree/master/protocols,ICS
50027,Siemens Spectrum Power TG,tcp,Siemens Spectrum Power TG,https://github.com/ITI/ICS-Security-Tools/tree/master/protocols,ICS
50028,Siemens Spectrum Power TG,tcp,Siemens Spectrum Power TG,https://github.com/ITI/ICS-Security-Tools/tree/master/protocols,ICS
50110,Siemens Spectrum Power TG,tcp,Siemens Spectrum Power TG,https://github.com/ITI/ICS-Security-Tools/tree/master/protocols,ICS
50111,Siemens Spectrum Power TG,tcp,Siemens Spectrum Power TG,https://github.com/ITI/ICS-Security-Tools/tree/master/protocols,ICS
55000,FL-net Reception,udp,FL-net Reception,https://github.com/ITI/ICS-Security-Tools/tree/master/protocols,ICS
55001,FL-net Reception,udp,FL-net Reception,https://github.com/ITI/ICS-Security-Tools/tree/master/protocols,ICS
55002,FL-net Reception,udp,FL-net Reception,https://github.com/ITI/ICS-Security-Tools/tree/master/protocols,ICS
55003,FL-net Transmission,udp,FL-net Transmission,https://github.com/ITI/ICS-Security-Tools/tree/master/protocols,ICS
55555,Foxboor/Invensys Foxboro DCS FoxAPI,"tcp, udp",Foxboor/Invensys Foxboro DCS FoxAPI,https://github.com/ITI/ICS-Security-Tools/tree/master/protocols,ICS
56001,Telvent OASyS DNA,tcp,Telvent OASyS DNA,https://github.com/ITI/ICS-Security-Tools/tree/master/protocols,ICS
56002,Telvent OASyS DNA,tcp,Telvent OASyS DNA,https://github.com/ITI/ICS-Security-Tools/tree/master/protocols,ICS
56003,Telvent OASyS DNA,tcp,Telvent OASyS DNA,https://github.com/ITI/ICS-Security-Tools/tree/master/protocols,ICS
56004,Telvent OASyS DNA,tcp,Telvent OASyS DNA,https://github.com/ITI/ICS-Security-Tools/tree/master/protocols,ICS
56005,Telvent OASyS DNA,tcp,Telvent OASyS DNA,https://github.com/ITI/ICS-Security-Tools/tree/master/protocols,ICS
56006,Telvent OASyS DNA,tcp,Telvent OASyS DNA,https://github.com/ITI/ICS-Security-Tools/tree/master/protocols,ICS
56007,Telvent OASyS DNA,tcp,Telvent OASyS DNA,https://github.com/ITI/ICS-Security-Tools/tree/master/protocols,ICS
56008,Telvent OASyS DNA,tcp,Telvent OASyS DNA,https://github.com/ITI/ICS-Security-Tools/tree/master/protocols,ICS
56009,Telvent OASyS DNA,tcp,Telvent OASyS DNA,https://github.com/ITI/ICS-Security-Tools/tree/master/protocols,ICS
56010,Telvent OASyS DNA,tcp,Telvent OASyS DNA,https://github.com/ITI/ICS-Security-Tools/tree/master/protocols,ICS
56011,Telvent OASyS DNA,tcp,Telvent OASyS DNA,https://github.com/ITI/ICS-Security-Tools/tree/master/protocols,ICS
56012,Telvent OASyS DNA,tcp,Telvent OASyS DNA,https://github.com/ITI/ICS-Security-Tools/tree/master/protocols,ICS
56013,Telvent OASyS DNA,tcp,Telvent OASyS DNA,https://github.com/ITI/ICS-Security-Tools/tree/master/protocols,ICS
56014,Telvent OASyS DNA,tcp,Telvent OASyS DNA,https://github.com/ITI/ICS-Security-Tools/tree/master/protocols,ICS
56015,Telvent OASyS DNA,tcp,Telvent OASyS DNA,https://github.com/ITI/ICS-Security-Tools/tree/master/protocols,ICS
56016,Telvent OASyS DNA,tcp,Telvent OASyS DNA,https://github.com/ITI/ICS-Security-Tools/tree/master/protocols,ICS
56017,Telvent OASyS DNA,tcp,Telvent OASyS DNA,https://github.com/ITI/ICS-Security-Tools/tree/master/protocols,ICS
56018,Telvent OASyS DNA,tcp,Telvent OASyS DNA,https://github.com/ITI/ICS-Security-Tools/tree/master/protocols,ICS
56019,Telvent OASyS DNA,tcp,Telvent OASyS DNA,https://github.com/ITI/ICS-Security-Tools/tree/master/protocols,ICS
56020,Telvent OASyS DNA,tcp,Telvent OASyS DNA,https://github.com/ITI/ICS-Security-Tools/tree/master/protocols,ICS
56021,Telvent OASyS DNA,tcp,Telvent OASyS DNA,https://github.com/ITI/ICS-Security-Tools/tree/master/protocols,ICS
56022,Telvent OASyS DNA,tcp,Telvent OASyS DNA,https://github.com/ITI/ICS-Security-Tools/tree/master/protocols,ICS
56023,Telvent OASyS DNA,tcp,Telvent OASyS DNA,https://github.com/ITI/ICS-Security-Tools/tree/master/protocols,ICS
56024,Telvent OASyS DNA,tcp,Telvent OASyS DNA,https://github.com/ITI/ICS-Security-Tools/tree/master/protocols,ICS
56025,Telvent OASyS DNA,tcp,Telvent OASyS DNA,https://github.com/ITI/ICS-Security-Tools/tree/master/protocols,ICS
56026,Telvent OASyS DNA,tcp,Telvent OASyS DNA,https://github.com/ITI/ICS-Security-Tools/tree/master/protocols,ICS
56027,Telvent OASyS DNA,tcp,Telvent OASyS DNA,https://github.com/ITI/ICS-Security-Tools/tree/master/protocols,ICS
56028,Telvent OASyS DNA,tcp,Telvent OASyS DNA,https://github.com/ITI/ICS-Security-Tools/tree/master/protocols,ICS
56029,Telvent OASyS DNA,tcp,Telvent OASyS DNA,https://github.com/ITI/ICS-Security-Tools/tree/master/protocols,ICS
56030,Telvent OASyS DNA,tcp,Telvent OASyS DNA,https://github.com/ITI/ICS-Security-Tools/tree/master/protocols,ICS
56031,Telvent OASyS DNA,tcp,Telvent OASyS DNA,https://github.com/ITI/ICS-Security-Tools/tree/master/protocols,ICS
56032,Telvent OASyS DNA,tcp,Telvent OASyS DNA,https://github.com/ITI/ICS-Security-Tools/tree/master/protocols,ICS
56033,Telvent OASyS DNA,tcp,Telvent OASyS DNA,https://github.com/ITI/ICS-Security-Tools/tree/master/protocols,ICS
56034,Telvent OASyS DNA,tcp,Telvent OASyS DNA,https://github.com/ITI/ICS-Security-Tools/tree/master/protocols,ICS
56035,Telvent OASyS DNA,tcp,Telvent OASyS DNA,https://github.com/ITI/ICS-Security-Tools/tree/master/protocols,ICS
56036,Telvent OASyS DNA,tcp,Telvent OASyS DNA,https://github.com/ITI/ICS-Security-Tools/tree/master/protocols,ICS
56037,Telvent OASyS DNA,tcp,Telvent OASyS DNA,https://github.com/ITI/ICS-Security-Tools/tree/master/protocols,ICS
56038,Telvent OASyS DNA,tcp,Telvent OASyS DNA,https://github.com/ITI/ICS-Security-Tools/tree/master/protocols,ICS
56039,Telvent OASyS DNA,tcp,Telvent OASyS DNA,https://github.com/ITI/ICS-Security-Tools/tree/master/protocols,ICS
56040,Telvent OASyS DNA,tcp,Telvent OASyS DNA,https://github.com/ITI/ICS-Security-Tools/tree/master/protocols,ICS
56041,Telvent OASyS DNA,tcp,Telvent OASyS DNA,https://github.com/ITI/ICS-Security-Tools/tree/master/protocols,ICS
56042,Telvent OASyS DNA,tcp,Telvent OASyS DNA,https://github.com/ITI/ICS-Security-Tools/tree/master/protocols,ICS
56043,Telvent OASyS DNA,tcp,Telvent OASyS DNA,https://github.com/ITI/ICS-Security-Tools/tree/master/protocols,ICS
56044,Telvent OASyS DNA,tcp,Telvent OASyS DNA,https://github.com/ITI/ICS-Security-Tools/tree/master/protocols,ICS
56045,Telvent OASyS DNA,tcp,Telvent OASyS DNA,https://github.com/ITI/ICS-Security-Tools/tree/master/protocols,ICS
56046,Telvent OASyS DNA,tcp,Telvent OASyS DNA,https://github.com/ITI/ICS-Security-Tools/tree/master/protocols,ICS
56047,Telvent OASyS DNA,tcp,Telvent OASyS DNA,https://github.com/ITI/ICS-Security-Tools/tree/master/protocols,ICS
56048,Telvent OASyS DNA,tcp,Telvent OASyS DNA,https://github.com/ITI/ICS-Security-Tools/tree/master/protocols,ICS
56049,Telvent OASyS DNA,tcp,Telvent OASyS DNA,https://github.com/ITI/ICS-Security-Tools/tree/master/protocols,ICS
56050,Telvent OASyS DNA,tcp,Telvent OASyS DNA,https://github.com/ITI/ICS-Security-Tools/tree/master/protocols,ICS
56051,Telvent OASyS DNA,tcp,Telvent OASyS DNA,https://github.com/ITI/ICS-Security-Tools/tree/master/protocols,ICS
56052,Telvent OASyS DNA,tcp,Telvent OASyS DNA,https://github.com/ITI/ICS-Security-Tools/tree/master/protocols,ICS
56053,Telvent OASyS DNA,tcp,Telvent OASyS DNA,https://github.com/ITI/ICS-Security-Tools/tree/master/protocols,ICS
56054,Telvent OASyS DNA,tcp,Telvent OASyS DNA,https://github.com/ITI/ICS-Security-Tools/tree/master/protocols,ICS
56055,Telvent OASyS DNA,tcp,Telvent OASyS DNA,https://github.com/ITI/ICS-Security-Tools/tree/master/protocols,ICS
56056,Telvent OASyS DNA,tcp,Telvent OASyS DNA,https://github.com/ITI/ICS-Security-Tools/tree/master/protocols,ICS
56057,Telvent OASyS DNA,tcp,Telvent OASyS DNA,https://github.com/ITI/ICS-Security-Tools/tree/master/protocols,ICS
56058,Telvent OASyS DNA,tcp,Telvent OASyS DNA,https://github.com/ITI/ICS-Security-Tools/tree/master/protocols,ICS
56059,Telvent OASyS DNA,tcp,Telvent OASyS DNA,https://github.com/ITI/ICS-Security-Tools/tree/master/protocols,ICS
56060,Telvent OASyS DNA,tcp,Telvent OASyS DNA,https://github.com/ITI/ICS-Security-Tools/tree/master/protocols,ICS
56061,Telvent OASyS DNA,tcp,Telvent OASyS DNA,https://github.com/ITI/ICS-Security-Tools/tree/master/protocols,ICS
56062,Telvent OASyS DNA,tcp,Telvent OASyS DNA,https://github.com/ITI/ICS-Security-Tools/tree/master/protocols,ICS
56063,Telvent OASyS DNA,tcp,Telvent OASyS DNA,https://github.com/ITI/ICS-Security-Tools/tree/master/protocols,ICS
56064,Telvent OASyS DNA,tcp,Telvent OASyS DNA,https://github.com/ITI/ICS-Security-Tools/tree/master/protocols,ICS
56065,Telvent OASyS DNA,tcp,Telvent OASyS DNA,https://github.com/ITI/ICS-Security-Tools/tree/master/protocols,ICS
56066,Telvent OASyS DNA,tcp,Telvent OASyS DNA,https://github.com/ITI/ICS-Security-Tools/tree/master/protocols,ICS
56067,Telvent OASyS DNA,tcp,Telvent OASyS DNA,https://github.com/ITI/ICS-Security-Tools/tree/master/protocols,ICS
56068,Telvent OASyS DNA,tcp,Telvent OASyS DNA,https://github.com/ITI/ICS-Security-Tools/tree/master/protocols,ICS
56069,Telvent OASyS DNA,tcp,Telvent OASyS DNA,https://github.com/ITI/ICS-Security-Tools/tree/master/protocols,ICS
56070,Telvent OASyS DNA,tcp,Telvent OASyS DNA,https://github.com/ITI/ICS-Security-Tools/tree/master/protocols,ICS
56071,Telvent OASyS DNA,tcp,Telvent OASyS DNA,https://github.com/ITI/ICS-Security-Tools/tree/master/protocols,ICS
56072,Telvent OASyS DNA,tcp,Telvent OASyS DNA,https://github.com/ITI/ICS-Security-Tools/tree/master/protocols,ICS
56073,Telvent OASyS DNA,tcp,Telvent OASyS DNA,https://github.com/ITI/ICS-Security-Tools/tree/master/protocols,ICS
56074,Telvent OASyS DNA,tcp,Telvent OASyS DNA,https://github.com/ITI/ICS-Security-Tools/tree/master/protocols,ICS
56075,Telvent OASyS DNA,tcp,Telvent OASyS DNA,https://github.com/ITI/ICS-Security-Tools/tree/master/protocols,ICS
56076,Telvent OASyS DNA,tcp,Telvent OASyS DNA,https://github.com/ITI/ICS-Security-Tools/tree/master/protocols,ICS
56077,Telvent OASyS DNA,tcp,Telvent OASyS DNA,https://github.com/ITI/ICS-Security-Tools/tree/master/protocols,ICS
56078,Telvent OASyS DNA,tcp,Telvent OASyS DNA,https://github.com/ITI/ICS-Security-Tools/tree/master/protocols,ICS
56079,Telvent OASyS DNA,tcp,Telvent OASyS DNA,https://github.com/ITI/ICS-Security-Tools/tree/master/protocols,ICS
56080,Telvent OASyS DNA,tcp,Telvent OASyS DNA,https://github.com/ITI/ICS-Security-Tools/tree/master/protocols,ICS
56081,Telvent OASyS DNA,tcp,Telvent OASyS DNA,https://github.com/ITI/ICS-Security-Tools/tree/master/protocols,ICS
56082,Telvent OASyS DNA,tcp,Telvent OASyS DNA,https://github.com/ITI/ICS-Security-Tools/tree/master/protocols,ICS
56083,Telvent OASyS DNA,tcp,Telvent OASyS DNA,https://github.com/ITI/ICS-Security-Tools/tree/master/protocols,ICS
56084,Telvent OASyS DNA,tcp,Telvent OASyS DNA,https://github.com/ITI/ICS-Security-Tools/tree/master/protocols,ICS
56085,Telvent OASyS DNA,tcp,Telvent OASyS DNA,https://github.com/ITI/ICS-Security-Tools/tree/master/protocols,ICS
56086,Telvent OASyS DNA,tcp,Telvent OASyS DNA,https://github.com/ITI/ICS-Security-Tools/tree/master/protocols,ICS
56087,Telvent OASyS DNA,tcp,Telvent OASyS DNA,https://github.com/ITI/ICS-Security-Tools/tree/master/protocols,ICS
56088,Telvent OASyS DNA,tcp,Telvent OASyS DNA,https://github.com/ITI/ICS-Security-Tools/tree/master/protocols,ICS
56089,Telvent OASyS DNA,tcp,Telvent OASyS DNA,https://github.com/ITI/ICS-Security-Tools/tree/master/protocols,ICS
56090,Telvent OASyS DNA,tcp,Telvent OASyS DNA,https://github.com/ITI/ICS-Security-Tools/tree/master/protocols,ICS
56091,Telvent OASyS DNA,tcp,Telvent OASyS DNA,https://github.com/ITI/ICS-Security-Tools/tree/master/protocols,ICS
56092,Telvent OASyS DNA,tcp,Telvent OASyS DNA,https://github.com/ITI/ICS-Security-Tools/tree/master/protocols,ICS
56093,Telvent OASyS DNA,tcp,Telvent OASyS DNA,https://github.com/ITI/ICS-Security-Tools/tree/master/protocols,ICS
56094,Telvent OASyS DNA,tcp,Telvent OASyS DNA,https://github.com/ITI/ICS-Security-Tools/tree/master/protocols,ICS
56095,Telvent OASyS DNA,tcp,Telvent OASyS DNA,https://github.com/ITI/ICS-Security-Tools/tree/master/protocols,ICS
56096,Telvent OASyS DNA,tcp,Telvent OASyS DNA,https://github.com/ITI/ICS-Security-Tools/tree/master/protocols,ICS
56097,Telvent OASyS DNA,tcp,Telvent OASyS DNA,https://github.com/ITI/ICS-Security-Tools/tree/master/protocols,ICS
56098,Telvent OASyS DNA,tcp,Telvent OASyS DNA,https://github.com/ITI/ICS-Security-Tools/tree/master/protocols,ICS
56099,Telvent OASyS DNA,tcp,Telvent OASyS DNA,https://github.com/ITI/ICS-Security-Tools/tree/master/protocols,ICS
62900,SNC GENe,tcp,SNC GENe,https://github.com/ITI/ICS-Security-Tools/tree/master/protocols,ICS
62911,SNC GENe,tcp,SNC GENe,https://github.com/ITI/ICS-Security-Tools/tree/master/protocols,ICS
62924,SNC GENe,tcp,SNC GENe,https://github.com/ITI/ICS-Security-Tools/tree/master/protocols,ICS
62930,SNC GENe,tcp,SNC GENe,https://github.com/ITI/ICS-Security-Tools/tree/master/protocols,ICS
62938,SNC GENe,tcp,SNC GENe,https://github.com/ITI/ICS-Security-Tools/tree/master/protocols,ICS
62956,SNC GENe,tcp,SNC GENe,https://github.com/ITI/ICS-Security-Tools/tree/master/protocols,ICS
62957,SNC GENe,tcp,SNC GENe,https://github.com/ITI/ICS-Security-Tools/tree/master/protocols,ICS
62963,SNC GENe,tcp,SNC GENe,https://github.com/ITI/ICS-Security-Tools/tree/master/protocols,ICS
62981,SNC GENe,tcp,SNC GENe,https://github.com/ITI/ICS-Security-Tools/tree/master/protocols,ICS
62982,SNC GENe,tcp,SNC GENe,https://github.com/ITI/ICS-Security-Tools/tree/master/protocols,ICS
62985,SNC GENe,tcp,SNC GENe,https://github.com/ITI/ICS-Security-Tools/tree/master/protocols,ICS
62992,SNC GENe,tcp,SNC GENe,https://github.com/ITI/ICS-Security-Tools/tree/master/protocols,ICS
63012,SNC GENe,tcp,SNC GENe,https://github.com/ITI/ICS-Security-Tools/tree/master/protocols,ICS
63027,SNC GENe,tcp,SNC GENe,https://github.com/ITI/ICS-Security-Tools/tree/master/protocols,ICS
63028,SNC GENe,tcp,SNC GENe,https://github.com/ITI/ICS-Security-Tools/tree/master/protocols,ICS
63029,SNC GENe,tcp,SNC GENe,https://github.com/ITI/ICS-Security-Tools/tree/master/protocols,ICS
63030,SNC GENe,tcp,SNC GENe,https://github.com/ITI/ICS-Security-Tools/tree/master/protocols,ICS
63031,SNC GENe,tcp,SNC GENe,https://github.com/ITI/ICS-Security-Tools/tree/master/protocols,ICS
63032,SNC GENe,tcp,SNC GENe,https://github.com/ITI/ICS-Security-Tools/tree/master/protocols,ICS
63033,SNC GENe,tcp,SNC GENe,https://github.com/ITI/ICS-Security-Tools/tree/master/protocols,ICS
63034,SNC GENe,tcp,SNC GENe,https://github.com/ITI/ICS-Security-Tools/tree/master/protocols,ICS
63035,SNC GENe,tcp,SNC GENe,https://github.com/ITI/ICS-Security-Tools/tree/master/protocols,ICS
63036,SNC GENe,tcp,SNC GENe,https://github.com/ITI/ICS-Security-Tools/tree/master/protocols,ICS
63041,SNC GENe,tcp,SNC GENe,https://github.com/ITI/ICS-Security-Tools/tree/master/protocols,ICS
63075,SNC GENe,tcp,SNC GENe,https://github.com/ITI/ICS-Security-Tools/tree/master/protocols,ICS
63079,SNC GENe,tcp,SNC GENe,https://github.com/ITI/ICS-Security-Tools/tree/master/protocols,ICS
63082,SNC GENe,tcp,SNC GENe,https://github.com/ITI/ICS-Security-Tools/tree/master/protocols,ICS
63088,SNC GENe,tcp,SNC GENe,https://github.com/ITI/ICS-Security-Tools/tree/master/protocols,ICS
63094,SNC GENe,tcp,SNC GENe,https://github.com/ITI/ICS-Security-Tools/tree/master/protocols,ICS
65443,SNC GENe,tcp,SNC GENe,https://github.com/ITI/ICS-Security-Tools/tree/master/protocols,ICS
